{"type":"FeatureCollection","features":[{"type":"Feature","properties":{"emd":"낭성면","gu":"상당구","adm_cd2":"4311131000","centroid":[127.59732,36.63013]},"geometry":{"type":"MultiPolygon","coordinates":[[[[127.58563,36.68375],[127.58586,36.68273],[127.58689,36.68177],[127.58783,36.68158],[127.59052,36.68034],[127.59543,36.67788],[127.59677,36.67686],[127.59782,36.67563],[127.59765,36.67483],[127.59703,36.67246],[127.5969,36.66996],[127.59757,36.66726],[127.59824,36.6668],[127.59927,36.66615],[127.60023,36.66467],[127.60061,36.66387],[127.60086,36.6619],[127.60112,36.66023],[127.60423,36.65846],[127.6028,36.65644],[127.60334,36.65466],[127.60959,36.64849],[127.61042,36.6481],[127.6124,36.64789],[127.61424,36.64801],[127.61645,36.64843],[127.61784,36.64852],[127.62033,36.64736],[127.62292,36.64577],[127.62409,36.64575],[127.6249,36.64573],[127.62591,36.64514],[127.62785,36.64345],[127.63256,36.64192],[127.63288,36.64094],[127.63404,36.63994],[127.63514,36.63973],[127.63667,36.63924],[127.63854,36.63754],[127.64047,36.63432],[127.6425,36.63252],[127.64664,36.62781],[127.64647,36.62623],[127.64585,36.62377],[127.64451,36.62218],[127.64452,36.62112],[127.64493,36.61905],[127.64599,36.61663],[127.64713,36.61661],[127.64891,36.61664],[127.64903,36.61555],[127.64885,36.61463],[127.64792,36.61175],[127.64599,36.60888],[127.64626,36.60661],[127.64413,36.60564],[127.64356,36.60527],[127.64181,36.60336],[127.64151,36.60269],[127.64121,36.60192],[127.63897,36.60065],[127.63826,36.60036],[127.63718,36.60033],[127.63615,36.60017],[127.63559,36.59998],[127.63495,36.59937],[127.63361,36.59784],[127.63081,36.59341],[127.63077,36.59286],[127.63072,36.59226],[127.63121,36.5911],[127.63159,36.59055],[127.63243,36.58967],[127.63058,36.58672],[127.62554,36.58338],[127.62247,36.58156],[127.622,36.58093],[127.62221,36.57966],[127.62211,36.57911],[127.62161,36.57872],[127.62071,36.57851],[127.61977,36.57837],[127.61843,36.57816],[127.61774,36.57777],[127.6172,36.57718],[127.61586,36.57573],[127.61561,36.57471],[127.61504,36.574],[127.61462,36.57368],[127.6112,36.57617],[127.61029,36.57673],[127.60814,36.57717],[127.60732,36.57819],[127.60738,36.58013],[127.60869,36.58092],[127.60701,36.5827],[127.6056,36.58407],[127.60317,36.58584],[127.60026,36.58496],[127.59796,36.58423],[127.59684,36.58388],[127.59519,36.58364],[127.59078,36.58562],[127.58881,36.58471],[127.58368,36.58287],[127.58341,36.58315],[127.58311,36.58354],[127.58289,36.5841],[127.58224,36.58687],[127.58334,36.58813],[127.58404,36.58883],[127.58474,36.58939],[127.58523,36.59117],[127.58473,36.59249],[127.58451,36.59426],[127.58542,36.59602],[127.58573,36.5974],[127.58572,36.59886],[127.58362,36.60588],[127.58221,36.60859],[127.58005,36.61166],[127.57964,36.61222],[127.57826,36.61303],[127.57578,36.61444],[127.57639,36.61573],[127.57646,36.61674],[127.57402,36.61996],[127.57223,36.62032],[127.57031,36.62124],[127.56899,36.62191],[127.56821,36.62312],[127.56388,36.62348],[127.56091,36.62477],[127.55816,36.6268],[127.55774,36.62727],[127.55688,36.62929],[127.5564,36.63057],[127.55714,36.63081],[127.55778,36.63141],[127.5585,36.63218],[127.55735,36.63374],[127.55676,36.63449],[127.55654,36.63534],[127.55666,36.63636],[127.55715,36.63685],[127.55725,36.63739],[127.55708,36.6402],[127.55695,36.64103],[127.5555,36.64544],[127.55479,36.64629],[127.55315,36.64767],[127.55218,36.64788],[127.55027,36.64871],[127.54825,36.64828],[127.54771,36.64784],[127.54613,36.64766],[127.54529,36.64762],[127.54509,36.64853],[127.54475,36.65044],[127.54515,36.65111],[127.54587,36.65161],[127.54794,36.65364],[127.54962,36.65823],[127.55043,36.65941],[127.55209,36.66094],[127.55349,36.66267],[127.55364,36.66441],[127.55045,36.66586],[127.54905,36.66646],[127.54678,36.66742],[127.54519,36.66782],[127.54274,36.66876],[127.54361,36.66901],[127.54445,36.66961],[127.54711,36.67154],[127.54815,36.67304],[127.54921,36.67439],[127.54996,36.67376],[127.55034,36.6731],[127.5517,36.67276],[127.5555,36.67401],[127.56294,36.67425],[127.56687,36.67431],[127.56727,36.67443],[127.57039,36.67758],[127.5754,36.68113],[127.57787,36.68316],[127.57944,36.68438],[127.58117,36.68474],[127.58235,36.68494],[127.58444,36.68445],[127.58563,36.68375]]]]}},{"type":"Feature","properties":{"emd":"미원면","gu":"상당구","adm_cd2":"4311132000","centroid":[127.67688,36.65349]},"geometry":{"type":"MultiPolygon","coordinates":[[[[127.72895,36.68262],[127.72835,36.68242],[127.72713,36.68051],[127.72675,36.67862],[127.72623,36.6769],[127.72424,36.67418],[127.72246,36.67284],[127.72127,36.67209],[127.71967,36.67107],[127.71888,36.6706],[127.71821,36.6702],[127.71699,36.67014],[127.71605,36.66975],[127.71493,36.66928],[127.71289,36.66807],[127.71181,36.66508],[127.71223,36.6638],[127.7125,36.6634],[127.71339,36.66212],[127.71422,36.66108],[127.71291,36.66089],[127.71164,36.66071],[127.71183,36.66003],[127.71198,36.65764],[127.71087,36.65683],[127.70898,36.65452],[127.70947,36.65372],[127.712,36.65093],[127.71289,36.65074],[127.71433,36.65144],[127.71487,36.65164],[127.71531,36.65181],[127.71969,36.65224],[127.72363,36.6514],[127.72443,36.64964],[127.72463,36.64694],[127.72473,36.64568],[127.72696,36.64452],[127.72833,36.64406],[127.72987,36.64355],[127.73126,36.6425],[127.73375,36.63973],[127.73422,36.63945],[127.73635,36.63945],[127.73877,36.6395],[127.73862,36.63828],[127.73907,36.63579],[127.74078,36.6335],[127.74121,36.63225],[127.74123,36.6309],[127.74108,36.62966],[127.742,36.62862],[127.74506,36.62792],[127.74893,36.62647],[127.74959,36.62552],[127.74966,36.62443],[127.74974,36.62335],[127.75039,36.62161],[127.75093,36.62126],[127.75156,36.62085],[127.7551,36.61927],[127.75719,36.61818],[127.75928,36.61694],[127.76362,36.6136],[127.76406,36.61321],[127.76666,36.6094],[127.76781,36.60713],[127.76916,36.60471],[127.7698,36.60412],[127.76922,36.60384],[127.7689,36.60326],[127.76959,36.60065],[127.76957,36.59792],[127.76903,36.59344],[127.76546,36.59173],[127.76472,36.59148],[127.7642,36.5913],[127.76359,36.59112],[127.76125,36.59061],[127.75961,36.59039],[127.75527,36.5902],[127.75206,36.58854],[127.7512,36.58776],[127.75048,36.58699],[127.74928,36.58649],[127.74678,36.58554],[127.74557,36.58557],[127.74276,36.58809],[127.74207,36.58892],[127.7422,36.59043],[127.74135,36.59137],[127.74021,36.5918],[127.73981,36.59194],[127.73847,36.59242],[127.73714,36.59265],[127.73571,36.59545],[127.73745,36.59678],[127.73753,36.59803],[127.73745,36.59908],[127.73726,36.59948],[127.73696,36.59981],[127.73591,36.6003],[127.73132,36.60158],[127.7287,36.60228],[127.72768,36.60167],[127.72714,36.60088],[127.72335,36.60175],[127.72032,36.6027],[127.71598,36.60231],[127.71393,36.60188],[127.7131,36.60125],[127.71137,36.59849],[127.71138,36.59766],[127.71109,36.59735],[127.70941,36.59611],[127.70853,36.5957],[127.70662,36.59533],[127.7052,36.59522],[127.70382,36.59414],[127.70292,36.59313],[127.7028,36.59186],[127.70173,36.59091],[127.69794,36.58917],[127.69704,36.58894],[127.69457,36.58856],[127.69342,36.58878],[127.69195,36.58915],[127.69127,36.58947],[127.69079,36.58985],[127.6901,36.59036],[127.68816,36.59164],[127.68726,36.59194],[127.68647,36.59202],[127.68567,36.59203],[127.684,36.592],[127.68307,36.5918],[127.68202,36.59181],[127.68136,36.59187],[127.68048,36.59233],[127.67928,36.59484],[127.67948,36.59565],[127.67777,36.59627],[127.6758,36.5968],[127.67516,36.59689],[127.67393,36.5971],[127.67237,36.59743],[127.6701,36.59794],[127.66621,36.60009],[127.66577,36.60045],[127.6655,36.60096],[127.66529,36.60155],[127.66524,36.60217],[127.665,36.6025],[127.66429,36.60263],[127.66106,36.6028],[127.66033,36.60281],[127.65981,36.60237],[127.65949,36.60169],[127.65914,36.60143],[127.65534,36.60027],[127.65431,36.60039],[127.65365,36.60047],[127.65314,36.60085],[127.65221,36.60338],[127.65229,36.60388],[127.65222,36.60457],[127.65195,36.60488],[127.6509,36.60493],[127.64763,36.60558],[127.64699,36.6058],[127.64626,36.60661],[127.64599,36.60888],[127.64792,36.61175],[127.64885,36.61463],[127.64903,36.61555],[127.64891,36.61664],[127.64713,36.61661],[127.64599,36.61663],[127.64493,36.61905],[127.64452,36.62112],[127.64451,36.62218],[127.64585,36.62377],[127.64647,36.62623],[127.64664,36.62781],[127.6425,36.63252],[127.64047,36.63432],[127.63854,36.63754],[127.63667,36.63924],[127.63514,36.63973],[127.63404,36.63994],[127.63288,36.64094],[127.63256,36.64192],[127.62785,36.64345],[127.62591,36.64514],[127.6249,36.64573],[127.62409,36.64575],[127.62292,36.64577],[127.62033,36.64736],[127.61784,36.64852],[127.61645,36.64843],[127.61424,36.64801],[127.6124,36.64789],[127.61042,36.6481],[127.60959,36.64849],[127.60334,36.65466],[127.6028,36.65644],[127.60409,36.65826],[127.60112,36.66023],[127.60086,36.6619],[127.60061,36.66387],[127.60023,36.66467],[127.59927,36.66615],[127.59824,36.6668],[127.59757,36.66726],[127.5969,36.66996],[127.59703,36.67246],[127.59765,36.67483],[127.59782,36.67563],[127.59677,36.67686],[127.59543,36.67788],[127.59052,36.68034],[127.58783,36.68158],[127.58695,36.68176],[127.58586,36.68273],[127.58563,36.68375],[127.58662,36.68574],[127.5891,36.68768],[127.59085,36.6877],[127.59199,36.68856],[127.59237,36.69],[127.59205,36.69087],[127.5963,36.69613],[127.59764,36.69778],[127.5993,36.69858],[127.60052,36.6989],[127.60199,36.69815],[127.60547,36.6982],[127.60672,36.69934],[127.60818,36.69967],[127.6101,36.70006],[127.61081,36.70007],[127.61233,36.70011],[127.61453,36.70294],[127.61468,36.70511],[127.61724,36.70748],[127.61776,36.70745],[127.61873,36.70744],[127.62001,36.70654],[127.62094,36.70583],[127.6226,36.70497],[127.62343,36.70526],[127.62385,36.70552],[127.62401,36.70595],[127.62435,36.70624],[127.62505,36.70664],[127.62553,36.70687],[127.62693,36.70749],[127.634,36.70868],[127.6345,36.70872],[127.63513,36.70868],[127.63562,36.70858],[127.63625,36.7084],[127.63822,36.70773],[127.64135,36.7055],[127.64149,36.70505],[127.64149,36.70449],[127.64158,36.70401],[127.64206,36.70312],[127.64244,36.70268],[127.64785,36.70124],[127.65067,36.70199],[127.65465,36.70431],[127.65507,36.70457],[127.65551,36.70499],[127.65617,36.70576],[127.6563,36.70617],[127.65623,36.70665],[127.65933,36.71122],[127.66161,36.71435],[127.66223,36.71686],[127.66204,36.7172],[127.66166,36.71905],[127.66176,36.72252],[127.66198,36.72337],[127.66268,36.72525],[127.66327,36.72623],[127.66438,36.72797],[127.66476,36.72893],[127.66492,36.72978],[127.66541,36.72961],[127.66579,36.72945],[127.66609,36.72918],[127.66899,36.72608],[127.67017,36.72479],[127.67057,36.72415],[127.67096,36.72343],[127.67128,36.72304],[127.6716,36.72269],[127.67191,36.72236],[127.67225,36.72211],[127.67495,36.72078],[127.67755,36.71959],[127.67827,36.71907],[127.6787,36.7189],[127.6796,36.71897],[127.68038,36.71911],[127.68084,36.71923],[127.68137,36.71957],[127.68197,36.71995],[127.68258,36.72027],[127.68329,36.72044],[127.6859,36.72085],[127.68631,36.72076],[127.68693,36.72038],[127.68781,36.71949],[127.68798,36.71905],[127.68806,36.71841],[127.68814,36.71741],[127.68849,36.71651],[127.68877,36.71591],[127.68904,36.71547],[127.6901,36.71426],[127.69043,36.71389],[127.69216,36.71248],[127.69265,36.71215],[127.69573,36.71083],[127.69668,36.71046],[127.6976,36.71024],[127.69843,36.71035],[127.69914,36.71047],[127.69969,36.71062],[127.70014,36.71055],[127.70163,36.71009],[127.70219,36.70982],[127.70256,36.70946],[127.70298,36.7089],[127.70291,36.70801],[127.70275,36.70623],[127.70256,36.70384],[127.70367,36.70198],[127.70398,36.70173],[127.70546,36.70068],[127.70584,36.70044],[127.7064,36.70077],[127.70683,36.70103],[127.70828,36.70039],[127.70873,36.70007],[127.70976,36.69925],[127.71019,36.69883],[127.71375,36.69524],[127.71383,36.6947],[127.71369,36.69387],[127.71349,36.6925],[127.71326,36.69054],[127.71352,36.69012],[127.71433,36.68968],[127.71613,36.68888],[127.71725,36.68844],[127.71895,36.68757],[127.72071,36.68629],[127.7226,36.68475],[127.72334,36.68316],[127.72679,36.68258],[127.72895,36.68262]]]]}},{"type":"Feature","properties":{"emd":"가덕면","gu":"상당구","adm_cd2":"4311133000","centroid":[127.56267,36.56306]},"geometry":{"type":"MultiPolygon","coordinates":[[[[127.61462,36.57368],[127.6143,36.57343],[127.61364,36.57276],[127.61295,36.572],[127.61141,36.57009],[127.61135,36.56822],[127.61134,36.56741],[127.61141,36.56677],[127.61289,36.56434],[127.61386,36.56319],[127.61444,36.56256],[127.61492,36.56206],[127.61555,36.56142],[127.61614,36.56087],[127.61645,36.5603],[127.61662,36.55934],[127.61605,36.55888],[127.6141,36.55675],[127.61345,36.55512],[127.61352,36.55425],[127.61354,36.55372],[127.61249,36.55189],[127.61207,36.55138],[127.61119,36.55117],[127.60952,36.55067],[127.60861,36.55032],[127.6081,36.54977],[127.60321,36.54789],[127.60015,36.54838],[127.59881,36.54819],[127.5933,36.54512],[127.59089,36.54337],[127.58944,36.54338],[127.58908,36.54366],[127.58871,36.54384],[127.58776,36.5439],[127.58671,36.54371],[127.5858,36.5435],[127.58099,36.5421],[127.58038,36.54159],[127.58022,36.541],[127.58034,36.54029],[127.5805,36.5389],[127.57974,36.53796],[127.57841,36.53761],[127.57736,36.53775],[127.57479,36.53707],[127.57221,36.5362],[127.57089,36.53569],[127.56975,36.53479],[127.56938,36.53364],[127.56697,36.53159],[127.56518,36.5305],[127.56392,36.53067],[127.56358,36.53051],[127.56242,36.52962],[127.56176,36.52912],[127.55872,36.52743],[127.55816,36.52739],[127.55681,36.52751],[127.55501,36.52861],[127.55396,36.52936],[127.55313,36.52998],[127.55225,36.5301],[127.55126,36.53013],[127.54923,36.52921],[127.54698,36.52698],[127.54167,36.52493],[127.53799,36.52413],[127.53755,36.52422],[127.53717,36.52451],[127.53632,36.52574],[127.53611,36.5263],[127.53573,36.52671],[127.53527,36.52698],[127.53455,36.52699],[127.53381,36.52675],[127.53299,36.52644],[127.53183,36.52595],[127.52891,36.52339],[127.52726,36.52147],[127.52494,36.51925],[127.51869,36.51938],[127.51844,36.52229],[127.51748,36.52251],[127.51617,36.5222],[127.51537,36.52195],[127.51407,36.52129],[127.51251,36.52079],[127.50819,36.52449],[127.50732,36.52525],[127.50565,36.52921],[127.50447,36.53215],[127.50434,36.53668],[127.50516,36.53751],[127.50654,36.53798],[127.50712,36.53977],[127.5062,36.54225],[127.50858,36.54289],[127.50684,36.54751],[127.50537,36.54918],[127.50469,36.55061],[127.50529,36.55254],[127.50548,36.55301],[127.50577,36.55331],[127.5065,36.55374],[127.50741,36.55414],[127.50968,36.55488],[127.51057,36.55498],[127.51141,36.55437],[127.51485,36.55468],[127.51775,36.55506],[127.51851,36.55504],[127.51922,36.55502],[127.52141,36.55364],[127.52108,36.5565],[127.52104,36.55745],[127.52289,36.55775],[127.52377,36.55822],[127.52397,36.55871],[127.52423,36.55934],[127.52472,36.5604],[127.52592,36.56099],[127.52744,36.56051],[127.52908,36.55939],[127.52993,36.55796],[127.53014,36.55562],[127.53012,36.55481],[127.53023,36.55372],[127.53054,36.55316],[127.53332,36.55269],[127.53793,36.55325],[127.54338,36.55431],[127.54664,36.55514],[127.54765,36.5561],[127.54847,36.5576],[127.54845,36.55848],[127.54789,36.55966],[127.54739,36.56238],[127.54779,36.5635],[127.55042,36.56563],[127.55129,36.56564],[127.55269,36.56516],[127.55324,36.56497],[127.55458,36.56397],[127.55607,36.56396],[127.55808,36.56421],[127.56167,36.565],[127.56231,36.56664],[127.56241,36.56782],[127.56311,36.56978],[127.56453,36.57222],[127.56501,36.573],[127.56609,36.57419],[127.56715,36.57855],[127.56714,36.5808],[127.56275,36.5807],[127.56264,36.58136],[127.56264,36.58471],[127.56264,36.58726],[127.5627,36.58961],[127.56246,36.5926],[127.56022,36.5933],[127.5598,36.59409],[127.55918,36.5964],[127.55978,36.59732],[127.55898,36.59901],[127.55748,36.60107],[127.55486,36.60257],[127.55358,36.60325],[127.55224,36.60357],[127.55068,36.60366],[127.5474,36.60515],[127.54674,36.60561],[127.54629,36.60708],[127.54756,36.60866],[127.54838,36.61055],[127.54936,36.61296],[127.55048,36.6151],[127.55154,36.6162],[127.55331,36.61721],[127.55364,36.61805],[127.55437,36.62109],[127.55593,36.62481],[127.55685,36.62572],[127.55816,36.6268],[127.56091,36.62477],[127.56388,36.62348],[127.56821,36.62312],[127.56899,36.62191],[127.57031,36.62124],[127.57223,36.62032],[127.57402,36.61996],[127.57646,36.61674],[127.57639,36.61573],[127.57578,36.61444],[127.57826,36.61303],[127.57964,36.61222],[127.58005,36.61166],[127.58221,36.60859],[127.58362,36.60588],[127.58572,36.59886],[127.58573,36.5974],[127.58542,36.59602],[127.58459,36.59441],[127.58465,36.59269],[127.58522,36.59121],[127.58474,36.58939],[127.5843,36.58879],[127.58334,36.58813],[127.58224,36.58687],[127.58289,36.5841],[127.58311,36.58354],[127.58341,36.58315],[127.58368,36.58287],[127.58881,36.58471],[127.59078,36.58562],[127.59519,36.58364],[127.59684,36.58388],[127.59796,36.58423],[127.60026,36.58496],[127.60317,36.58584],[127.6056,36.58407],[127.60701,36.5827],[127.60869,36.58092],[127.60738,36.58013],[127.60732,36.57819],[127.60814,36.57717],[127.61029,36.57673],[127.6112,36.57617],[127.61462,36.57368]]]]}},{"type":"Feature","properties":{"emd":"남일면","gu":"상당구","adm_cd2":"4311134000","centroid":[127.52021,36.5748]},"geometry":{"type":"MultiPolygon","coordinates":[[[[127.50469,36.55061],[127.50408,36.55203],[127.50379,36.55251],[127.5031,36.5526],[127.50155,36.55224],[127.50081,36.55199],[127.50023,36.55161],[127.49957,36.55089],[127.49658,36.54814],[127.49217,36.5445],[127.48728,36.54526],[127.48692,36.54542],[127.48546,36.54632],[127.4858,36.54774],[127.48405,36.5518],[127.48278,36.55317],[127.48133,36.55472],[127.48035,36.55469],[127.47947,36.55681],[127.47943,36.5573],[127.47983,36.55818],[127.48077,36.55989],[127.48111,36.56047],[127.48158,36.56122],[127.48133,36.56148],[127.47966,36.56206],[127.47543,36.56263],[127.47496,36.56267],[127.47394,36.56218],[127.47213,36.56086],[127.46854,36.56135],[127.46718,36.562],[127.46717,36.56358],[127.46778,36.56986],[127.46789,36.57065],[127.46798,36.57114],[127.46852,36.57257],[127.46877,36.57315],[127.47067,36.577],[127.47277,36.57824],[127.47352,36.57975],[127.47407,36.58105],[127.47452,36.5809],[127.47743,36.58112],[127.48238,36.58276],[127.48627,36.58216],[127.48777,36.58139],[127.48846,36.58132],[127.4912,36.58267],[127.49248,36.58352],[127.49611,36.58582],[127.49955,36.58746],[127.5002,36.58745],[127.50067,36.58608],[127.50265,36.58686],[127.50358,36.5875],[127.50353,36.58911],[127.50442,36.58999],[127.5063,36.5902],[127.50694,36.59021],[127.51039,36.5919],[127.5141,36.59279],[127.5165,36.59298],[127.51919,36.59379],[127.52066,36.59559],[127.5216,36.59756],[127.5218,36.59806],[127.52224,36.59993],[127.52308,36.60103],[127.52398,36.60181],[127.52523,36.60175],[127.52724,36.60166],[127.52995,36.6017],[127.53472,36.60203],[127.53661,36.60256],[127.54141,36.59829],[127.54308,36.60116],[127.54674,36.60561],[127.5474,36.60515],[127.55068,36.60366],[127.55224,36.60357],[127.55358,36.60325],[127.55486,36.60257],[127.55748,36.60107],[127.55898,36.59901],[127.55974,36.59741],[127.55918,36.5964],[127.5598,36.59409],[127.56008,36.59357],[127.56246,36.5926],[127.5627,36.58961],[127.56264,36.58726],[127.56264,36.58471],[127.56264,36.58136],[127.56275,36.5807],[127.56714,36.5808],[127.56715,36.57855],[127.56609,36.57419],[127.56501,36.573],[127.56453,36.57222],[127.56321,36.57008],[127.56241,36.56782],[127.56231,36.56668],[127.56167,36.565],[127.55821,36.56424],[127.55607,36.56396],[127.55482,36.5638],[127.55324,36.56497],[127.55269,36.56516],[127.55129,36.56564],[127.55042,36.56563],[127.54779,36.5635],[127.54739,36.56238],[127.54789,36.55966],[127.54845,36.55848],[127.54847,36.5576],[127.54765,36.5561],[127.54664,36.55514],[127.54338,36.55431],[127.53793,36.55325],[127.53332,36.55269],[127.53054,36.55316],[127.53023,36.55372],[127.53011,36.55439],[127.53014,36.5552],[127.52993,36.55796],[127.52908,36.55939],[127.52744,36.56051],[127.52592,36.56099],[127.52472,36.5604],[127.52423,36.55934],[127.52397,36.55871],[127.52377,36.55822],[127.52289,36.55775],[127.52104,36.55745],[127.52104,36.5569],[127.52141,36.55364],[127.51922,36.55502],[127.51854,36.55504],[127.51775,36.55506],[127.51485,36.55468],[127.51161,36.55419],[127.51057,36.55498],[127.50968,36.55488],[127.50741,36.55414],[127.5065,36.55374],[127.50577,36.55331],[127.50548,36.55301],[127.50529,36.55254],[127.50469,36.55061]]]]}},{"type":"Feature","properties":{"emd":"문의면","gu":"상당구","adm_cd2":"4311135000","centroid":[127.5112,36.49124]},"geometry":{"type":"MultiPolygon","coordinates":[[[[127.50469,36.55061],[127.50537,36.54918],[127.50684,36.54751],[127.50858,36.54289],[127.50615,36.54237],[127.50712,36.53977],[127.50654,36.53798],[127.50516,36.53751],[127.50434,36.53668],[127.50447,36.53215],[127.50565,36.52921],[127.50732,36.52525],[127.50819,36.52449],[127.51251,36.52079],[127.51407,36.52129],[127.51537,36.52195],[127.51617,36.5222],[127.51748,36.52251],[127.51844,36.52229],[127.51869,36.51938],[127.52494,36.51925],[127.52726,36.52147],[127.52891,36.52339],[127.53183,36.52595],[127.53299,36.52644],[127.53381,36.52675],[127.53455,36.52699],[127.53527,36.52698],[127.53573,36.52671],[127.53611,36.5263],[127.53632,36.52574],[127.53717,36.52451],[127.53755,36.52422],[127.53799,36.52413],[127.54167,36.52493],[127.54698,36.52698],[127.54906,36.52899],[127.55126,36.53013],[127.55225,36.5301],[127.55313,36.52998],[127.55396,36.52936],[127.55501,36.52861],[127.55681,36.52751],[127.55816,36.52739],[127.55872,36.52743],[127.56176,36.52912],[127.56242,36.52962],[127.56334,36.53041],[127.56392,36.53067],[127.56518,36.5305],[127.56547,36.52933],[127.56594,36.52856],[127.56671,36.52801],[127.56772,36.52635],[127.56887,36.52229],[127.569,36.52143],[127.57301,36.5164],[127.57335,36.50958],[127.57151,36.50577],[127.57084,36.50462],[127.57038,36.50371],[127.57028,36.50263],[127.57011,36.49965],[127.57204,36.49425],[127.57286,36.49307],[127.57427,36.4924],[127.57606,36.49133],[127.57645,36.49054],[127.57612,36.49017],[127.56984,36.48607],[127.56701,36.4841],[127.56302,36.47996],[127.56044,36.47557],[127.55833,36.47237],[127.55624,36.47181],[127.55653,36.47087],[127.55687,36.47026],[127.55709,36.46987],[127.55662,36.46818],[127.55565,36.46556],[127.55385,36.46308],[127.5537,36.46076],[127.55333,36.45774],[127.55182,36.45512],[127.55079,36.45498],[127.54939,36.45438],[127.54812,36.45291],[127.54542,36.44932],[127.54587,36.44694],[127.54389,36.44629],[127.53963,36.44487],[127.52684,36.4403],[127.52285,36.43885],[127.51994,36.4364],[127.51651,36.42847],[127.51565,36.42229],[127.51453,36.41757],[127.51366,36.4148],[127.51307,36.41296],[127.51162,36.40835],[127.51103,36.4065],[127.51004,36.40312],[127.50909,36.40519],[127.50793,36.40563],[127.50666,36.4061],[127.50539,36.40658],[127.50412,36.40706],[127.50316,36.40766],[127.50256,36.4082],[127.50197,36.40942],[127.50158,36.41031],[127.50118,36.4112],[127.50079,36.41208],[127.5004,36.41296],[127.49963,36.41473],[127.49786,36.41863],[127.49668,36.42067],[127.49446,36.42434],[127.4939,36.42528],[127.49333,36.42622],[127.48921,36.4327],[127.48921,36.43327],[127.48925,36.43378],[127.48944,36.43437],[127.48972,36.43507],[127.49126,36.43855],[127.49152,36.43915],[127.49186,36.43982],[127.49222,36.44044],[127.49272,36.44103],[127.49412,36.4424],[127.49477,36.44297],[127.49556,36.4436],[127.49747,36.44508],[127.49788,36.44539],[127.49856,36.44573],[127.49923,36.44598],[127.50017,36.44652],[127.50073,36.44696],[127.5014,36.44761],[127.50206,36.44841],[127.50265,36.44931],[127.50293,36.45005],[127.50313,36.45103],[127.50316,36.45193],[127.50304,36.45305],[127.5028,36.45365],[127.50218,36.45449],[127.50128,36.45534],[127.49892,36.45568],[127.49755,36.45543],[127.49617,36.45517],[127.4948,36.45492],[127.49273,36.45453],[127.49134,36.45456],[127.48717,36.45467],[127.48232,36.45598],[127.48132,36.4566],[127.47934,36.45784],[127.47931,36.45899],[127.47928,36.46014],[127.47945,36.46062],[127.48268,36.47006],[127.48301,36.471],[127.48367,36.47287],[127.4841,36.47407],[127.48452,36.47528],[127.48413,36.47762],[127.48342,36.4778],[127.48348,36.47954],[127.48194,36.48053],[127.47997,36.48063],[127.47712,36.48132],[127.47589,36.48566],[127.47592,36.48642],[127.476,36.48806],[127.47629,36.49039],[127.47586,36.49087],[127.47325,36.49096],[127.47144,36.49046],[127.47018,36.49053],[127.4677,36.49098],[127.46673,36.49241],[127.46652,36.49272],[127.46096,36.49499],[127.45887,36.49513],[127.45745,36.4965],[127.45681,36.49865],[127.45601,36.49965],[127.45465,36.5007],[127.45378,36.50091],[127.45246,36.50057],[127.44989,36.5006],[127.44932,36.50334],[127.44926,36.50503],[127.44921,36.50548],[127.44853,36.50707],[127.44714,36.50875],[127.44624,36.51078],[127.44596,36.51228],[127.44834,36.51266],[127.45137,36.5142],[127.45206,36.51496],[127.45263,36.5162],[127.45284,36.51708],[127.45333,36.51985],[127.45331,36.52053],[127.4527,36.52075],[127.45193,36.52362],[127.45247,36.52367],[127.45446,36.52328],[127.4556,36.52547],[127.45558,36.52608],[127.45513,36.53079],[127.45479,36.53218],[127.45475,36.53322],[127.45295,36.53536],[127.45306,36.53679],[127.45357,36.53718],[127.45262,36.53932],[127.45169,36.54125],[127.44757,36.54142],[127.44727,36.54223],[127.4471,36.5429],[127.44711,36.5438],[127.44739,36.5477],[127.44927,36.54838],[127.45059,36.54742],[127.4513,36.54729],[127.45265,36.54743],[127.45387,36.54803],[127.455,36.54863],[127.45586,36.54892],[127.45704,36.54899],[127.45866,36.54861],[127.4616,36.54703],[127.46343,36.54596],[127.46621,36.54434],[127.46928,36.54337],[127.47571,36.54518],[127.47655,36.5459],[127.47836,36.54696],[127.47963,36.54763],[127.48276,36.54662],[127.48376,36.54619],[127.48404,36.54521],[127.48464,36.5448],[127.48508,36.54488],[127.48539,36.54542],[127.48546,36.54632],[127.48692,36.54542],[127.48728,36.54526],[127.49193,36.54454],[127.49658,36.54814],[127.49939,36.55067],[127.50023,36.55161],[127.50081,36.55199],[127.50155,36.55224],[127.5031,36.5526],[127.50357,36.55264],[127.50408,36.55203],[127.50469,36.55061]]]]}},{"type":"Feature","properties":{"emd":"중앙동","gu":"상당구","adm_cd2":"4311152500","centroid":[127.4937,36.64245]},"geometry":{"type":"MultiPolygon","coordinates":[[[[127.50607,36.65012],[127.50609,36.64876],[127.5045,36.64552],[127.50404,36.64506],[127.50317,36.64457],[127.50189,36.64419],[127.50123,36.64406],[127.50095,36.64373],[127.50102,36.64302],[127.50133,36.64163],[127.50165,36.64061],[127.50164,36.6399],[127.5012,36.63912],[127.50085,36.63885],[127.49981,36.63835],[127.49374,36.63642],[127.49217,36.63751],[127.49024,36.6371],[127.48899,36.63687],[127.48636,36.63663],[127.48384,36.63647],[127.48361,36.64103],[127.48327,36.64218],[127.48256,36.6446],[127.48392,36.64504],[127.4848,36.64504],[127.48556,36.64504],[127.48738,36.64503],[127.48819,36.64503],[127.49167,36.64656],[127.49347,36.64747],[127.49737,36.64809],[127.49809,36.64805],[127.50091,36.64719],[127.50183,36.64782],[127.50458,36.64979],[127.50514,36.65024],[127.50607,36.65012]]]]}},{"type":"Feature","properties":{"emd":"성안동","gu":"상당구","adm_cd2":"4311154500","centroid":[127.48912,36.63108]},"geometry":{"type":"MultiPolygon","coordinates":[[[[127.49374,36.63642],[127.49354,36.63585],[127.49387,36.63354],[127.49442,36.63098],[127.49563,36.62631],[127.49608,36.62509],[127.49173,36.62442],[127.49086,36.62467],[127.48946,36.62529],[127.48478,36.62788],[127.48403,36.62835],[127.48358,36.62869],[127.48314,36.62908],[127.48278,36.62939],[127.48245,36.62968],[127.48214,36.63026],[127.48194,36.63065],[127.48186,36.63147],[127.48188,36.63241],[127.48221,36.6334],[127.48361,36.63568],[127.48384,36.63647],[127.48636,36.63663],[127.48899,36.63687],[127.49024,36.6371],[127.49217,36.63751],[127.49374,36.63642]]]]}},{"type":"Feature","properties":{"emd":"탑·대성동","gu":"상당구","adm_cd2":"4311162000","centroid":[127.49798,36.63153]},"geometry":{"type":"MultiPolygon","coordinates":[[[[127.50362,36.63169],[127.50298,36.63061],[127.5027,36.63013],[127.50232,36.62948],[127.49884,36.62529],[127.49786,36.62491],[127.49734,36.62493],[127.49628,36.62496],[127.49563,36.62631],[127.49442,36.63098],[127.49393,36.63328],[127.4935,36.6356],[127.49363,36.63613],[127.49981,36.63835],[127.49956,36.63774],[127.49947,36.63726],[127.49944,36.63679],[127.49934,36.63512],[127.49944,36.63462],[127.50042,36.63403],[127.50205,36.63319],[127.50356,36.63214],[127.50362,36.63169]]]]}},{"type":"Feature","properties":{"emd":"영운동","gu":"상당구","adm_cd2":"4311167000","centroid":[127.50033,36.61907]},"geometry":{"type":"MultiPolygon","coordinates":[[[[127.50952,36.62124],[127.51035,36.62116],[127.51114,36.62095],[127.50096,36.61502],[127.50033,36.61479],[127.49914,36.61477],[127.49543,36.61493],[127.49462,36.61586],[127.49341,36.6201],[127.49332,36.62237],[127.49938,36.62288],[127.50491,36.62108],[127.50533,36.62118],[127.50718,36.62154],[127.50831,36.62149],[127.50952,36.62124]]]]}},{"type":"Feature","properties":{"emd":"금천동","gu":"상당구","adm_cd2":"4311168000","centroid":[127.50601,36.62642]},"geometry":{"type":"MultiPolygon","coordinates":[[[[127.50952,36.62124],[127.50831,36.62149],[127.50718,36.62154],[127.50533,36.62118],[127.50491,36.62108],[127.49938,36.62288],[127.49332,36.62237],[127.49173,36.62442],[127.49628,36.62496],[127.49734,36.62493],[127.49786,36.62491],[127.4987,36.62516],[127.50232,36.62948],[127.50261,36.62997],[127.50293,36.63051],[127.50362,36.63169],[127.5042,36.63147],[127.50581,36.63085],[127.50626,36.63068],[127.50652,36.63114],[127.50682,36.63148],[127.50739,36.63205],[127.50791,36.63244],[127.50831,36.63264],[127.50892,36.63279],[127.50948,36.63292],[127.51184,36.63337],[127.51249,36.63157],[127.51311,36.62988],[127.5137,36.62953],[127.51422,36.62922],[127.51469,36.62893],[127.51484,36.62752],[127.51441,36.62617],[127.51354,36.6246],[127.51113,36.62264],[127.51001,36.62248],[127.50952,36.62124]]]]}},{"type":"Feature","properties":{"emd":"용담·명암·산성동","gu":"상당구","adm_cd2":"4311169000","centroid":[127.5265,36.65133]},"geometry":{"type":"MultiPolygon","coordinates":[[[[127.54274,36.66876],[127.54519,36.66782],[127.54678,36.66742],[127.54905,36.66646],[127.55045,36.66586],[127.55364,36.66441],[127.5536,36.66297],[127.55209,36.66094],[127.55043,36.65941],[127.54962,36.65823],[127.54794,36.65364],[127.54587,36.65161],[127.54515,36.65111],[127.54481,36.65074],[127.54509,36.64853],[127.54529,36.64762],[127.54179,36.64576],[127.54091,36.64552],[127.53973,36.64532],[127.5385,36.64522],[127.53756,36.64528],[127.53692,36.64589],[127.53642,36.64624],[127.53527,36.64603],[127.53414,36.64598],[127.53364,36.64615],[127.53323,36.64635],[127.53291,36.64708],[127.53183,36.64842],[127.52995,36.64823],[127.52936,36.64821],[127.52851,36.64858],[127.52786,36.6488],[127.52727,36.649],[127.52609,36.64848],[127.5236,36.64646],[127.52275,36.64569],[127.5224,36.64468],[127.52243,36.6442],[127.52229,36.64309],[127.52146,36.64222],[127.52028,36.64111],[127.51603,36.63706],[127.51348,36.63356],[127.51226,36.63334],[127.50948,36.63292],[127.50898,36.6328],[127.50831,36.63264],[127.50791,36.63244],[127.50744,36.63209],[127.50682,36.63148],[127.50652,36.63114],[127.50626,36.63068],[127.50581,36.63085],[127.5042,36.63147],[127.50362,36.63169],[127.50356,36.63214],[127.50205,36.63319],[127.5008,36.63405],[127.49954,36.63445],[127.49934,36.63512],[127.49944,36.63679],[127.49947,36.63726],[127.49956,36.63774],[127.49981,36.63835],[127.50057,36.63864],[127.5012,36.63912],[127.50164,36.6399],[127.50165,36.64061],[127.50133,36.64163],[127.50102,36.64302],[127.50095,36.64373],[127.50123,36.64406],[127.50189,36.64419],[127.50286,36.64442],[127.50399,36.64502],[127.5045,36.64552],[127.50609,36.64876],[127.50607,36.65012],[127.50836,36.65252],[127.50966,36.65323],[127.51043,36.65307],[127.51154,36.65301],[127.51298,36.65295],[127.51429,36.65325],[127.51913,36.65532],[127.52159,36.65649],[127.52369,36.65767],[127.52432,36.65804],[127.52467,36.65867],[127.52498,36.66037],[127.52776,36.66246],[127.52921,36.66281],[127.53157,36.66329],[127.53369,36.66463],[127.53269,36.66587],[127.53314,36.66639],[127.53593,36.66884],[127.53693,36.66924],[127.53905,36.66923],[127.54013,36.66914],[127.54274,36.66876]]]]}},{"type":"Feature","properties":{"emd":"용암1동","gu":"상당구","adm_cd2":"4311172000","centroid":[127.5233,36.62713]},"geometry":{"type":"MultiPolygon","coordinates":[[[[127.53756,36.64528],[127.53688,36.6439],[127.53676,36.64175],[127.53682,36.64126],[127.53851,36.63892],[127.53914,36.63771],[127.53895,36.63515],[127.53971,36.63375],[127.54018,36.63326],[127.54068,36.63289],[127.54126,36.63157],[127.54265,36.62826],[127.54307,36.62694],[127.54301,36.62571],[127.54224,36.62457],[127.53655,36.61987],[127.53485,36.62011],[127.53435,36.62024],[127.53088,36.61902],[127.53088,36.61781],[127.5309,36.61723],[127.52978,36.61521],[127.52888,36.61477],[127.5278,36.61445],[127.52638,36.61444],[127.52541,36.61447],[127.52412,36.61399],[127.52062,36.61212],[127.52002,36.61163],[127.5176,36.6101],[127.51539,36.61245],[127.51228,36.61512],[127.51031,36.61322],[127.50904,36.61199],[127.5084,36.61135],[127.50717,36.61015],[127.50617,36.60918],[127.50496,36.60799],[127.50413,36.60722],[127.50367,36.6068],[127.50293,36.60638],[127.50176,36.60608],[127.50088,36.60592],[127.49795,36.60599],[127.49765,36.61042],[127.49659,36.61294],[127.49574,36.6147],[127.49543,36.61493],[127.49888,36.61477],[127.50027,36.61479],[127.50074,36.61494],[127.51134,36.62073],[127.51066,36.62108],[127.50952,36.62124],[127.51001,36.62248],[127.51072,36.62263],[127.51354,36.6246],[127.51441,36.62617],[127.51484,36.62752],[127.51482,36.62882],[127.51422,36.62922],[127.5137,36.62953],[127.51311,36.62988],[127.51249,36.63157],[127.51184,36.63337],[127.51348,36.63356],[127.51603,36.63706],[127.52028,36.64111],[127.52146,36.64222],[127.52229,36.64309],[127.52247,36.64395],[127.5224,36.64468],[127.52275,36.64569],[127.5236,36.64646],[127.52609,36.64848],[127.52727,36.649],[127.52786,36.6488],[127.52851,36.64858],[127.52936,36.64821],[127.52995,36.64823],[127.53183,36.64842],[127.53291,36.64708],[127.5332,36.64642],[127.53364,36.64615],[127.53414,36.64598],[127.53527,36.64603],[127.53606,36.64621],[127.53665,36.6461],[127.53756,36.64528]]]]}},{"type":"Feature","properties":{"emd":"용암2동","gu":"상당구","adm_cd2":"4311173000","centroid":[127.53158,36.61525]},"geometry":{"type":"MultiPolygon","coordinates":[[[[127.55816,36.6268],[127.55685,36.62572],[127.55593,36.62481],[127.55437,36.62109],[127.55364,36.61805],[127.55331,36.61721],[127.55154,36.6162],[127.55064,36.61527],[127.54936,36.61296],[127.54838,36.61055],[127.54756,36.60866],[127.54629,36.60708],[127.54674,36.60561],[127.54308,36.60116],[127.54146,36.59824],[127.53661,36.60256],[127.53472,36.60203],[127.52995,36.6017],[127.52724,36.60166],[127.52523,36.60175],[127.52398,36.60181],[127.52308,36.60103],[127.52224,36.59993],[127.52189,36.5983],[127.5216,36.59756],[127.52066,36.59559],[127.51919,36.59379],[127.5165,36.59298],[127.5141,36.59279],[127.51039,36.5919],[127.50694,36.59021],[127.5063,36.5902],[127.50442,36.58999],[127.50353,36.58911],[127.50358,36.5875],[127.50265,36.58686],[127.50101,36.58598],[127.5002,36.58745],[127.49858,36.59006],[127.49774,36.5926],[127.49799,36.59585],[127.49805,36.59673],[127.49809,36.59892],[127.49812,36.6011],[127.49809,36.60284],[127.49802,36.60491],[127.49795,36.60599],[127.50088,36.60592],[127.50176,36.60608],[127.50293,36.60638],[127.50367,36.6068],[127.50413,36.60722],[127.50477,36.60781],[127.50617,36.60918],[127.50717,36.61015],[127.5084,36.61135],[127.50904,36.61199],[127.51031,36.61322],[127.51228,36.61512],[127.51539,36.61245],[127.5176,36.6101],[127.52002,36.61163],[127.52052,36.61204],[127.52412,36.61399],[127.52541,36.61447],[127.52638,36.61444],[127.5278,36.61445],[127.52888,36.61477],[127.52978,36.61521],[127.5309,36.61723],[127.53088,36.61781],[127.53088,36.61902],[127.534,36.62019],[127.53485,36.62011],[127.53655,36.61987],[127.54224,36.62457],[127.54301,36.62571],[127.54307,36.62694],[127.54265,36.62826],[127.54126,36.63157],[127.54068,36.63289],[127.54018,36.63326],[127.53971,36.63375],[127.53892,36.63484],[127.53914,36.63771],[127.53851,36.63892],[127.53682,36.64126],[127.53676,36.64175],[127.53688,36.6439],[127.53756,36.64528],[127.5385,36.64522],[127.53973,36.64532],[127.54091,36.64552],[127.54179,36.64576],[127.54529,36.64762],[127.54613,36.64766],[127.54734,36.64774],[127.54825,36.64828],[127.54984,36.64877],[127.55218,36.64788],[127.55315,36.64767],[127.55479,36.64629],[127.5555,36.64544],[127.55695,36.64103],[127.55708,36.6402],[127.55725,36.63739],[127.55715,36.63685],[127.55666,36.63636],[127.55654,36.63534],[127.55676,36.63449],[127.55735,36.63374],[127.55853,36.63243],[127.55778,36.63141],[127.55714,36.63081],[127.5564,36.63057],[127.55688,36.62929],[127.55774,36.62727],[127.55816,36.6268]]]]}},{"type":"Feature","properties":{"emd":"남이면","gu":"서원구","adm_cd2":"4311231000","centroid":[127.42852,36.5666]},"geometry":{"type":"MultiPolygon","coordinates":[[[[127.45444,36.6016],[127.45545,36.60191],[127.45775,36.60206],[127.4635,36.60163],[127.46396,36.60157],[127.46462,36.60142],[127.47222,36.5994],[127.47262,36.59926],[127.47318,36.59904],[127.47323,36.59744],[127.4733,36.59617],[127.47417,36.59584],[127.47474,36.59557],[127.47604,36.5949],[127.47697,36.5944],[127.47717,36.59329],[127.476,36.58914],[127.4747,36.58539],[127.47442,36.58498],[127.47412,36.58443],[127.47388,36.58171],[127.47407,36.58105],[127.47352,36.57975],[127.47277,36.57824],[127.47067,36.577],[127.46877,36.57315],[127.46852,36.57257],[127.46798,36.57114],[127.46789,36.57065],[127.46778,36.56986],[127.46717,36.56358],[127.46718,36.562],[127.46854,36.56135],[127.47213,36.56086],[127.47394,36.56218],[127.47496,36.56267],[127.47543,36.56263],[127.47966,36.56206],[127.48133,36.56148],[127.48158,36.56122],[127.48133,36.56073],[127.48077,36.55989],[127.47983,36.55818],[127.47943,36.5573],[127.47947,36.55681],[127.48035,36.55469],[127.48133,36.55472],[127.48278,36.55317],[127.48405,36.5518],[127.4858,36.54774],[127.48546,36.54632],[127.48542,36.5456],[127.48508,36.54488],[127.48464,36.5448],[127.48404,36.54521],[127.48376,36.54619],[127.48276,36.54662],[127.47963,36.54763],[127.47836,36.54696],[127.47655,36.5459],[127.47571,36.54518],[127.46971,36.54338],[127.46621,36.54434],[127.46343,36.54596],[127.4616,36.54703],[127.45866,36.54861],[127.45704,36.54899],[127.45586,36.54892],[127.455,36.54863],[127.45387,36.54803],[127.45265,36.54743],[127.4513,36.54729],[127.45059,36.54742],[127.44927,36.54838],[127.44739,36.5477],[127.44711,36.5438],[127.4471,36.5429],[127.44727,36.54223],[127.44757,36.54142],[127.44711,36.54135],[127.44614,36.54081],[127.445,36.53924],[127.44543,36.53808],[127.44536,36.53762],[127.44428,36.53548],[127.43965,36.5315],[127.43871,36.5315],[127.43708,36.53148],[127.43596,36.53132],[127.43414,36.5306],[127.43125,36.52933],[127.42933,36.52821],[127.42974,36.52788],[127.42867,36.52665],[127.42715,36.52638],[127.42515,36.52672],[127.42349,36.52703],[127.42197,36.52662],[127.42048,36.52616],[127.41929,36.52592],[127.41733,36.52583],[127.41587,36.52647],[127.4134,36.527],[127.41046,36.52745],[127.40959,36.52743],[127.40862,36.52731],[127.40798,36.52781],[127.40562,36.5314],[127.40538,36.53422],[127.40524,36.53629],[127.40501,36.53731],[127.40182,36.54124],[127.40152,36.54149],[127.39919,36.54117],[127.39762,36.54027],[127.39602,36.54],[127.39216,36.53995],[127.38927,36.54034],[127.38546,36.54098],[127.38473,36.54127],[127.38412,36.54154],[127.38349,36.54201],[127.3834,36.54308],[127.38383,36.54471],[127.38376,36.54563],[127.3831,36.54817],[127.38219,36.54882],[127.38018,36.5495],[127.37927,36.54959],[127.37869,36.54992],[127.37858,36.55055],[127.37853,36.55146],[127.37872,36.55237],[127.37934,36.55274],[127.37952,36.5531],[127.37938,36.55369],[127.37806,36.55524],[127.3771,36.55625],[127.37573,36.55729],[127.37397,36.55763],[127.37356,36.55781],[127.37327,36.55831],[127.37267,36.55966],[127.37257,36.56011],[127.37428,36.56012],[127.37501,36.56024],[127.37632,36.56072],[127.37658,36.56204],[127.37617,36.56308],[127.37706,36.56744],[127.37719,36.56822],[127.37743,36.56906],[127.38114,36.57302],[127.38521,36.57681],[127.38558,36.57701],[127.38634,36.57712],[127.38682,36.57774],[127.38712,36.57839],[127.38748,36.57936],[127.38766,36.58036],[127.38753,36.58092],[127.38774,36.58167],[127.38823,36.583],[127.38844,36.58343],[127.38875,36.584],[127.38985,36.58533],[127.39202,36.58584],[127.39804,36.59054],[127.39907,36.59171],[127.39961,36.5926],[127.40021,36.59372],[127.40068,36.59483],[127.40083,36.59556],[127.40101,36.59604],[127.40165,36.59652],[127.40244,36.59696],[127.40536,36.59789],[127.40627,36.59834],[127.40652,36.59862],[127.40681,36.599],[127.40724,36.59992],[127.40949,36.60267],[127.41153,36.6046],[127.41248,36.60419],[127.41291,36.60396],[127.41324,36.60375],[127.41391,36.60327],[127.41445,36.60282],[127.41549,36.60171],[127.41619,36.60096],[127.41674,36.60045],[127.41717,36.60008],[127.41772,36.59962],[127.41946,36.59828],[127.41992,36.59795],[127.42115,36.59888],[127.42243,36.59983],[127.42327,36.60008],[127.4252,36.60009],[127.42628,36.59993],[127.42674,36.59975],[127.4273,36.5995],[127.43272,36.59932],[127.43411,36.59938],[127.43428,36.59972],[127.43424,36.60149],[127.43537,36.60196],[127.43863,36.60195],[127.43913,36.60217],[127.43979,36.60399],[127.44064,36.60539],[127.44093,36.60568],[127.44145,36.60586],[127.44204,36.60575],[127.44239,36.60525],[127.44313,36.60261],[127.44318,36.60168],[127.44328,36.59931],[127.44484,36.5973],[127.44845,36.59433],[127.45052,36.59537],[127.45138,36.59594],[127.45189,36.59627],[127.45471,36.59879],[127.45453,36.60094],[127.45448,36.60151],[127.45444,36.6016]]]]}},{"type":"Feature","properties":{"emd":"현도면","gu":"서원구","adm_cd2":"4311232000","centroid":[127.43454,36.48945]},"geometry":{"type":"MultiPolygon","coordinates":[[[[127.48342,36.4778],[127.48168,36.47791],[127.4806,36.47777],[127.4792,36.47746],[127.47171,36.47467],[127.47093,36.47409],[127.47051,36.47377],[127.46981,36.47319],[127.46906,36.47255],[127.46833,36.4719],[127.46773,36.47125],[127.46677,36.47005],[127.46624,36.46931],[127.46543,36.46787],[127.46508,36.467],[127.46471,36.46607],[127.46403,36.46379],[127.46392,36.46303],[127.46382,36.46228],[127.46379,36.46116],[127.46378,36.46043],[127.46383,36.45971],[127.46395,36.45908],[127.46418,36.45843],[127.46423,36.4574],[127.46402,36.45677],[127.46273,36.45529],[127.46162,36.45443],[127.46085,36.45388],[127.46051,36.45364],[127.45948,36.45303],[127.45603,36.45124],[127.4551,36.45077],[127.45413,36.4504],[127.45321,36.4501],[127.45221,36.4499],[127.45145,36.44975],[127.44966,36.44963],[127.44862,36.44963],[127.447,36.44972],[127.44531,36.45001],[127.44389,36.45032],[127.44337,36.45048],[127.44264,36.45074],[127.44213,36.45106],[127.44168,36.4515],[127.44138,36.45191],[127.44116,36.45238],[127.44094,36.45266],[127.4405,36.45316],[127.4402,36.45349],[127.43841,36.45503],[127.4375,36.45576],[127.43626,36.45665],[127.43317,36.45724],[127.43174,36.45729],[127.42972,36.45721],[127.42626,36.45692],[127.42655,36.45573],[127.42464,36.45516],[127.42465,36.45643],[127.42344,36.45606],[127.41907,36.45526],[127.41463,36.45487],[127.41272,36.45477],[127.40795,36.4548],[127.40576,36.45494],[127.40437,36.45512],[127.40326,36.45539],[127.40262,36.45569],[127.40182,36.45665],[127.40126,36.45738],[127.4009,36.45843],[127.40075,36.45939],[127.40059,36.46035],[127.40044,36.46132],[127.40044,36.46238],[127.40045,36.46451],[127.4006,36.47017],[127.40132,36.47183],[127.40192,36.47282],[127.40252,36.47382],[127.40292,36.47481],[127.40346,36.47615],[127.40381,36.47816],[127.40431,36.48147],[127.40421,36.48332],[127.40268,36.48558],[127.40181,36.48651],[127.40095,36.48744],[127.39815,36.48952],[127.39567,36.49161],[127.397,36.49235],[127.39982,36.49335],[127.40833,36.49526],[127.40881,36.4953],[127.40928,36.49889],[127.40801,36.49983],[127.40777,36.50285],[127.40788,36.50328],[127.40839,36.50478],[127.40916,36.50706],[127.40906,36.50833],[127.40885,36.5096],[127.40718,36.51053],[127.40679,36.51075],[127.40596,36.51179],[127.40487,36.514],[127.40457,36.51523],[127.40406,36.51672],[127.40385,36.51713],[127.40268,36.5177],[127.40129,36.51831],[127.40017,36.51897],[127.3983,36.52013],[127.3978,36.52045],[127.39755,36.52105],[127.39777,36.52141],[127.40231,36.52354],[127.40444,36.5239],[127.40555,36.52388],[127.40619,36.52361],[127.40881,36.52439],[127.40822,36.52607],[127.40832,36.52715],[127.40959,36.52743],[127.41046,36.52745],[127.4134,36.527],[127.41587,36.52647],[127.41713,36.52593],[127.41929,36.52592],[127.42048,36.52616],[127.42197,36.52662],[127.42349,36.52703],[127.42515,36.52672],[127.42715,36.52638],[127.42839,36.52649],[127.42974,36.52788],[127.42933,36.52821],[127.43125,36.52933],[127.43414,36.5306],[127.43596,36.53132],[127.43708,36.53148],[127.43871,36.5315],[127.43965,36.5315],[127.44428,36.53548],[127.44536,36.53762],[127.44543,36.53808],[127.44505,36.539],[127.4459,36.54061],[127.44711,36.54135],[127.44757,36.54142],[127.45169,36.54125],[127.45262,36.53932],[127.45363,36.53722],[127.45306,36.53679],[127.45295,36.53536],[127.45475,36.53322],[127.45479,36.53218],[127.45513,36.53079],[127.45558,36.52608],[127.4556,36.52547],[127.45446,36.52328],[127.45247,36.52367],[127.45201,36.52373],[127.4527,36.52075],[127.45331,36.52053],[127.45333,36.51985],[127.45284,36.51708],[127.45263,36.5162],[127.45206,36.51496],[127.45137,36.5142],[127.44834,36.51266],[127.44596,36.51228],[127.44624,36.51078],[127.44714,36.50875],[127.44853,36.50707],[127.44921,36.50548],[127.44926,36.50503],[127.44932,36.50334],[127.44989,36.5006],[127.45246,36.50057],[127.45378,36.50091],[127.45465,36.5007],[127.45601,36.49965],[127.45681,36.49865],[127.45745,36.4965],[127.45887,36.49513],[127.46096,36.49499],[127.46652,36.49272],[127.46673,36.49241],[127.4677,36.49098],[127.47018,36.49053],[127.47144,36.49046],[127.47325,36.49096],[127.47586,36.49087],[127.47629,36.49039],[127.476,36.48806],[127.47592,36.48642],[127.47589,36.48566],[127.47712,36.48132],[127.47997,36.48063],[127.48194,36.48053],[127.48348,36.47954],[127.48342,36.4778]]]]}},{"type":"Feature","properties":{"emd":"사직1동","gu":"서원구","adm_cd2":"4311251000","centroid":[127.47663,36.64]},"geometry":{"type":"MultiPolygon","coordinates":[[[[127.48253,36.64466],[127.48327,36.64218],[127.48361,36.64103],[127.48384,36.63647],[127.47935,36.63599],[127.47868,36.63592],[127.47776,36.63579],[127.47701,36.63569],[127.47487,36.63546],[127.46924,36.63546],[127.46892,36.63877],[127.46894,36.63986],[127.46886,36.64285],[127.47011,36.64279],[127.47118,36.64274],[127.47181,36.64272],[127.47234,36.64271],[127.47286,36.64271],[127.47337,36.6428],[127.47426,36.64317],[127.47531,36.64368],[127.47644,36.64422],[127.48015,36.64597],[127.48145,36.64658],[127.48253,36.64466]]]]}},{"type":"Feature","properties":{"emd":"사직2동","gu":"서원구","adm_cd2":"4311252000","centroid":[127.47481,36.63245]},"geometry":{"type":"MultiPolygon","coordinates":[[[[127.48314,36.62908],[127.48154,36.62952],[127.47745,36.63019],[127.47249,36.62949],[127.46861,36.62848],[127.46542,36.62897],[127.46555,36.63077],[127.46758,36.63177],[127.46879,36.63367],[127.46934,36.63491],[127.46924,36.63546],[127.47487,36.63546],[127.47701,36.63569],[127.47776,36.63579],[127.47846,36.63588],[127.47924,36.63597],[127.48384,36.63647],[127.48361,36.63568],[127.48221,36.6334],[127.48188,36.63241],[127.48186,36.63147],[127.48189,36.63093],[127.48214,36.63026],[127.48245,36.62968],[127.48278,36.62939],[127.48311,36.6291],[127.48314,36.62908]]]]}},{"type":"Feature","properties":{"emd":"사창동","gu":"서원구","adm_cd2":"4311253000","centroid":[127.46269,36.63467]},"geometry":{"type":"MultiPolygon","coordinates":[[[[127.46894,36.63986],[127.46892,36.63877],[127.46924,36.63546],[127.46934,36.63491],[127.46879,36.63367],[127.46758,36.63177],[127.46555,36.63077],[127.46542,36.62897],[127.46301,36.62894],[127.46219,36.62907],[127.46154,36.63087],[127.45868,36.63235],[127.45747,36.63185],[127.45579,36.63172],[127.45452,36.63263],[127.45634,36.63464],[127.45651,36.63642],[127.45661,36.63754],[127.46171,36.63937],[127.46261,36.63883],[127.46307,36.63854],[127.46365,36.63819],[127.46545,36.63777],[127.4669,36.63777],[127.46691,36.63827],[127.46692,36.63878],[127.46695,36.63986],[127.46821,36.63986],[127.46894,36.63986]]]]}},{"type":"Feature","properties":{"emd":"모충동","gu":"서원구","adm_cd2":"4311254000","centroid":[127.48082,36.62507]},"geometry":{"type":"MultiPolygon","coordinates":[[[[127.48314,36.62908],[127.48358,36.62869],[127.48403,36.62835],[127.48465,36.62795],[127.48946,36.62529],[127.49086,36.62467],[127.49173,36.62442],[127.49332,36.62237],[127.49341,36.6201],[127.49207,36.62015],[127.48961,36.62026],[127.48832,36.62032],[127.48752,36.62047],[127.48664,36.62063],[127.4859,36.62077],[127.48478,36.62097],[127.4842,36.62128],[127.4791,36.62099],[127.47856,36.6214],[127.47571,36.62283],[127.4746,36.62313],[127.47292,36.62313],[127.47167,36.62342],[127.47136,36.62397],[127.47078,36.62399],[127.46861,36.62848],[127.47249,36.62949],[127.47745,36.63019],[127.48154,36.62952],[127.48314,36.62908]]]]}},{"type":"Feature","properties":{"emd":"산남동","gu":"서원구","adm_cd2":"4311255000","centroid":[127.46943,36.60868]},"geometry":{"type":"MultiPolygon","coordinates":[[[[127.47753,36.61394],[127.48045,36.61436],[127.48167,36.61425],[127.4842,36.61319],[127.48457,36.61304],[127.48499,36.61282],[127.48526,36.61246],[127.48496,36.61153],[127.48459,36.61085],[127.4843,36.61043],[127.48386,36.60985],[127.48176,36.6071],[127.47839,36.60277],[127.478,36.6023],[127.47695,36.60146],[127.47577,36.60061],[127.47328,36.599],[127.47262,36.59926],[127.47222,36.5994],[127.46473,36.60139],[127.46396,36.60157],[127.4635,36.60163],[127.45775,36.60206],[127.45545,36.60191],[127.45449,36.60166],[127.45388,36.60246],[127.45648,36.60683],[127.45863,36.608],[127.4596,36.61146],[127.46054,36.61404],[127.461,36.61465],[127.46324,36.61687],[127.46436,36.61773],[127.46438,36.61887],[127.46585,36.6213],[127.46718,36.6227],[127.46945,36.61836],[127.46991,36.61731],[127.4705,36.61613],[127.471,36.61552],[127.4717,36.61467],[127.47251,36.61376],[127.47279,36.61348],[127.47313,36.61317],[127.47373,36.61269],[127.47401,36.61296],[127.47457,36.61349],[127.47483,36.61374],[127.47662,36.61406],[127.47753,36.61394]]]]}},{"type":"Feature","properties":{"emd":"분평동","gu":"서원구","adm_cd2":"4311256000","centroid":[127.48729,36.5966]},"geometry":{"type":"MultiPolygon","coordinates":[[[[127.49543,36.61493],[127.49574,36.6147],[127.49649,36.61314],[127.49765,36.61042],[127.49795,36.60599],[127.49802,36.60491],[127.49809,36.60284],[127.49812,36.60156],[127.49809,36.59892],[127.49805,36.59673],[127.49799,36.59585],[127.49776,36.59289],[127.49858,36.59006],[127.5002,36.58745],[127.49955,36.58746],[127.49611,36.58582],[127.49235,36.58379],[127.4912,36.58267],[127.48846,36.58132],[127.48777,36.58139],[127.48627,36.58216],[127.48238,36.58276],[127.47743,36.58112],[127.47452,36.5809],[127.47407,36.58105],[127.47388,36.58171],[127.47412,36.58443],[127.47442,36.58498],[127.47463,36.58529],[127.476,36.58914],[127.47717,36.59329],[127.47697,36.5944],[127.47604,36.5949],[127.47474,36.59557],[127.47422,36.59583],[127.4733,36.59617],[127.47323,36.59744],[127.47328,36.599],[127.47577,36.60061],[127.47695,36.60146],[127.478,36.6023],[127.47839,36.60277],[127.48176,36.6071],[127.48386,36.60985],[127.4843,36.61043],[127.48454,36.61076],[127.48487,36.61137],[127.48526,36.61246],[127.48582,36.61259],[127.48644,36.61259],[127.48736,36.61274],[127.48995,36.61316],[127.49071,36.61331],[127.49114,36.61342],[127.49199,36.61375],[127.49246,36.61398],[127.49462,36.61586],[127.49543,36.61493]]]]}},{"type":"Feature","properties":{"emd":"수곡1동","gu":"서원구","adm_cd2":"4311257000","centroid":[127.48603,36.61705]},"geometry":{"type":"MultiPolygon","coordinates":[[[[127.49341,36.6201],[127.49462,36.61586],[127.49268,36.61417],[127.49217,36.61384],[127.49148,36.61355],[127.49101,36.61339],[127.48995,36.61316],[127.48736,36.61274],[127.48644,36.61259],[127.48582,36.61259],[127.48532,36.61265],[127.48457,36.61304],[127.4842,36.61319],[127.48167,36.61425],[127.48072,36.61434],[127.47753,36.61394],[127.47805,36.6148],[127.47827,36.61551],[127.47844,36.6184],[127.47855,36.61978],[127.4791,36.62099],[127.4842,36.62128],[127.48478,36.62097],[127.4859,36.62077],[127.48664,36.62063],[127.48749,36.62047],[127.48832,36.62032],[127.48961,36.62026],[127.49207,36.62015],[127.49341,36.6201]]]]}},{"type":"Feature","properties":{"emd":"수곡2동","gu":"서원구","adm_cd2":"4311258000","centroid":[127.47362,36.61887]},"geometry":{"type":"MultiPolygon","coordinates":[[[[127.4791,36.62099],[127.47855,36.61978],[127.47844,36.6184],[127.47827,36.61551],[127.47815,36.61507],[127.47774,36.61414],[127.47662,36.61406],[127.47483,36.61374],[127.47457,36.61349],[127.47401,36.61296],[127.47373,36.61269],[127.47313,36.61317],[127.47282,36.61345],[127.47251,36.61376],[127.4717,36.61467],[127.47107,36.61542],[127.4705,36.61613],[127.46991,36.61731],[127.46945,36.61836],[127.46718,36.6227],[127.47078,36.62399],[127.47136,36.62397],[127.47167,36.62342],[127.47292,36.62313],[127.47433,36.62315],[127.47571,36.62283],[127.47856,36.6214],[127.4791,36.62099]]]]}},{"type":"Feature","properties":{"emd":"성화·개신·죽림동","gu":"서원구","adm_cd2":"4311259000","centroid":[127.45203,36.61484]},"geometry":{"type":"MultiPolygon","coordinates":[[[[127.46542,36.62897],[127.46861,36.62848],[127.47078,36.62399],[127.46718,36.6227],[127.46585,36.6213],[127.46438,36.61887],[127.46453,36.61789],[127.46324,36.61687],[127.461,36.61465],[127.46054,36.61404],[127.4596,36.61146],[127.45863,36.608],[127.45672,36.60707],[127.45374,36.60275],[127.45444,36.6016],[127.45453,36.60094],[127.45471,36.59879],[127.45189,36.59627],[127.45138,36.59594],[127.45052,36.59537],[127.44873,36.5944],[127.44484,36.5973],[127.44335,36.59915],[127.44318,36.60168],[127.44322,36.60221],[127.44246,36.60498],[127.44221,36.60566],[127.44149,36.60586],[127.44093,36.60568],[127.44064,36.60539],[127.4397,36.6044],[127.43932,36.60233],[127.4388,36.602],[127.43537,36.60196],[127.43424,36.60149],[127.43378,36.60181],[127.43331,36.60283],[127.43418,36.60577],[127.43485,36.60622],[127.4359,36.60643],[127.43662,36.60727],[127.43702,36.60828],[127.43695,36.60901],[127.43671,36.60973],[127.43672,36.61029],[127.43767,36.61141],[127.4382,36.61151],[127.43872,36.61173],[127.43956,36.61212],[127.44053,36.61259],[127.44112,36.613],[127.44141,36.61325],[127.44434,36.61594],[127.4445,36.61757],[127.44436,36.62148],[127.4442,36.62185],[127.44321,36.6235],[127.44467,36.62429],[127.44529,36.62447],[127.44581,36.6246],[127.44703,36.62465],[127.44984,36.62633],[127.44989,36.6279],[127.44996,36.62898],[127.45009,36.6297],[127.45043,36.63034],[127.45071,36.63065],[127.45113,36.63102],[127.45287,36.63251],[127.45452,36.63263],[127.45579,36.63172],[127.45747,36.63185],[127.45868,36.63235],[127.46154,36.63087],[127.46219,36.62907],[127.46301,36.62894],[127.46542,36.62897]]]]}},{"type":"Feature","properties":{"emd":"오송읍","gu":"흥덕구","adm_cd2":"4311325000","centroid":[127.32033,36.62812]},"geometry":{"type":"MultiPolygon","coordinates":[[[[127.35967,36.63557],[127.35729,36.6348],[127.35536,36.63394],[127.35466,36.63322],[127.35234,36.63064],[127.3515,36.62919],[127.35106,36.62834],[127.35028,36.62616],[127.35042,36.62519],[127.35111,36.62444],[127.35133,36.62401],[127.3512,36.62321],[127.35056,36.62077],[127.35044,36.62029],[127.34955,36.61768],[127.34888,36.61401],[127.34857,36.61162],[127.34834,36.61111],[127.34667,36.60899],[127.34477,36.60768],[127.34362,36.60546],[127.34399,36.60171],[127.34445,36.60023],[127.34438,36.59815],[127.34399,36.59735],[127.34324,36.59681],[127.34194,36.59631],[127.3408,36.5959],[127.34013,36.5959],[127.33899,36.59653],[127.33676,36.59748],[127.33595,36.59752],[127.33457,36.59721],[127.33391,36.59628],[127.33352,36.59509],[127.33287,36.59417],[127.33175,36.59362],[127.3309,36.59321],[127.32992,36.59244],[127.32666,36.58844],[127.32375,36.5846],[127.3219,36.58265],[127.32068,36.58219],[127.32022,36.58203],[127.31977,36.58192],[127.31925,36.58189],[127.31856,36.58194],[127.31792,36.58201],[127.31705,36.5821],[127.31658,36.58215],[127.31574,36.58226],[127.31494,36.58237],[127.31422,36.58247],[127.30824,36.58346],[127.30779,36.58356],[127.30743,36.58377],[127.30725,36.58411],[127.30717,36.58453],[127.30701,36.58492],[127.30672,36.58516],[127.30635,36.5853],[127.3055,36.58532],[127.30419,36.58565],[127.30368,36.58568],[127.30329,36.58557],[127.30286,36.5852],[127.30262,36.58483],[127.3023,36.58419],[127.30211,36.58371],[127.30194,36.58322],[127.30177,36.58269],[127.30161,36.58212],[127.30106,36.5822],[127.29935,36.5864],[127.30096,36.58755],[127.3015,36.58794],[127.30312,36.58909],[127.3036,36.58949],[127.3038,36.58986],[127.30419,36.59173],[127.30439,36.59311],[127.30448,36.59497],[127.30563,36.59749],[127.30646,36.59869],[127.30676,36.59935],[127.30698,36.59997],[127.30709,36.60056],[127.30715,36.60152],[127.3068,36.60208],[127.30624,36.60292],[127.30458,36.60417],[127.30354,36.60483],[127.30287,36.60531],[127.30166,36.60678],[127.30123,36.60752],[127.3012,36.60917],[127.30153,36.6101],[127.30178,36.61166],[127.30175,36.61243],[127.30138,36.61378],[127.30099,36.61514],[127.30087,36.61554],[127.3006,36.61581],[127.29757,36.61854],[127.29459,36.6207],[127.29128,36.62554],[127.29093,36.62695],[127.29162,36.63279],[127.29175,36.63317],[127.2924,36.63477],[127.29248,36.63532],[127.29237,36.63576],[127.28998,36.63694],[127.28954,36.63711],[127.28885,36.63713],[127.28742,36.63643],[127.28666,36.63572],[127.28558,36.63487],[127.28501,36.63465],[127.28386,36.63455],[127.28129,36.63434],[127.27997,36.63464],[127.27921,36.63512],[127.27835,36.63615],[127.27762,36.63707],[127.27671,36.63852],[127.27728,36.64157],[127.27815,36.64156],[127.27887,36.64105],[127.27939,36.64085],[127.27996,36.64098],[127.28044,36.64166],[127.2812,36.64377],[127.28161,36.6452],[127.28193,36.64585],[127.284,36.6496],[127.28419,36.64993],[127.28696,36.65417],[127.2907,36.65446],[127.29154,36.65438],[127.29228,36.65429],[127.29333,36.65445],[127.29514,36.65518],[127.29939,36.65777],[127.3,36.6582],[127.30049,36.65863],[127.30152,36.65995],[127.30137,36.66063],[127.30126,36.66128],[127.3013,36.66231],[127.30139,36.66371],[127.30176,36.66455],[127.3023,36.66492],[127.30271,36.66511],[127.30326,36.66548],[127.3041,36.66618],[127.30476,36.66693],[127.30498,36.6673],[127.30508,36.66803],[127.30624,36.66685],[127.30693,36.66657],[127.30878,36.66655],[127.30937,36.6666],[127.31205,36.66543],[127.3141,36.66442],[127.316,36.66336],[127.31911,36.66084],[127.31956,36.65862],[127.32016,36.65738],[127.32062,36.65698],[127.32099,36.65681],[127.32142,36.65668],[127.32214,36.65653],[127.32325,36.65678],[127.32453,36.65741],[127.32519,36.65807],[127.32548,36.65864],[127.33018,36.66334],[127.33172,36.66211],[127.33226,36.66131],[127.33268,36.66],[127.33313,36.65872],[127.33337,36.65826],[127.33426,36.65739],[127.34033,36.65626],[127.34145,36.65647],[127.34353,36.65722],[127.34491,36.65797],[127.34681,36.65917],[127.3482,36.66015],[127.34907,36.66048],[127.34997,36.6602],[127.3508,36.65941],[127.3514,36.65854],[127.3519,36.65632],[127.35225,36.65308],[127.3513,36.64899],[127.35099,36.64789],[127.35068,36.64752],[127.34952,36.64673],[127.34891,36.64633],[127.3485,36.64538],[127.34802,36.64349],[127.3482,36.64297],[127.34882,36.64259],[127.35129,36.64199],[127.352,36.64194],[127.35287,36.6422],[127.35367,36.64235],[127.3547,36.6423],[127.35564,36.6419],[127.35725,36.64049],[127.35867,36.63806],[127.35967,36.63557]]]]}},{"type":"Feature","properties":{"emd":"강내면","gu":"흥덕구","adm_cd2":"4311331000","centroid":[127.36045,36.59875]},"geometry":{"type":"MultiPolygon","coordinates":[[[[127.38985,36.58533],[127.38891,36.58423],[127.38844,36.58343],[127.38823,36.583],[127.38774,36.58167],[127.38755,36.58109],[127.38762,36.58063],[127.38748,36.57936],[127.38712,36.57839],[127.38682,36.57774],[127.38658,36.57733],[127.38558,36.57701],[127.38521,36.57681],[127.38114,36.57302],[127.37755,36.56933],[127.37719,36.56822],[127.37706,36.56744],[127.37566,36.56751],[127.37029,36.56651],[127.36801,36.56507],[127.36755,36.56468],[127.36668,36.5644],[127.36499,36.56425],[127.3643,36.56424],[127.36331,36.56424],[127.36114,36.5633],[127.36075,36.56256],[127.36054,36.56227],[127.35852,36.5621],[127.35312,36.56216],[127.35161,36.56222],[127.35113,36.56228],[127.35092,36.56259],[127.35067,36.56286],[127.35034,36.56313],[127.34994,36.56338],[127.34948,36.56357],[127.3476,36.56423],[127.34652,36.56437],[127.34327,36.56454],[127.34061,36.56351],[127.34015,36.5633],[127.33982,36.56311],[127.33948,36.56291],[127.33879,36.56264],[127.33838,36.56252],[127.33782,36.56256],[127.33738,36.56273],[127.3371,36.56305],[127.33554,36.56741],[127.33545,36.56792],[127.33549,36.56843],[127.3357,36.56886],[127.33595,36.56921],[127.33621,36.56957],[127.33641,36.56992],[127.33625,36.5703],[127.33599,36.57063],[127.3357,36.57096],[127.33027,36.57501],[127.32988,36.57514],[127.32934,36.57533],[127.32887,36.57551],[127.32836,36.57573],[127.32783,36.57598],[127.32731,36.57628],[127.32683,36.57661],[127.3264,36.57694],[127.32605,36.57724],[127.32578,36.5775],[127.32554,36.57778],[127.3249,36.57894],[127.32503,36.57954],[127.32514,36.57995],[127.32493,36.5807],[127.32466,36.58098],[127.32251,36.58246],[127.32214,36.58263],[127.32375,36.5846],[127.32666,36.58844],[127.32992,36.59244],[127.3309,36.59321],[127.33143,36.59346],[127.33287,36.59417],[127.33352,36.59509],[127.33391,36.59628],[127.33457,36.59721],[127.33595,36.59752],[127.33676,36.59748],[127.33899,36.59653],[127.34013,36.5959],[127.3408,36.5959],[127.34194,36.59631],[127.34324,36.59681],[127.34399,36.59735],[127.34438,36.59815],[127.34445,36.60023],[127.34399,36.60171],[127.34362,36.60546],[127.34477,36.60768],[127.34667,36.60899],[127.34834,36.61111],[127.34857,36.61162],[127.34888,36.61401],[127.34955,36.61768],[127.35044,36.62029],[127.35056,36.62077],[127.3512,36.62321],[127.35133,36.62401],[127.35111,36.62444],[127.35062,36.6249],[127.35028,36.62616],[127.35106,36.62834],[127.3515,36.62919],[127.35234,36.63064],[127.35466,36.63322],[127.35536,36.63394],[127.35729,36.6348],[127.35967,36.63557],[127.36213,36.63605],[127.36309,36.63631],[127.3653,36.63732],[127.36565,36.63754],[127.36598,36.63785],[127.36766,36.63949],[127.3702,36.64172],[127.37094,36.64228],[127.37229,36.64316],[127.374,36.64425],[127.37476,36.64445],[127.37575,36.64517],[127.37649,36.64667],[127.37676,36.64734],[127.37692,36.64866],[127.37693,36.65193],[127.3789,36.64638],[127.37847,36.64531],[127.38103,36.64339],[127.38157,36.64299],[127.38312,36.64266],[127.38364,36.64262],[127.38409,36.64272],[127.3845,36.64295],[127.38503,36.64295],[127.38658,36.64178],[127.38951,36.63862],[127.38976,36.63833],[127.39037,36.63678],[127.39046,36.63311],[127.39007,36.63251],[127.38935,36.63103],[127.39079,36.63041],[127.39129,36.63026],[127.39669,36.62964],[127.39883,36.62959],[127.39967,36.62968],[127.40085,36.63016],[127.40123,36.63038],[127.40109,36.63078],[127.40132,36.63145],[127.4033,36.63223],[127.40645,36.6324],[127.40803,36.62973],[127.4061,36.62866],[127.40296,36.62737],[127.40045,36.62648],[127.39926,36.62642],[127.39613,36.62634],[127.39366,36.62617],[127.39098,36.6255],[127.39038,36.62508],[127.38984,36.6247],[127.38801,36.62446],[127.3865,36.62471],[127.38267,36.62548],[127.38233,36.62603],[127.38197,36.62663],[127.38202,36.62714],[127.38258,36.6276],[127.38228,36.62836],[127.38051,36.62899],[127.37534,36.62898],[127.37364,36.62884],[127.37313,36.62791],[127.37301,36.62619],[127.37297,36.62521],[127.37506,36.62329],[127.37818,36.61695],[127.37841,36.61515],[127.37826,36.61413],[127.37786,36.61386],[127.37674,36.61003],[127.37731,36.60957],[127.37762,36.60903],[127.37834,36.60712],[127.37758,36.60587],[127.37693,36.60571],[127.37596,36.60599],[127.37534,36.60648],[127.37515,36.6068],[127.37485,36.60726],[127.37282,36.60871],[127.37041,36.60841],[127.36929,36.60794],[127.36889,36.60773],[127.36853,36.60558],[127.36838,36.60416],[127.36873,36.60094],[127.36651,36.59763],[127.36618,36.59437],[127.36671,36.59361],[127.37106,36.59039],[127.37156,36.59003],[127.37546,36.58745],[127.37617,36.58703],[127.37669,36.58712],[127.37959,36.58767],[127.38394,36.58794],[127.38473,36.58649],[127.38542,36.58624],[127.38985,36.58533]]]]}},{"type":"Feature","properties":{"emd":"옥산면","gu":"흥덕구","adm_cd2":"4311332000","centroid":[127.35595,36.68698]},"geometry":{"type":"MultiPolygon","coordinates":[[[[127.42828,36.68304],[127.42696,36.6831],[127.42592,36.68295],[127.42297,36.68243],[127.4225,36.68235],[127.42133,36.68211],[127.4195,36.68137],[127.41695,36.6803],[127.41572,36.67981],[127.4145,36.67957],[127.41345,36.67947],[127.41234,36.67945],[127.41048,36.67937],[127.40973,36.6793],[127.40925,36.67925],[127.40836,36.67905],[127.40595,36.6784],[127.40504,36.67832],[127.40426,36.6783],[127.40336,36.67836],[127.40269,36.67855],[127.40193,36.6788],[127.40083,36.67857],[127.39972,36.67792],[127.39946,36.67761],[127.39783,36.67555],[127.3973,36.67459],[127.39591,36.66845],[127.39547,36.66643],[127.39518,36.66461],[127.3954,36.6637],[127.39536,36.66311],[127.39517,36.66236],[127.39497,36.66182],[127.39455,36.66133],[127.39161,36.66099],[127.38897,36.65995],[127.38821,36.65952],[127.38569,36.66023],[127.38291,36.66103],[127.38004,36.66087],[127.37815,36.66015],[127.37506,36.65891],[127.37443,36.65848],[127.37433,36.65786],[127.37446,36.65725],[127.37472,36.6565],[127.37506,36.65616],[127.37538,36.65641],[127.37673,36.65536],[127.37731,36.65374],[127.37693,36.65193],[127.37692,36.64866],[127.37676,36.64734],[127.37649,36.64667],[127.37575,36.64517],[127.37511,36.64456],[127.37421,36.64436],[127.37229,36.64316],[127.37094,36.64228],[127.3702,36.64172],[127.36766,36.63949],[127.36598,36.63785],[127.36565,36.63754],[127.3653,36.63732],[127.36309,36.63631],[127.36213,36.63605],[127.35967,36.63557],[127.35867,36.63806],[127.35725,36.64049],[127.35564,36.6419],[127.3547,36.6423],[127.35367,36.64235],[127.35287,36.6422],[127.352,36.64194],[127.35129,36.64199],[127.34897,36.64249],[127.3482,36.64297],[127.34802,36.64349],[127.3485,36.64538],[127.34891,36.64633],[127.34952,36.64673],[127.35068,36.64752],[127.35099,36.64789],[127.3513,36.64899],[127.35225,36.65308],[127.3519,36.65632],[127.3514,36.65854],[127.3508,36.65941],[127.34997,36.6602],[127.34907,36.66048],[127.3482,36.66015],[127.34681,36.65917],[127.34491,36.65797],[127.34353,36.65722],[127.34145,36.65647],[127.34046,36.65628],[127.33452,36.65731],[127.33337,36.65826],[127.33313,36.65872],[127.33268,36.66],[127.33226,36.66131],[127.33172,36.66211],[127.33018,36.66334],[127.32548,36.65864],[127.32519,36.65807],[127.32453,36.65741],[127.32325,36.65678],[127.32214,36.65653],[127.32142,36.65668],[127.32099,36.65681],[127.32062,36.65698],[127.32016,36.65738],[127.31956,36.65862],[127.31911,36.66084],[127.316,36.66336],[127.3141,36.66442],[127.31205,36.66543],[127.30937,36.6666],[127.30878,36.66655],[127.30693,36.66657],[127.30624,36.66685],[127.30508,36.66803],[127.3054,36.66867],[127.30592,36.67006],[127.30586,36.67104],[127.30626,36.67551],[127.30736,36.67766],[127.30749,36.67804],[127.30761,36.68163],[127.30739,36.68206],[127.30462,36.68485],[127.3034,36.68547],[127.30228,36.68571],[127.29841,36.68584],[127.2975,36.68577],[127.29644,36.68572],[127.29258,36.68679],[127.2919,36.687],[127.28989,36.68784],[127.28941,36.68841],[127.28921,36.6889],[127.28874,36.68938],[127.28713,36.69029],[127.28563,36.69093],[127.28658,36.69236],[127.28988,36.69558],[127.29128,36.69677],[127.2919,36.69724],[127.29245,36.69722],[127.29295,36.69711],[127.29349,36.69713],[127.29431,36.69725],[127.29661,36.69778],[127.30133,36.70026],[127.30286,36.7012],[127.30349,36.70161],[127.30735,36.70423],[127.30811,36.70494],[127.3074,36.70703],[127.30701,36.7077],[127.30677,36.70804],[127.30692,36.71115],[127.30749,36.71349],[127.30762,36.71646],[127.30766,36.71827],[127.30833,36.72101],[127.3088,36.72177],[127.30966,36.72279],[127.31023,36.7232],[127.31089,36.72362],[127.31211,36.72369],[127.31324,36.72356],[127.31424,36.72369],[127.31628,36.72451],[127.31697,36.72482],[127.32337,36.72384],[127.32491,36.72345],[127.32602,36.72316],[127.32891,36.72183],[127.3293,36.72165],[127.3298,36.72142],[127.33158,36.72065],[127.3344,36.71999],[127.33559,36.72],[127.3375,36.72013],[127.33852,36.71992],[127.33938,36.71932],[127.3402,36.71865],[127.34056,36.71848],[127.34298,36.71847],[127.34698,36.71859],[127.3478,36.71869],[127.3485,36.71877],[127.34979,36.71893],[127.35094,36.71902],[127.35165,36.71891],[127.35217,36.71861],[127.35259,36.71785],[127.35301,36.71767],[127.35474,36.71745],[127.35658,36.71732],[127.35709,36.71753],[127.35843,36.71771],[127.36164,36.71789],[127.36214,36.71761],[127.36247,36.71731],[127.36286,36.71696],[127.36624,36.71548],[127.36788,36.71519],[127.36904,36.71514],[127.37247,36.71399],[127.37392,36.7133],[127.37464,36.71265],[127.37513,36.71245],[127.37627,36.71235],[127.37676,36.71245],[127.37725,36.71255],[127.3787,36.71315],[127.38098,36.71443],[127.38156,36.71519],[127.38698,36.71748],[127.38818,36.71772],[127.38923,36.71776],[127.39002,36.71778],[127.39076,36.71775],[127.39158,36.7177],[127.3927,36.7176],[127.39402,36.71742],[127.39618,36.71651],[127.39713,36.71589],[127.39808,36.71526],[127.39856,36.71486],[127.39892,36.71457],[127.39972,36.7139],[127.4,36.71318],[127.40019,36.71236],[127.40008,36.71107],[127.40628,36.70865],[127.40675,36.70872],[127.40719,36.70879],[127.40748,36.70907],[127.40775,36.7095],[127.40797,36.70984],[127.40841,36.71009],[127.40895,36.71023],[127.41049,36.71052],[127.41078,36.70947],[127.41083,36.70889],[127.4102,36.70818],[127.40888,36.70705],[127.40858,36.70651],[127.40852,36.70592],[127.40889,36.70531],[127.41001,36.70442],[127.41232,36.7027],[127.41487,36.70081],[127.41783,36.6986],[127.42086,36.6963],[127.42063,36.69535],[127.42071,36.6932],[127.42106,36.69271],[127.42176,36.69271],[127.42329,36.69276],[127.42399,36.69284],[127.42473,36.69292],[127.42541,36.69287],[127.42556,36.69021],[127.42559,36.68917],[127.42793,36.68922],[127.4281,36.68561],[127.42828,36.68304]]]]}},{"type":"Feature","properties":{"emd":"운천·신봉동","gu":"흥덕구","adm_cd2":"4311370000","centroid":[127.47083,36.65237]},"geometry":{"type":"MultiPolygon","coordinates":[[[[127.47161,36.65929],[127.47571,36.65417],[127.47615,36.65349],[127.47671,36.65286],[127.47844,36.65088],[127.47885,36.65041],[127.47915,36.65003],[127.48059,36.64805],[127.48145,36.64658],[127.48015,36.64597],[127.47644,36.64422],[127.47531,36.64368],[127.47426,36.64317],[127.47373,36.64292],[127.47314,36.64274],[127.47263,36.6427],[127.47181,36.64272],[127.47118,36.64274],[127.47011,36.64279],[127.46886,36.64285],[127.46679,36.64601],[127.46621,36.64743],[127.4665,36.64882],[127.46613,36.64998],[127.46499,36.65241],[127.46474,36.65295],[127.46364,36.65497],[127.46198,36.65604],[127.46384,36.65619],[127.46551,36.65734],[127.46465,36.65915],[127.46363,36.66007],[127.46439,36.6655],[127.46504,36.66646],[127.46841,36.66298],[127.47161,36.65929]]]]}},{"type":"Feature","properties":{"emd":"복대1동","gu":"흥덕구","adm_cd2":"4311374100","centroid":[127.43492,36.6376]},"geometry":{"type":"MultiPolygon","coordinates":[[[[127.43185,36.64443],[127.43511,36.64428],[127.43667,36.64223],[127.43886,36.64027],[127.44107,36.64003],[127.44321,36.63998],[127.44434,36.63907],[127.4443,36.63813],[127.44526,36.63808],[127.44749,36.63802],[127.44893,36.63803],[127.4518,36.6381],[127.45169,36.63662],[127.45449,36.63656],[127.45651,36.63642],[127.45634,36.63464],[127.45531,36.63463],[127.44814,36.6342],[127.44707,36.6341],[127.44659,36.63406],[127.44542,36.63393],[127.44452,36.63379],[127.44365,36.63353],[127.44194,36.63306],[127.44113,36.63284],[127.43886,36.63266],[127.43538,36.6329],[127.43484,36.63293],[127.43431,36.63295],[127.43373,36.63298],[127.43327,36.63291],[127.4323,36.63273],[127.43104,36.63147],[127.42835,36.6286],[127.42715,36.6286],[127.42731,36.6302],[127.42585,36.63221],[127.42403,36.63474],[127.42375,36.63521],[127.4236,36.63559],[127.42347,36.63611],[127.42321,36.63713],[127.42306,36.63811],[127.42298,36.63867],[127.42405,36.63864],[127.42469,36.63861],[127.42439,36.64103],[127.4234,36.64476],[127.42274,36.64622],[127.42372,36.64619],[127.42472,36.64613],[127.4255,36.64609],[127.42608,36.64602],[127.42681,36.64588],[127.42723,36.64576],[127.42773,36.64556],[127.42864,36.64517],[127.42961,36.64482],[127.43035,36.64461],[127.43129,36.64446],[127.43185,36.64443]]]]}},{"type":"Feature","properties":{"emd":"복대2동","gu":"흥덕구","adm_cd2":"4311374200","centroid":[127.4458,36.6299]},"geometry":{"type":"MultiPolygon","coordinates":[[[[127.45452,36.63263],[127.45302,36.63262],[127.45113,36.63102],[127.45071,36.63065],[127.45043,36.63034],[127.4502,36.62996],[127.45001,36.62942],[127.44992,36.62829],[127.44984,36.62633],[127.44716,36.62464],[127.44614,36.62462],[127.44529,36.62447],[127.44467,36.62429],[127.44321,36.6235],[127.43851,36.6304],[127.43816,36.63112],[127.43806,36.63162],[127.43822,36.632],[127.43847,36.63231],[127.43886,36.63266],[127.44113,36.63284],[127.44194,36.63306],[127.44365,36.63353],[127.44445,36.63377],[127.44542,36.63393],[127.44648,36.63405],[127.44707,36.6341],[127.44783,36.63417],[127.45531,36.63463],[127.45634,36.63464],[127.45452,36.63263]]]]}},{"type":"Feature","properties":{"emd":"가경동","gu":"흥덕구","adm_cd2":"4311374700","centroid":[127.43403,36.62014]},"geometry":{"type":"MultiPolygon","coordinates":[[[[127.43886,36.63266],[127.43847,36.63231],[127.43822,36.632],[127.43806,36.63162],[127.43816,36.63112],[127.43837,36.63065],[127.44292,36.6234],[127.4442,36.62185],[127.44436,36.62148],[127.4445,36.61757],[127.44434,36.61594],[127.44141,36.61325],[127.44112,36.613],[127.44084,36.61276],[127.43956,36.61212],[127.43872,36.61173],[127.4382,36.61151],[127.43767,36.61141],[127.43677,36.61118],[127.43317,36.6099],[127.43259,36.60961],[127.4321,36.60963],[127.42781,36.61035],[127.42551,36.61166],[127.42518,36.61189],[127.42245,36.61683],[127.42311,36.61908],[127.424,36.62052],[127.42579,36.62293],[127.42669,36.62299],[127.42771,36.62294],[127.43099,36.62394],[127.43154,36.62413],[127.42835,36.6286],[127.43104,36.63147],[127.4323,36.63273],[127.43327,36.63291],[127.43373,36.63298],[127.43424,36.63296],[127.43484,36.63293],[127.43538,36.6329],[127.43886,36.63266]]]]}},{"type":"Feature","properties":{"emd":"봉명1동","gu":"흥덕구","adm_cd2":"4311375100","centroid":[127.46024,36.64044]},"geometry":{"type":"MultiPolygon","coordinates":[[[[127.46886,36.64285],[127.46894,36.63986],[127.46821,36.63986],[127.46695,36.63986],[127.46692,36.63878],[127.46691,36.63827],[127.4669,36.63777],[127.46545,36.63777],[127.46365,36.63819],[127.46307,36.63854],[127.46261,36.63883],[127.46171,36.63937],[127.45665,36.63799],[127.45655,36.63688],[127.45449,36.63656],[127.45169,36.63662],[127.4518,36.6381],[127.4535,36.63813],[127.45359,36.63891],[127.45363,36.63951],[127.45367,36.63999],[127.45374,36.64095],[127.45392,36.64337],[127.45454,36.64335],[127.45759,36.64324],[127.46886,36.64285]]]]}},{"type":"Feature","properties":{"emd":"봉명2·송정동","gu":"흥덕구","adm_cd2":"4311375600","centroid":[127.45058,36.6486]},"geometry":{"type":"MultiPolygon","coordinates":[[[[127.46886,36.64285],[127.45759,36.64324],[127.45461,36.64335],[127.45392,36.64337],[127.45377,36.6414],[127.45367,36.63999],[127.45363,36.63951],[127.45359,36.63891],[127.4535,36.63813],[127.4518,36.6381],[127.44893,36.63803],[127.44749,36.63802],[127.44526,36.63808],[127.4443,36.63813],[127.44434,36.63907],[127.44321,36.63998],[127.44107,36.64003],[127.43909,36.64009],[127.43667,36.64223],[127.43511,36.64428],[127.43185,36.64443],[127.43186,36.64769],[127.43414,36.64769],[127.43534,36.64935],[127.43536,36.65097],[127.43535,36.6537],[127.43692,36.65387],[127.43769,36.65394],[127.43836,36.65397],[127.43907,36.65396],[127.4409,36.65377],[127.44149,36.6538],[127.44191,36.65399],[127.44244,36.65435],[127.44525,36.65611],[127.45114,36.65801],[127.45411,36.65852],[127.45767,36.65864],[127.46108,36.65877],[127.46197,36.65882],[127.46316,36.65888],[127.46434,36.65906],[127.46551,36.65734],[127.46384,36.65619],[127.46198,36.65604],[127.46364,36.65497],[127.46474,36.65295],[127.46499,36.65241],[127.46613,36.64998],[127.4665,36.64882],[127.46621,36.64743],[127.46679,36.64601],[127.46886,36.64285]]]]}},{"type":"Feature","properties":{"emd":"강서1동","gu":"흥덕구","adm_cd2":"4311376000","centroid":[127.3995,36.62264]},"geometry":{"type":"MultiPolygon","coordinates":[[[[127.42274,36.64622],[127.42325,36.6451],[127.42439,36.64103],[127.42478,36.63861],[127.42405,36.63864],[127.42298,36.63867],[127.42306,36.63811],[127.42319,36.63723],[127.42347,36.63611],[127.4236,36.63559],[127.42375,36.63521],[127.42403,36.63474],[127.42585,36.63221],[127.42731,36.6302],[127.42715,36.6286],[127.42835,36.6286],[127.43149,36.62421],[127.43099,36.62394],[127.42771,36.62294],[127.42669,36.62299],[127.42579,36.62293],[127.424,36.62052],[127.42321,36.61937],[127.42247,36.61691],[127.42518,36.61189],[127.42551,36.61166],[127.42781,36.61035],[127.4321,36.60963],[127.43259,36.60961],[127.43317,36.6099],[127.43677,36.61118],[127.43767,36.61141],[127.43683,36.61064],[127.43671,36.60973],[127.43695,36.60901],[127.43702,36.60828],[127.43662,36.60727],[127.43614,36.60664],[127.43513,36.60615],[127.43424,36.60593],[127.43331,36.60283],[127.43378,36.60181],[127.43424,36.60149],[127.43429,36.59999],[127.43422,36.59949],[127.43272,36.59932],[127.4273,36.5995],[127.42674,36.59975],[127.42628,36.59993],[127.4252,36.60009],[127.42327,36.60008],[127.42243,36.59983],[127.42115,36.59888],[127.42014,36.59811],[127.41946,36.59828],[127.41784,36.59952],[127.41717,36.60008],[127.41674,36.60045],[127.41619,36.60096],[127.4157,36.60143],[127.41449,36.60278],[127.41409,36.60313],[127.41351,36.60358],[127.41291,36.60396],[127.41248,36.60419],[127.41188,36.60446],[127.40949,36.60267],[127.40724,36.60035],[127.40688,36.59914],[127.40669,36.59883],[127.40627,36.59834],[127.4056,36.59799],[127.40253,36.59697],[127.40191,36.59667],[127.40101,36.59604],[127.40083,36.59556],[127.40068,36.59483],[127.40021,36.59372],[127.39961,36.5926],[127.39924,36.59195],[127.39825,36.59072],[127.39202,36.58584],[127.39022,36.58534],[127.38542,36.58624],[127.38473,36.58649],[127.38394,36.58794],[127.37959,36.58767],[127.37672,36.58718],[127.37649,36.5869],[127.37546,36.58745],[127.3717,36.58994],[127.37106,36.59039],[127.36671,36.59361],[127.36618,36.59437],[127.36642,36.5974],[127.36873,36.60094],[127.36838,36.60416],[127.36853,36.60558],[127.36889,36.60773],[127.36929,36.60794],[127.3702,36.60834],[127.37282,36.60871],[127.37485,36.60726],[127.37515,36.6068],[127.37534,36.60648],[127.37596,36.60599],[127.37693,36.60571],[127.37758,36.60587],[127.37845,36.60678],[127.37762,36.60903],[127.37731,36.60957],[127.37674,36.61003],[127.37786,36.61386],[127.37826,36.61413],[127.37841,36.61515],[127.37818,36.61695],[127.37506,36.62329],[127.37297,36.62521],[127.37301,36.62619],[127.37313,36.62791],[127.37364,36.62884],[127.37534,36.62898],[127.38051,36.62899],[127.38224,36.62847],[127.38251,36.62779],[127.38202,36.62714],[127.38197,36.62663],[127.38217,36.6263],[127.38255,36.62568],[127.3865,36.62471],[127.38801,36.62446],[127.38984,36.6247],[127.39038,36.62508],[127.39098,36.6255],[127.39366,36.62617],[127.39613,36.62634],[127.39926,36.62642],[127.40045,36.62648],[127.40296,36.62737],[127.40598,36.62859],[127.40803,36.62973],[127.40645,36.6324],[127.40344,36.63228],[127.40132,36.63145],[127.40109,36.63078],[127.40123,36.63038],[127.40085,36.63016],[127.39993,36.62979],[127.39883,36.62959],[127.39669,36.62964],[127.39129,36.63026],[127.39089,36.63038],[127.38935,36.63103],[127.39007,36.63251],[127.39046,36.63311],[127.39037,36.63678],[127.38976,36.63833],[127.38951,36.63862],[127.38658,36.64178],[127.38503,36.64295],[127.38473,36.64316],[127.38435,36.64284],[127.38393,36.64266],[127.38346,36.64262],[127.38176,36.64285],[127.38103,36.64339],[127.37847,36.64531],[127.3789,36.64638],[127.37693,36.65193],[127.37731,36.65343],[127.37682,36.65527],[127.37538,36.65641],[127.37506,36.65616],[127.37472,36.6565],[127.37446,36.65725],[127.37433,36.65786],[127.37443,36.65848],[127.37506,36.65891],[127.37815,36.66015],[127.38004,36.66087],[127.38291,36.66103],[127.38569,36.66023],[127.388,36.65949],[127.38897,36.65995],[127.39161,36.66099],[127.39455,36.66133],[127.39588,36.66254],[127.39695,36.66254],[127.3988,36.66232],[127.40448,36.66111],[127.40558,36.66047],[127.4061,36.65952],[127.40619,36.65865],[127.40658,36.65763],[127.40799,36.65594],[127.41117,36.65268],[127.41235,36.6517],[127.41446,36.65172],[127.41619,36.65187],[127.41715,36.65161],[127.42018,36.65],[127.42283,36.64719],[127.42274,36.64622]]]]}},{"type":"Feature","properties":{"emd":"강서2동","gu":"흥덕구","adm_cd2":"4311377000","centroid":[127.42897,36.66648]},"geometry":{"type":"MultiPolygon","coordinates":[[[[127.46303,36.66933],[127.46504,36.66646],[127.46439,36.6655],[127.46363,36.66007],[127.46465,36.65915],[127.46316,36.65888],[127.46197,36.65882],[127.46108,36.65877],[127.45767,36.65864],[127.45411,36.65852],[127.45114,36.65801],[127.44525,36.65611],[127.44244,36.65435],[127.44191,36.65399],[127.44149,36.6538],[127.4409,36.65377],[127.43907,36.65396],[127.43836,36.65397],[127.43769,36.65394],[127.43692,36.65387],[127.43572,36.65374],[127.43536,36.65097],[127.43534,36.64939],[127.43414,36.64769],[127.43186,36.64769],[127.43185,36.64443],[127.43137,36.64445],[127.4307,36.64455],[127.42961,36.64482],[127.42864,36.64517],[127.42773,36.64556],[127.42723,36.64576],[127.42681,36.64588],[127.42616,36.64602],[127.4255,36.64609],[127.42472,36.64613],[127.42372,36.64619],[127.42274,36.64622],[127.42283,36.64719],[127.42018,36.65],[127.41715,36.65161],[127.41619,36.65187],[127.41446,36.65172],[127.41235,36.6517],[127.41117,36.65268],[127.40799,36.65594],[127.40658,36.65763],[127.40619,36.65865],[127.40613,36.65935],[127.40558,36.66047],[127.40448,36.66111],[127.3988,36.66232],[127.39695,36.66254],[127.39588,36.66254],[127.39455,36.66133],[127.39497,36.66182],[127.39517,36.66236],[127.39536,36.66311],[127.3954,36.6637],[127.39519,36.66429],[127.39547,36.66643],[127.39591,36.66845],[127.3973,36.67459],[127.39783,36.67555],[127.39946,36.67761],[127.39972,36.67792],[127.40083,36.67857],[127.40159,36.67883],[127.40269,36.67855],[127.40336,36.67836],[127.40426,36.6783],[127.40504,36.67832],[127.40595,36.6784],[127.40836,36.67905],[127.40925,36.67925],[127.40973,36.6793],[127.41048,36.67937],[127.41234,36.67945],[127.41345,36.67947],[127.4145,36.67957],[127.41572,36.67981],[127.41695,36.6803],[127.4195,36.68137],[127.42133,36.68211],[127.4225,36.68235],[127.42297,36.68243],[127.42592,36.68295],[127.42696,36.6831],[127.42828,36.68304],[127.42934,36.68289],[127.42976,36.68269],[127.43012,36.68252],[127.43149,36.68185],[127.43205,36.68163],[127.43274,36.68136],[127.43377,36.68137],[127.43486,36.68204],[127.43542,36.68234],[127.43606,36.68248],[127.43703,36.68248],[127.43957,36.68261],[127.44314,36.68288],[127.44367,36.68303],[127.44576,36.68431],[127.44601,36.68458],[127.44664,36.6853],[127.44858,36.6829],[127.44797,36.6826],[127.44762,36.68236],[127.44729,36.68205],[127.44709,36.68169],[127.44734,36.67698],[127.44765,36.67536],[127.44809,36.67504],[127.44858,36.67495],[127.44914,36.67487],[127.44969,36.67488],[127.4514,36.6749],[127.45208,36.67496],[127.45297,36.67505],[127.45403,36.67506],[127.45484,36.67501],[127.45627,36.67476],[127.45686,36.67442],[127.45756,36.67398],[127.46176,36.67062],[127.46222,36.67023],[127.46282,36.6696],[127.46303,36.66933]]]]}},{"type":"Feature","properties":{"emd":"내수읍","gu":"청원구","adm_cd2":"4311425000","centroid":[127.54709,36.7028]},"geometry":{"type":"MultiPolygon","coordinates":[[[[127.61116,36.72903],[127.61105,36.72773],[127.61272,36.72674],[127.6133,36.72682],[127.61383,36.72627],[127.6143,36.72526],[127.61485,36.72205],[127.61542,36.71871],[127.61592,36.71822],[127.6166,36.718],[127.61732,36.71777],[127.61799,36.71727],[127.61866,36.71641],[127.61876,36.71511],[127.61875,36.71362],[127.61788,36.70883],[127.61776,36.70745],[127.61724,36.70748],[127.61468,36.70511],[127.61453,36.70294],[127.61233,36.70011],[127.61081,36.70007],[127.6101,36.70006],[127.60818,36.69967],[127.60672,36.69934],[127.60547,36.6982],[127.60199,36.69815],[127.60052,36.6989],[127.5993,36.69858],[127.59764,36.69778],[127.5963,36.69613],[127.59205,36.69087],[127.59237,36.69],[127.59199,36.68856],[127.59085,36.6877],[127.5891,36.68768],[127.58662,36.68574],[127.58563,36.68375],[127.58444,36.68445],[127.58235,36.68494],[127.58117,36.68474],[127.57944,36.68438],[127.57787,36.68316],[127.5754,36.68113],[127.57039,36.67758],[127.56727,36.67443],[127.56687,36.67431],[127.56294,36.67425],[127.5555,36.67401],[127.5517,36.67276],[127.55034,36.6731],[127.54996,36.67376],[127.54921,36.67439],[127.54815,36.67304],[127.54711,36.67154],[127.54445,36.66961],[127.54361,36.66901],[127.54274,36.66876],[127.54013,36.66914],[127.53905,36.66923],[127.53693,36.66924],[127.53593,36.66884],[127.53314,36.66639],[127.53269,36.66587],[127.5322,36.66624],[127.52856,36.66744],[127.52425,36.66908],[127.51865,36.67167],[127.51572,36.67254],[127.5123,36.67422],[127.51098,36.67552],[127.50749,36.67825],[127.50594,36.67948],[127.50577,36.67984],[127.50606,36.68025],[127.50576,36.68067],[127.5046,36.68221],[127.50426,36.6826],[127.50374,36.68307],[127.49971,36.6845],[127.49998,36.68914],[127.49669,36.6911],[127.49641,36.69168],[127.49664,36.69513],[127.49672,36.69577],[127.49776,36.69955],[127.49826,36.70168],[127.49743,36.70412],[127.49644,36.70523],[127.49688,36.70596],[127.49772,36.70607],[127.49995,36.70651],[127.5006,36.70704],[127.50203,36.71147],[127.5016,36.71178],[127.50085,36.71184],[127.49958,36.71246],[127.49896,36.71306],[127.49864,36.71398],[127.49947,36.71438],[127.49997,36.71451],[127.50068,36.71532],[127.50122,36.71681],[127.49958,36.71758],[127.49758,36.71766],[127.49612,36.71639],[127.49489,36.71534],[127.49208,36.71568],[127.48599,36.71803],[127.48537,36.71841],[127.48507,36.71885],[127.4854,36.71916],[127.48622,36.72015],[127.48665,36.72078],[127.48682,36.72128],[127.48622,36.72231],[127.48589,36.72356],[127.48636,36.72455],[127.48807,36.72609],[127.48848,36.72646],[127.48905,36.72716],[127.4891,36.72786],[127.48917,36.72889],[127.49016,36.72997],[127.50156,36.73248],[127.50563,36.73277],[127.51014,36.73305],[127.5115,36.73309],[127.51198,36.73303],[127.51324,36.7325],[127.51471,36.73188],[127.5155,36.73157],[127.51636,36.73128],[127.5168,36.73121],[127.51951,36.73126],[127.52039,36.73142],[127.52363,36.73317],[127.52825,36.73481],[127.53663,36.73289],[127.53938,36.73149],[127.53978,36.73123],[127.54065,36.73012],[127.54127,36.72962],[127.54185,36.72923],[127.544,36.72816],[127.545,36.7281],[127.54546,36.7279],[127.54649,36.72713],[127.54713,36.72661],[127.54716,36.72528],[127.54704,36.72468],[127.54754,36.72386],[127.54889,36.72329],[127.55327,36.72206],[127.55522,36.72216],[127.5589,36.71996],[127.55929,36.71963],[127.55987,36.71913],[127.56136,36.71778],[127.56182,36.71742],[127.5653,36.71485],[127.56617,36.71444],[127.56691,36.71433],[127.57052,36.71519],[127.57879,36.71734],[127.57931,36.7176],[127.57989,36.71839],[127.57997,36.71924],[127.58222,36.72117],[127.58573,36.72228],[127.58717,36.72266],[127.59303,36.724],[127.59628,36.7242],[127.59811,36.72412],[127.59987,36.72438],[127.60266,36.72486],[127.60519,36.72586],[127.60971,36.72784],[127.61116,36.72903]]]]}},{"type":"Feature","properties":{"emd":"오창읍","gu":"청원구","adm_cd2":"4311425300","centroid":[127.42131,36.73324]},"geometry":{"type":"MultiPolygon","coordinates":[[[[127.50134,36.76395],[127.50131,36.76195],[127.50127,36.76068],[127.50115,36.76022],[127.50048,36.75867],[127.49779,36.75659],[127.49671,36.75637],[127.49509,36.7561],[127.49445,36.75583],[127.49407,36.75559],[127.49363,36.75508],[127.49249,36.7534],[127.49196,36.7526],[127.49194,36.75124],[127.49201,36.75007],[127.49155,36.74863],[127.49057,36.74771],[127.4895,36.74713],[127.48869,36.74669],[127.48827,36.74646],[127.48708,36.74597],[127.4866,36.74572],[127.48603,36.74543],[127.48551,36.74499],[127.48425,36.74392],[127.48351,36.74304],[127.48315,36.74216],[127.48291,36.7413],[127.4829,36.7405],[127.48307,36.73839],[127.48319,36.73767],[127.48302,36.73558],[127.48165,36.72965],[127.48141,36.72872],[127.48105,36.7279],[127.47974,36.72534],[127.47875,36.72365],[127.47751,36.7218],[127.47655,36.7172],[127.47631,36.71643],[127.47577,36.71508],[127.47551,36.71446],[127.475,36.71375],[127.47408,36.71284],[127.47341,36.71238],[127.47285,36.71213],[127.46831,36.70976],[127.4655,36.70814],[127.46418,36.70724],[127.46357,36.70682],[127.46287,36.70603],[127.46239,36.70544],[127.46207,36.70469],[127.46188,36.70389],[127.46179,36.70068],[127.46176,36.69711],[127.46175,36.69606],[127.46143,36.69573],[127.45997,36.69512],[127.45843,36.69462],[127.45756,36.69433],[127.456,36.69382],[127.45552,36.69351],[127.45435,36.69228],[127.45336,36.69124],[127.45225,36.69054],[127.45181,36.69044],[127.45095,36.69035],[127.44992,36.69006],[127.44918,36.68945],[127.44782,36.68762],[127.44664,36.6853],[127.44601,36.68458],[127.44576,36.68431],[127.44405,36.68313],[127.44314,36.68288],[127.43957,36.68261],[127.43703,36.68248],[127.43645,36.6825],[127.43542,36.68234],[127.43486,36.68204],[127.43377,36.68137],[127.43274,36.68136],[127.43205,36.68163],[127.43149,36.68185],[127.43012,36.68252],[127.42976,36.68269],[127.42934,36.68289],[127.42828,36.68304],[127.4281,36.68561],[127.42793,36.68922],[127.42559,36.68917],[127.42556,36.69021],[127.42541,36.69287],[127.42473,36.69292],[127.42422,36.69294],[127.42329,36.69276],[127.42176,36.69271],[127.42106,36.69271],[127.42071,36.6932],[127.42063,36.69535],[127.42086,36.6963],[127.41783,36.6986],[127.41487,36.70081],[127.41232,36.7027],[127.41001,36.70442],[127.40889,36.70531],[127.40862,36.70561],[127.40851,36.70624],[127.40888,36.70705],[127.4102,36.70818],[127.41083,36.70889],[127.41078,36.70947],[127.41049,36.71052],[127.40895,36.71023],[127.40841,36.71009],[127.40797,36.70984],[127.40775,36.7095],[127.40748,36.70907],[127.40719,36.70879],[127.40675,36.70872],[127.40628,36.70865],[127.40008,36.71099],[127.40007,36.71213],[127.4,36.71318],[127.39972,36.7139],[127.39892,36.71457],[127.39856,36.71486],[127.39824,36.71513],[127.39713,36.71589],[127.39618,36.71651],[127.39402,36.71742],[127.3927,36.7176],[127.39158,36.7177],[127.39076,36.71775],[127.39002,36.71778],[127.38923,36.71776],[127.38818,36.71772],[127.38698,36.71748],[127.38156,36.71519],[127.38098,36.71443],[127.3787,36.71315],[127.37725,36.71255],[127.37676,36.71245],[127.37627,36.71235],[127.37545,36.71232],[127.37464,36.71265],[127.37392,36.7133],[127.37247,36.71399],[127.36904,36.71514],[127.36788,36.71519],[127.36624,36.71548],[127.36313,36.71678],[127.36247,36.71731],[127.36214,36.71761],[127.36164,36.71789],[127.35843,36.71771],[127.35709,36.71753],[127.35658,36.71732],[127.35474,36.71745],[127.35301,36.71767],[127.35259,36.71785],[127.35217,36.71861],[127.35165,36.71891],[127.35094,36.71902],[127.34979,36.71893],[127.3485,36.71877],[127.3478,36.71869],[127.34698,36.71859],[127.34298,36.71847],[127.34098,36.71841],[127.3402,36.71865],[127.33938,36.71932],[127.33852,36.71992],[127.3375,36.72013],[127.33559,36.72],[127.3344,36.71999],[127.33158,36.72065],[127.3298,36.72142],[127.3293,36.72165],[127.32891,36.72183],[127.32602,36.72316],[127.32491,36.72345],[127.32337,36.72384],[127.31697,36.72482],[127.3175,36.72514],[127.31832,36.72579],[127.3197,36.72704],[127.32112,36.72856],[127.32198,36.72995],[127.32229,36.73045],[127.32308,36.73128],[127.32546,36.73367],[127.3283,36.73456],[127.3294,36.73445],[127.33006,36.73405],[127.33038,36.73363],[127.33062,36.73303],[127.33268,36.73174],[127.33686,36.72938],[127.33742,36.7294],[127.33871,36.72979],[127.3393,36.73024],[127.34018,36.73184],[127.34133,36.73682],[127.34121,36.73762],[127.34043,36.73756],[127.33843,36.73748],[127.3374,36.73987],[127.33747,36.74083],[127.33757,36.74178],[127.33756,36.74335],[127.3372,36.74447],[127.33448,36.74699],[127.33359,36.74849],[127.3344,36.74957],[127.33543,36.75114],[127.33561,36.75156],[127.33555,36.75236],[127.33599,36.7526],[127.34552,36.75386],[127.34697,36.75532],[127.34729,36.75554],[127.34876,36.7559],[127.34918,36.75598],[127.35191,36.75603],[127.35259,36.75602],[127.35312,36.75595],[127.35614,36.75765],[127.35883,36.76068],[127.36489,36.7612],[127.36935,36.76148],[127.37111,36.75962],[127.3716,36.7588],[127.37215,36.75828],[127.37485,36.75826],[127.37935,36.75907],[127.38514,36.75961],[127.38718,36.75947],[127.38745,36.75921],[127.38769,36.75813],[127.3878,36.75684],[127.38766,36.75606],[127.38777,36.75534],[127.38883,36.75331],[127.38975,36.75289],[127.39194,36.75259],[127.3927,36.75262],[127.39481,36.75094],[127.39513,36.74897],[127.39668,36.74704],[127.39789,36.74663],[127.40464,36.74494],[127.40456,36.74631],[127.40526,36.7493],[127.40565,36.75006],[127.40765,36.7516],[127.40827,36.75204],[127.40891,36.75218],[127.40949,36.75231],[127.41055,36.75283],[127.41103,36.75314],[127.4113,36.75347],[127.41155,36.75419],[127.4114,36.75494],[127.41123,36.75532],[127.41102,36.75574],[127.41118,36.75634],[127.41197,36.75727],[127.41264,36.75733],[127.41315,36.75734],[127.41427,36.75715],[127.4148,36.75681],[127.41514,36.75658],[127.41773,36.757],[127.41946,36.7575],[127.42172,36.75771],[127.42259,36.75809],[127.42456,36.75781],[127.42689,36.75708],[127.42735,36.75686],[127.42718,36.75601],[127.42609,36.75588],[127.42553,36.75565],[127.42518,36.7547],[127.42714,36.75075],[127.42989,36.75065],[127.43027,36.7508],[127.43066,36.75113],[127.4326,36.75166],[127.43858,36.75327],[127.43944,36.75317],[127.44108,36.75258],[127.44138,36.75234],[127.44195,36.75132],[127.44186,36.75018],[127.44247,36.74948],[127.44391,36.74879],[127.44489,36.74843],[127.44632,36.74824],[127.44829,36.74891],[127.44983,36.74953],[127.44987,36.7524],[127.44963,36.75353],[127.44958,36.75483],[127.45005,36.75872],[127.45138,36.76102],[127.45206,36.76185],[127.45339,36.76238],[127.45448,36.76276],[127.45649,36.76436],[127.45857,36.76607],[127.45916,36.76673],[127.46036,36.76918],[127.46034,36.76978],[127.46181,36.77017],[127.4675,36.76978],[127.46925,36.76926],[127.4703,36.76887],[127.47298,36.76939],[127.47333,36.7696],[127.47394,36.77002],[127.47524,36.77109],[127.47956,36.77336],[127.48119,36.77403],[127.48085,36.77507],[127.48196,36.77596],[127.48481,36.77579],[127.48545,36.77573],[127.48825,36.77507],[127.48866,36.77475],[127.48894,36.77438],[127.49056,36.77349],[127.49146,36.77377],[127.49286,36.776],[127.49485,36.77758],[127.50051,36.77944],[127.50195,36.77971],[127.50342,36.77935],[127.50498,36.77894],[127.50571,36.77857],[127.50633,36.77825],[127.50833,36.77674],[127.50935,36.77597],[127.5106,36.77435],[127.50948,36.77042],[127.50895,36.7695],[127.50719,36.76834],[127.50626,36.76802],[127.50535,36.76762],[127.50328,36.76656],[127.50271,36.76606],[127.50209,36.76514],[127.50134,36.76395]]]]}},{"type":"Feature","properties":{"emd":"북이면","gu":"청원구","adm_cd2":"4311431000","centroid":[127.54795,36.74623]},"geometry":{"type":"MultiPolygon","coordinates":[[[[127.61116,36.72903],[127.60971,36.72784],[127.60519,36.72586],[127.60266,36.72486],[127.59987,36.72438],[127.59811,36.72412],[127.59628,36.7242],[127.59303,36.724],[127.5872,36.72267],[127.58573,36.72228],[127.58222,36.72117],[127.57997,36.71924],[127.57989,36.71839],[127.57931,36.7176],[127.57879,36.71734],[127.57052,36.71519],[127.56691,36.71433],[127.56617,36.71444],[127.5653,36.71485],[127.56182,36.71742],[127.56136,36.71778],[127.55987,36.71913],[127.55929,36.71963],[127.5589,36.71996],[127.55522,36.72216],[127.55327,36.72206],[127.54889,36.72329],[127.54763,36.72371],[127.54704,36.72468],[127.54716,36.72528],[127.54713,36.72661],[127.54649,36.72713],[127.54546,36.7279],[127.545,36.7281],[127.54438,36.72809],[127.54185,36.72923],[127.54152,36.72945],[127.5408,36.72999],[127.53978,36.73123],[127.53938,36.73149],[127.53663,36.73289],[127.52825,36.73481],[127.52363,36.73317],[127.52039,36.73142],[127.51951,36.73126],[127.5168,36.73121],[127.51636,36.73128],[127.51577,36.73148],[127.51471,36.73188],[127.51324,36.7325],[127.51198,36.73303],[127.5115,36.73309],[127.51014,36.73305],[127.50563,36.73277],[127.50156,36.73248],[127.49016,36.72997],[127.48917,36.72889],[127.4891,36.72786],[127.48905,36.72716],[127.48848,36.72646],[127.48807,36.72609],[127.48636,36.72455],[127.48589,36.72356],[127.48565,36.72317],[127.48366,36.72201],[127.48192,36.72172],[127.47751,36.7218],[127.47875,36.72365],[127.47974,36.72534],[127.48105,36.7279],[127.48141,36.72872],[127.48165,36.72965],[127.48302,36.73558],[127.48319,36.73767],[127.48307,36.73839],[127.4829,36.7405],[127.48291,36.7413],[127.48315,36.74216],[127.48351,36.74304],[127.48425,36.74392],[127.48551,36.74499],[127.48603,36.74543],[127.4866,36.74572],[127.48708,36.74597],[127.48827,36.74646],[127.48869,36.74669],[127.4895,36.74713],[127.49057,36.74771],[127.49155,36.74863],[127.49201,36.75002],[127.49194,36.75124],[127.49196,36.7526],[127.49249,36.7534],[127.49363,36.75508],[127.49407,36.75559],[127.49445,36.75583],[127.49509,36.7561],[127.49671,36.75637],[127.49779,36.75659],[127.50033,36.75844],[127.50115,36.76022],[127.50127,36.76068],[127.50131,36.76195],[127.50134,36.76395],[127.50217,36.76399],[127.50625,36.76546],[127.50724,36.76601],[127.50925,36.76717],[127.51011,36.76751],[127.5113,36.76798],[127.51221,36.76788],[127.5131,36.76778],[127.51398,36.76782],[127.515,36.76787],[127.51545,36.76797],[127.51674,36.76847],[127.51735,36.76876],[127.51777,36.76896],[127.52178,36.76977],[127.52231,36.76968],[127.52336,36.76964],[127.52686,36.76981],[127.52939,36.77001],[127.53019,36.77009],[127.53048,36.7704],[127.53073,36.77069],[127.53104,36.77102],[127.53141,36.7714],[127.53202,36.77174],[127.54118,36.77414],[127.54191,36.7741],[127.54286,36.77387],[127.54425,36.77365],[127.5447,36.77378],[127.54599,36.77451],[127.54862,36.77583],[127.54975,36.77632],[127.55443,36.77785],[127.55584,36.77802],[127.55741,36.77808],[127.5579,36.77781],[127.56036,36.77815],[127.5627,36.77912],[127.5636,36.7795],[127.56416,36.77961],[127.56632,36.77789],[127.5665,36.77755],[127.56698,36.77644],[127.5675,36.77493],[127.56759,36.77434],[127.5676,36.77359],[127.56767,36.77303],[127.56872,36.77176],[127.56974,36.77148],[127.57019,36.77137],[127.5708,36.77105],[127.57193,36.77043],[127.57227,36.77023],[127.57257,36.76997],[127.57372,36.76881],[127.57494,36.76751],[127.57533,36.76726],[127.57591,36.76702],[127.57709,36.76678],[127.58479,36.76458],[127.5886,36.76253],[127.58905,36.76006],[127.58841,36.7571],[127.59024,36.75341],[127.59025,36.74874],[127.59125,36.74757],[127.59208,36.74686],[127.59287,36.74632],[127.59578,36.74468],[127.59819,36.74432],[127.59868,36.74443],[127.59904,36.74458],[127.59938,36.74488],[127.59963,36.74515],[127.60004,36.74551],[127.60048,36.74568],[127.60329,36.74585],[127.60383,36.74574],[127.60417,36.74557],[127.60577,36.74382],[127.608,36.73981],[127.60838,36.73704],[127.60846,36.73659],[127.60871,36.73627],[127.60981,36.73559],[127.60989,36.73161],[127.61078,36.72958],[127.61116,36.72903]]]]}},{"type":"Feature","properties":{"emd":"오근장동","gu":"청원구","adm_cd2":"4311455000","centroid":[127.47927,36.69245]},"geometry":{"type":"MultiPolygon","coordinates":[[[[127.5123,36.67422],[127.51084,36.67324],[127.50972,36.67281],[127.50869,36.67245],[127.50806,36.67224],[127.50682,36.67203],[127.50457,36.6714],[127.49939,36.66977],[127.49842,36.67004],[127.48977,36.67175],[127.48849,36.67189],[127.48714,36.67199],[127.48644,36.67204],[127.48573,36.67205],[127.48493,36.67194],[127.48424,36.67179],[127.48329,36.67153],[127.48318,36.6729],[127.48328,36.6745],[127.4834,36.67652],[127.48351,36.67827],[127.48349,36.67879],[127.48329,36.67913],[127.48305,36.67952],[127.48253,36.67928],[127.48209,36.67907],[127.48162,36.67918],[127.47898,36.68072],[127.47758,36.6816],[127.47509,36.67956],[127.4744,36.6788],[127.47405,36.67844],[127.47276,36.67779],[127.47066,36.67722],[127.46978,36.6774],[127.46924,36.67739],[127.4688,36.67728],[127.46689,36.67649],[127.46641,36.67627],[127.46601,36.67607],[127.46595,36.67465],[127.46621,36.67433],[127.46632,36.67378],[127.4661,36.67128],[127.46594,36.6709],[127.46504,36.67029],[127.46384,36.66954],[127.46303,36.66933],[127.46222,36.67023],[127.46176,36.67062],[127.45756,36.67398],[127.45686,36.67442],[127.45627,36.67476],[127.45484,36.67501],[127.45435,36.67506],[127.45297,36.67505],[127.45252,36.675],[127.4514,36.6749],[127.44969,36.67488],[127.44914,36.67487],[127.44858,36.67495],[127.44809,36.67504],[127.44765,36.67536],[127.44734,36.67698],[127.44707,36.68128],[127.44713,36.68176],[127.44739,36.68215],[127.44797,36.6826],[127.44838,36.68281],[127.44664,36.6853],[127.44782,36.68762],[127.44918,36.68945],[127.44992,36.69006],[127.45095,36.69035],[127.45181,36.69044],[127.45225,36.69054],[127.45336,36.69124],[127.45435,36.69228],[127.45552,36.69351],[127.456,36.69382],[127.45756,36.69433],[127.4582,36.69454],[127.45997,36.69512],[127.46143,36.69573],[127.46175,36.69606],[127.46176,36.69711],[127.46179,36.70068],[127.46188,36.70389],[127.46207,36.70469],[127.46239,36.70544],[127.46287,36.70603],[127.46357,36.70682],[127.46418,36.70724],[127.4655,36.70814],[127.46831,36.70976],[127.47285,36.71213],[127.47341,36.71238],[127.47408,36.71284],[127.47488,36.71358],[127.47551,36.71446],[127.47577,36.71508],[127.47631,36.71643],[127.47655,36.7172],[127.47751,36.7218],[127.48192,36.72172],[127.48366,36.72201],[127.48565,36.72317],[127.48589,36.72356],[127.48622,36.72231],[127.48684,36.72173],[127.48677,36.72104],[127.48622,36.72015],[127.4854,36.71916],[127.48507,36.71885],[127.48534,36.71843],[127.48599,36.71803],[127.49208,36.71568],[127.49489,36.71534],[127.49612,36.71639],[127.49758,36.71766],[127.49958,36.71758],[127.50122,36.71681],[127.50075,36.71547],[127.49997,36.71451],[127.49947,36.71438],[127.49864,36.71398],[127.49896,36.71306],[127.49935,36.71264],[127.5005,36.71192],[127.5016,36.71178],[127.50203,36.71147],[127.5006,36.70704],[127.50015,36.70663],[127.49772,36.70607],[127.49688,36.70596],[127.49638,36.70559],[127.49737,36.70417],[127.49826,36.70168],[127.49776,36.69955],[127.49679,36.6962],[127.49667,36.69538],[127.49641,36.69168],[127.49665,36.69118],[127.49998,36.68914],[127.49971,36.6845],[127.50374,36.68307],[127.50426,36.6826],[127.5046,36.68221],[127.50576,36.68067],[127.50606,36.68025],[127.50577,36.67984],[127.50594,36.67948],[127.50749,36.67825],[127.51098,36.67552],[127.5123,36.67422]]]]}},{"type":"Feature","properties":{"emd":"우암동","gu":"청원구","adm_cd2":"4311451000","centroid":[127.48912,36.65039]},"geometry":{"type":"MultiPolygon","coordinates":[[[[127.48893,36.65241],[127.48962,36.65193],[127.49035,36.65188],[127.49784,36.65157],[127.49873,36.65212],[127.49882,36.65262],[127.49947,36.65312],[127.50024,36.65326],[127.50302,36.65344],[127.50455,36.65314],[127.50514,36.65024],[127.50458,36.64979],[127.50183,36.64782],[127.50091,36.64719],[127.49809,36.64805],[127.49737,36.64809],[127.49347,36.64747],[127.49167,36.64656],[127.48819,36.64503],[127.48738,36.64503],[127.48596,36.64504],[127.4848,36.64504],[127.48399,36.64504],[127.48253,36.64466],[127.48145,36.64658],[127.48059,36.64805],[127.47915,36.65003],[127.47885,36.65041],[127.47844,36.65088],[127.47671,36.65286],[127.47615,36.65349],[127.47571,36.65417],[127.47797,36.65525],[127.48377,36.65681],[127.48468,36.65578],[127.4875,36.65259],[127.48881,36.6524],[127.48893,36.65241]]]]}},{"type":"Feature","properties":{"emd":"내덕1동","gu":"청원구","adm_cd2":"4311452000","centroid":[127.4815,36.65877]},"geometry":{"type":"MultiPolygon","coordinates":[[[[127.48893,36.65241],[127.48771,36.65235],[127.48468,36.65578],[127.48392,36.65664],[127.47797,36.65525],[127.47571,36.65417],[127.47161,36.65929],[127.47393,36.65952],[127.47449,36.65987],[127.47504,36.66021],[127.47543,36.66058],[127.47934,36.66259],[127.48176,36.66309],[127.48382,36.66365],[127.48556,36.6644],[127.48662,36.66503],[127.48698,36.6629],[127.48718,36.66172],[127.48761,36.65937],[127.48785,36.65849],[127.48869,36.65378],[127.48893,36.65241]]]]}},{"type":"Feature","properties":{"emd":"내덕2동","gu":"청원구","adm_cd2":"4311453000","centroid":[127.49476,36.65826]},"geometry":{"type":"MultiPolygon","coordinates":[[[[127.50455,36.65314],[127.50302,36.65344],[127.50024,36.65326],[127.49947,36.65312],[127.49882,36.65262],[127.49873,36.65212],[127.49784,36.65157],[127.49035,36.65188],[127.48962,36.65193],[127.48897,36.65212],[127.48869,36.65378],[127.48785,36.65849],[127.48769,36.65908],[127.48718,36.66172],[127.48704,36.66251],[127.48662,36.66503],[127.48814,36.66543],[127.48943,36.66533],[127.49993,36.66345],[127.50175,36.66255],[127.50181,36.66155],[127.50109,36.65931],[127.50158,36.65838],[127.50185,36.65801],[127.5026,36.65749],[127.5042,36.65495],[127.50446,36.65428],[127.50445,36.65363],[127.50455,36.65314]]]]}},{"type":"Feature","properties":{"emd":"율량·사천동","gu":"청원구","adm_cd2":"4311454000","centroid":[127.49733,36.66624]},"geometry":{"type":"MultiPolygon","coordinates":[[[[127.5123,36.67422],[127.51572,36.67254],[127.51865,36.67167],[127.52425,36.66908],[127.52856,36.66744],[127.53197,36.66637],[127.53269,36.66587],[127.53369,36.66463],[127.53157,36.66329],[127.52921,36.66281],[127.52776,36.66246],[127.52498,36.66037],[127.52467,36.65867],[127.52432,36.65804],[127.52369,36.65767],[127.52159,36.65649],[127.51913,36.65532],[127.51429,36.65325],[127.51318,36.65299],[127.51154,36.65301],[127.51043,36.65307],[127.50966,36.65323],[127.50836,36.65252],[127.50607,36.65012],[127.50514,36.65024],[127.50455,36.65314],[127.50445,36.65363],[127.50446,36.65428],[127.5042,36.65495],[127.50269,36.65739],[127.50185,36.65801],[127.50162,36.65833],[127.50109,36.65931],[127.50176,36.66141],[127.50181,36.66237],[127.49993,36.66345],[127.48943,36.66533],[127.48814,36.66543],[127.48662,36.66503],[127.48556,36.6644],[127.48382,36.66365],[127.48176,36.66309],[127.47934,36.66259],[127.47543,36.66058],[127.47504,36.66021],[127.47449,36.65987],[127.47393,36.65952],[127.47161,36.65929],[127.46841,36.66298],[127.46504,36.66646],[127.46303,36.66933],[127.46363,36.66945],[127.46504,36.67029],[127.46583,36.67081],[127.46607,36.67119],[127.46632,36.67378],[127.46621,36.67433],[127.46595,36.67465],[127.46593,36.67578],[127.46641,36.67627],[127.46689,36.67649],[127.46858,36.6772],[127.46902,36.67734],[127.46949,36.67741],[127.47023,36.67721],[127.47276,36.67779],[127.47405,36.67844],[127.4744,36.6788],[127.47509,36.67956],[127.47758,36.6816],[127.47898,36.68072],[127.48162,36.67918],[127.48209,36.67907],[127.48253,36.67928],[127.48305,36.67952],[127.48329,36.67913],[127.48349,36.67879],[127.48351,36.67827],[127.4834,36.67652],[127.48328,36.6745],[127.48318,36.6729],[127.48315,36.67186],[127.48424,36.67179],[127.4848,36.67191],[127.4856,36.67205],[127.48612,36.67205],[127.48714,36.67199],[127.48821,36.67192],[127.48942,36.67181],[127.49842,36.67004],[127.49939,36.66977],[127.50457,36.6714],[127.50682,36.67203],[127.50806,36.67224],[127.50869,36.67245],[127.50972,36.67281],[127.51084,36.67324],[127.5123,36.67422]]]]}}]}