tm,stnId,stnNm,wd,ws,ta,hm,pa,icsr,ss,dc10Tca,rn
2026-06-16 00:00,131,청주,230,1.0,25.6,51,1007.4,,,4,
2026-06-16 01:00,131,청주,0,0.4,24.7,55,1007.4,,,0,
2026-06-16 02:00,131,청주,0,0.2,24.3,57,1007.0,,,7,
2026-06-16 03:00,131,청주,140,0.9,23.8,58,1006.7,,,6,
2026-06-16 04:00,131,청주,0,0.1,23.0,66,1006.5,,,6,
2026-06-16 05:00,131,청주,270,1.5,22.7,62,1007.2,,,7,
2026-06-16 06:00,131,청주,0,0.4,22.7,60,1007.7,0.05,0.0,7,
2026-06-16 07:00,131,청주,110,0.6,23.5,56,1007.8,0.41,0.4,4,
2026-06-16 08:00,131,청주,70,1.9,24.8,53,1007.9,1.24,1.0,3,
2026-06-16 09:00,131,청주,90,0.8,26.2,50,1008.2,1.97,1.0,5,
2026-06-16 10:00,131,청주,110,2.0,27.6,39,1007.8,2.54,1.0,1,
2026-06-16 11:00,131,청주,110,2.1,29.4,35,1007.4,3.27,1.0,1,
2026-06-16 12:00,131,청주,160,2.1,30.0,34,1006.7,3.66,1.0,3,
2026-06-16 13:00,131,청주,160,2.8,30.7,34,1005.8,3.48,1.0,3,
2026-06-16 14:00,131,청주,110,2.8,31.8,30,1005.0,3.68,1.0,3,
2026-06-16 15:00,131,청주,160,2.2,32.6,28,1004.9,3.39,1.0,1,
2026-06-16 16:00,131,청주,140,2.5,32.0,31,1004.5,2.86,1.0,0,
2026-06-16 17:00,131,청주,140,3.1,31.8,32,1004.2,2.15,1.0,0,
2026-06-16 18:00,131,청주,90,2.2,31.7,33,1004.0,1.42,1.0,0,
2026-06-16 19:00,131,청주,90,2.0,31.2,34,1004.3,0.67,1.0,2,
2026-06-16 20:00,131,청주,110,2.1,30.3,35,1004.3,0.08,0.1,0,
2026-06-16 21:00,131,청주,140,1.1,29.7,37,1004.5,,,0,
2026-06-16 22:00,131,청주,140,1.9,28.3,43,1004.9,,,0,
2026-06-16 23:00,131,청주,140,1.3,27.6,47,1005.1,,,0,
2026-06-17 00:00,131,청주,140,1.7,26.7,50,1005.2,,,0,
2026-06-17 01:00,131,청주,140,0.5,26.0,53,1005.3,,,0,
2026-06-17 02:00,131,청주,180,0.7,25.2,56,1004.9,,,0,
2026-06-17 03:00,131,청주,140,0.7,24.7,58,1004.7,,,2,
2026-06-17 04:00,131,청주,140,1.3,24.3,60,1005.2,,,4,
2026-06-17 05:00,131,청주,0,0.4,24.3,60,1005.4,,,8,
2026-06-17 06:00,131,청주,140,0.6,24.4,59,1005.2,0.05,0.2,5,
2026-06-17 07:00,131,청주,0,0.3,24.8,62,1005.0,0.55,0.9,1,
2026-06-17 08:00,131,청주,160,1.9,25.4,56,1004.9,1.03,0.4,8,
2026-06-17 09:00,131,청주,180,1.0,26.0,56,1005.1,1.11,0.1,8,
2026-06-17 10:00,131,청주,140,1.7,27.8,50,1004.5,2.08,0.4,7,
2026-06-17 11:00,131,청주,180,1.2,29.1,48,1004.1,2.41,0.4,6,
2026-06-17 12:00,131,청주,270,1.9,31.7,43,1003.5,3.63,1.0,3,
2026-06-17 13:00,131,청주,250,1.8,31.6,40,1002.7,3.67,0.9,4,
2026-06-17 14:00,131,청주,200,2.1,33.1,34,1001.6,3.52,1.0,2,
2026-06-17 15:00,131,청주,140,1.6,32.7,35,1001.5,2.96,0.7,9,
2026-06-17 16:00,131,청주,230,1.0,30.1,51,1001.5,0.95,0.0,9,0.2
2026-06-17 17:00,131,청주,270,1.3,30.2,45,1001.2,0.54,0.0,9,0.0
2026-06-17 18:00,131,청주,230,2.7,27.3,58,1001.7,0.13,0.0,9,0.0
2026-06-17 19:00,131,청주,270,1.6,23.5,84,1002.8,0.01,0.0,9,3.1
2026-06-17 20:00,131,청주,250,1.1,23.2,87,1003.0,0.0,0.0,10,1.8
2026-06-17 21:00,131,청주,200,1.3,22.9,86,1003.1,,,9,0.2
2026-06-17 22:00,131,청주,140,1.1,23.3,82,1002.9,,,9,0.0
2026-06-17 23:00,131,청주,0,0.3,23.3,82,1002.5,,,7,
2026-06-18 00:00,131,청주,270,0.8,23.0,87,1002.7,,,7,
2026-06-18 01:00,131,청주,270,0.7,22.8,87,1002.8,,,7,
2026-06-18 02:00,131,청주,0,0.3,23.3,84,1002.6,,,9,
2026-06-18 03:00,131,청주,270,1.2,22.7,87,1002.5,,,8,
2026-06-18 04:00,131,청주,270,0.9,22.8,84,1002.5,,,7,
2026-06-18 05:00,131,청주,250,0.7,22.7,86,1002.5,,,10,
2026-06-18 06:00,131,청주,270,0.8,22.8,85,1002.1,0.03,0.0,5,
2026-06-18 07:00,131,청주,290,1.0,23.3,80,1002.4,0.34,0.2,7,
2026-06-18 08:00,131,청주,230,0.5,24.1,77,1002.6,0.73,0.0,9,
2026-06-18 09:00,131,청주,270,1.3,25.3,71,1002.3,1.23,0.0,9,
2026-06-18 10:00,131,청주,270,0.8,26.3,66,1002.0,1.45,0.0,9,
2026-06-18 11:00,131,청주,320,1.4,27.5,63,1002.0,1.64,0.0,9,
2026-06-18 12:00,131,청주,360,1.1,29.3,56,1001.8,2.42,0.2,7,
2026-06-18 13:00,131,청주,270,1.9,29.6,52,1001.3,3.34,0.8,3,
2026-06-18 14:00,131,청주,340,1.1,30.6,49,1000.7,3.34,0.9,4,
2026-06-18 15:00,131,청주,270,1.6,31.1,45,1000.3,3.21,0.9,3,
2026-06-18 16:00,131,청주,290,2.2,31.7,44,999.9,2.79,1.0,2,
2026-06-18 17:00,131,청주,270,2.0,31.8,45,999.9,2.11,1.0,4,
2026-06-18 18:00,131,청주,270,1.8,30.8,50,999.7,1.1,0.8,7,
2026-06-18 19:00,131,청주,290,2.1,29.3,54,1000.0,0.42,0.0,7,
2026-06-18 20:00,131,청주,290,1.4,28.0,56,1000.4,0.06,0.0,7,
2026-06-18 21:00,131,청주,290,1.1,27.2,57,1001.0,,,5,
2026-06-18 22:00,131,청주,270,1.1,26.5,57,1001.4,,,5,
2026-06-18 23:00,131,청주,270,1.3,25.9,60,1001.8,,,5,
2026-06-19 00:00,131,청주,270,0.7,25.2,63,1002.1,,,5,
2026-06-19 01:00,131,청주,270,0.6,25.0,64,1001.9,,,5,
2026-06-19 02:00,131,청주,270,0.9,24.8,61,1001.8,,,5,
2026-06-19 03:00,131,청주,250,0.7,24.5,64,1001.6,,,3,
2026-06-19 04:00,131,청주,250,0.9,23.8,70,1001.5,,,2,
2026-06-19 05:00,131,청주,0,0.4,23.4,73,1001.5,,,3,
2026-06-19 06:00,131,청주,50,1.1,23.5,73,1001.7,0.07,0.0,7,
2026-06-19 07:00,131,청주,70,0.8,24.6,67,1001.7,0.55,0.3,7,
2026-06-19 08:00,131,청주,340,0.5,25.3,68,1001.6,0.78,0.2,7,
2026-06-19 09:00,131,청주,270,0.7,27.0,61,1001.3,1.55,0.8,7,
2026-06-19 10:00,131,청주,250,1.1,29.2,57,1000.9,2.6,1.0,5,
2026-06-19 11:00,131,청주,140,1.9,31.0,55,1000.4,3.09,1.0,7,
2026-06-19 12:00,131,청주,230,2.5,32.0,49,999.9,2.79,0.8,8,
2026-06-19 13:00,131,청주,180,1.9,31.8,51,999.3,2.51,0.6,8,
2026-06-19 14:00,131,청주,140,2.8,31.7,47,999.0,2.13,0.3,10,
2026-06-19 15:00,131,청주,140,2.1,30.8,51,998.9,1.15,0.0,10,
2026-06-19 16:00,131,청주,140,2.8,30.1,55,998.8,0.55,0.0,10,0.0
2026-06-19 17:00,131,청주,160,1.1,29.7,56,998.7,0.48,0.0,10,0.0
2026-06-19 18:00,131,청주,110,1.7,29.2,55,998.4,0.28,0.0,10,0.0
2026-06-19 19:00,131,청주,140,1.8,29.0,56,998.2,0.17,0.0,10,0.0
2026-06-19 20:00,131,청주,110,3.5,28.1,61,998.0,0.0,0.0,10,0.0
2026-06-19 21:00,131,청주,90,3.1,27.7,63,997.9,,,10,0.0
2026-06-19 22:00,131,청주,110,1.9,26.2,72,997.9,,,10,0.1
2026-06-19 23:00,131,청주,90,2.7,24.5,83,997.3,,,10,3.9
2026-06-20 00:00,131,청주,110,1.9,24.1,82,995.8,,,10,5.3
2026-06-20 01:00,131,청주,140,1.8,23.6,82,994.9,,,10,1.1
2026-06-20 02:00,131,청주,140,1.5,22.7,84,993.8,,,10,3.5
2026-06-20 03:00,131,청주,140,1.4,22.3,84,992.6,,,10,2.6
2026-06-20 04:00,131,청주,90,1.4,21.8,87,991.1,,,10,6.4
2026-06-20 05:00,131,청주,340,0.6,21.7,90,990.1,,,10,3.1
2026-06-20 06:00,131,청주,0,0.3,22.2,90,989.6,0.0,0.0,10,5.2
2026-06-20 07:00,131,청주,140,0.9,22.3,90,989.4,0.0,0.0,10,7.6
2026-06-20 08:00,131,청주,200,0.5,22.7,90,989.1,0.11,0.0,10,1.6
2026-06-20 09:00,131,청주,0,0.4,23.5,90,988.9,0.29,0.0,10,1.2
2026-06-20 10:00,131,청주,250,1.4,23.7,90,988.9,0.47,0.0,10,2.1
2026-06-20 11:00,131,청주,270,3.1,24.6,84,989.1,0.66,0.0,10,0.0
2026-06-20 12:00,131,청주,270,2.8,24.0,86,989.5,0.49,0.0,10,0.0
2026-06-20 13:00,131,청주,270,3.0,24.3,81,990.0,0.69,0.0,10,0.0
2026-06-20 14:00,131,청주,270,2.5,24.0,81,990.5,0.36,0.0,10,
2026-06-20 15:00,131,청주,270,3.8,24.2,79,991.1,0.44,0.0,10,
2026-06-20 16:00,131,청주,270,2.9,24.2,78,991.9,0.29,0.0,10,
2026-06-20 17:00,131,청주,270,3.3,23.7,77,992.5,0.21,0.0,10,
2026-06-20 18:00,131,청주,270,3.5,23.2,77,993.7,0.04,0.0,10,0.0
2026-06-20 19:00,131,청주,270,3.3,22.9,77,994.2,0.04,0.0,10,0.0
2026-06-20 20:00,131,청주,270,2.2,22.7,77,994.9,0.0,0.0,9,
2026-06-20 21:00,131,청주,270,1.8,22.3,78,995.9,,,10,
2026-06-20 22:00,131,청주,250,1.3,20.1,91,996.9,,,10,4.0
2026-06-20 23:00,131,청주,270,1.2,20.2,90,997.7,,,10,0.0
2026-06-21 00:00,131,청주,0,0.4,20.6,89,997.9,,,9,0.0
2026-06-21 01:00,131,청주,250,0.9,20.7,89,998.1,,,10,
2026-06-21 02:00,131,청주,270,0.6,20.7,88,998.5,,,10,
2026-06-21 03:00,131,청주,270,1.0,20.6,89,999.0,,,7,
2026-06-21 04:00,131,청주,250,0.9,20.4,89,999.7,,,8,
2026-06-21 05:00,131,청주,90,1.2,21.0,75,1000.4,,,9,
2026-06-21 06:00,131,청주,50,1.9,20.8,74,1000.9,0.03,0.0,9,
2026-06-21 07:00,131,청주,70,2.5,21.2,69,1001.5,0.47,0.0,9,
2026-06-21 08:00,131,청주,50,3.0,21.6,69,1001.6,0.76,0.1,9,
2026-06-21 09:00,131,청주,50,2.9,23.1,62,1002.2,1.58,0.7,9,
2026-06-21 10:00,131,청주,70,2.5,23.6,60,1002.4,1.85,0.4,9,
2026-06-21 11:00,131,청주,70,2.4,24.9,55,1002.4,2.36,0.8,9,
2026-06-21 12:00,131,청주,50,2.5,25.7,52,1002.4,2.76,0.7,8,
2026-06-21 13:00,131,청주,290,1.5,26.5,52,1001.9,2.8,0.7,8,
2026-06-21 14:00,131,청주,70,2.9,28.1,46,1001.3,3.24,0.8,6,
2026-06-21 15:00,131,청주,70,2.8,28.0,47,1001.7,2.66,0.7,8,
2026-06-21 16:00,131,청주,50,2.0,27.5,47,1001.3,1.55,0.2,9,
2026-06-21 17:00,131,청주,70,3.3,27.1,48,1001.4,0.9,0.0,9,
2026-06-21 18:00,131,청주,50,2.8,26.6,52,1001.2,0.64,0.0,9,
2026-06-21 19:00,131,청주,50,2.8,25.8,56,1001.4,0.29,0.0,8,
2026-06-21 20:00,131,청주,50,2.4,25.3,58,1002.2,0.08,0.0,8,
2026-06-21 21:00,131,청주,70,1.5,25.1,59,1002.5,,,8,
2026-06-21 22:00,131,청주,20,0.7,24.8,59,1003.0,,,8,
2026-06-21 23:00,131,청주,0,0.3,24.1,68,1002.7,,,9,
2026-06-22 00:00,131,청주,50,1.7,23.4,69,1002.2,,,9,
2026-06-22 01:00,131,청주,50,1.2,23.0,73,1002.2,,,9,
2026-06-22 02:00,131,청주,50,1.4,22.3,76,1002.3,,,10,
2026-06-22 03:00,131,청주,70,0.6,22.2,75,1001.7,,,10,
2026-06-22 04:00,131,청주,50,1.6,22.2,76,1001.7,,,10,
2026-06-22 05:00,131,청주,50,1.5,21.5,79,1001.4,,,10,
2026-06-22 06:00,131,청주,50,1.5,21.5,77,1002.0,0.02,0.0,10,
2026-06-22 07:00,131,청주,0,0.1,22.0,75,1002.5,0.13,0.0,10,
2026-06-22 08:00,131,청주,250,0.7,22.8,74,1002.1,0.41,0.0,10,
2026-06-22 09:00,131,청주,270,1.5,23.6,71,1002.5,0.89,0.0,10,
2026-06-22 10:00,131,청주,230,1.1,25.3,61,1002.2,1.5,0.0,10,
2026-06-22 11:00,131,청주,160,1.5,25.7,59,1001.9,2.51,0.8,10,
2026-06-22 12:00,131,청주,230,0.7,26.6,56,1001.7,1.92,0.1,10,
2026-06-22 13:00,131,청주,270,0.8,25.9,61,1001.5,0.93,0.0,10,
2026-06-22 14:00,131,청주,50,1.7,25.7,63,1001.5,0.49,0.0,10,
2026-06-22 15:00,131,청주,290,0.8,25.3,63,1001.4,0.27,0.0,10,0.0
2026-06-22 16:00,131,청주,270,0.9,26.4,59,1001.0,0.49,0.0,9,0.0
2026-06-22 17:00,131,청주,200,1.2,25.9,64,1000.8,0.79,0.0,9,
2026-06-22 18:00,131,청주,230,1.7,25.9,62,1001.0,0.72,0.0,9,
2026-06-22 19:00,131,청주,140,1.5,25.7,60,1001.5,0.7,0.8,8,
2026-06-22 20:00,131,청주,140,1.6,24.7,62,1001.9,0.05,0.0,8,
2026-06-22 21:00,131,청주,140,1.1,23.7,63,1002.7,,,9,
2026-06-22 22:00,131,청주,140,1.5,23.5,64,1003.5,,,9,
2026-06-22 23:00,131,청주,140,0.6,23.0,67,1003.6,,,9,
2026-06-23 00:00,131,청주,160,1.0,22.8,66,1003.6,,,9,
2026-06-23 01:00,131,청주,140,1.1,22.2,68,1003.3,,,7,
2026-06-23 02:00,131,청주,0,0.4,21.5,71,1002.7,,,7,
2026-06-23 03:00,131,청주,70,1.1,21.2,71,1002.7,,,3,
2026-06-23 04:00,131,청주,110,1.4,20.9,71,1003.1,,,2,
2026-06-23 05:00,131,청주,110,1.4,20.5,73,1003.1,,,2,
2026-06-23 06:00,131,청주,90,1.3,20.5,72,1003.6,0.07,0.2,8,
2026-06-23 07:00,131,청주,110,2.0,21.3,67,1003.6,0.6,0.8,5,
2026-06-23 08:00,131,청주,110,3.3,22.8,61,1003.5,1.24,1.0,8,
2026-06-23 09:00,131,청주,90,2.8,23.2,58,1003.7,1.77,0.8,8,
2026-06-23 10:00,131,청주,140,1.9,24.7,55,1003.8,2.2,0.7,8,
2026-06-23 11:00,131,청주,90,2.8,25.8,50,1003.8,3.51,0.9,7,
2026-06-23 12:00,131,청주,160,2.3,26.3,47,1003.7,3.26,0.9,7,
2026-06-23 13:00,131,청주,180,2.6,26.4,46,1003.2,3.69,1.0,6,
2026-06-23 14:00,131,청주,140,2.7,27.4,44,1002.9,3.67,1.0,3,
2026-06-23 15:00,131,청주,110,3.0,27.3,44,1002.4,3.29,1.0,1,
2026-06-23 16:00,131,청주,140,2.3,28.2,43,1002.0,2.93,1.0,0,
2026-06-23 17:00,131,청주,140,2.8,28.1,43,1001.9,2.27,1.0,2,
2026-06-23 18:00,131,청주,140,2.3,27.0,44,1002.2,1.45,1.0,8,
2026-06-23 19:00,131,청주,110,2.7,25.6,47,1002.6,0.48,0.4,7,
2026-06-23 20:00,131,청주,140,3.1,24.5,50,1002.9,0.05,0.0,8,
2026-06-23 21:00,131,청주,110,2.9,23.7,53,1003.6,,,8,
2026-06-23 22:00,131,청주,90,3.2,22.7,56,1004.2,,,7,
2026-06-23 23:00,131,청주,90,4.2,21.8,58,1004.3,,,8,
2026-06-24 00:00,131,청주,110,1.9,21.3,57,1004.1,,,5,
2026-06-24 01:00,131,청주,90,3.1,20.8,60,1004.0,,,6,
2026-06-24 02:00,131,청주,90,2.3,20.6,61,1003.5,,,3,
2026-06-24 03:00,131,청주,110,2.5,20.5,60,1003.0,,,6,
2026-06-24 04:00,131,청주,70,2.2,20.0,61,1002.7,,,3,
2026-06-24 05:00,131,청주,70,1.4,19.8,62,1002.5,,,4,
2026-06-24 06:00,131,청주,50,2.1,19.8,63,1002.8,0.05,0.2,1,
2026-06-24 07:00,131,청주,50,2.3,21.2,59,1002.7,0.77,0.9,6,
2026-06-24 08:00,131,청주,110,2.8,22.5,53,1002.9,1.28,1.0,7,
2026-06-24 09:00,131,청주,110,2.8,23.5,50,1002.4,1.95,0.9,8,
2026-06-24 10:00,131,청주,110,4.0,23.7,50,1002.2,2.16,0.7,8,
2026-06-24 11:00,131,청주,110,3.0,24.7,47,1001.8,2.46,0.7,9,
2026-06-24 12:00,131,청주,90,3.6,25.3,47,1001.6,2.33,0.5,9,
2026-06-24 13:00,131,청주,110,2.6,25.8,45,1001.4,2.73,0.7,8,
2026-06-24 14:00,131,청주,90,3.3,26.6,43,1000.8,2.95,0.9,8,
2026-06-24 15:00,131,청주,90,4.0,26.5,43,1000.4,1.63,0.0,9,
2026-06-24 16:00,131,청주,110,3.8,25.5,44,1000.0,0.96,0.0,9,
2026-06-24 17:00,131,청주,90,3.3,25.3,45,999.7,0.92,0.1,8,
2026-06-24 18:00,131,청주,90,3.0,25.2,46,999.8,0.68,0.0,9,
2026-06-24 19:00,131,청주,90,2.6,24.7,49,1000.1,0.22,0.0,10,
2026-06-24 20:00,131,청주,90,4.2,24.0,50,1000.5,0.11,0.0,9,
2026-06-24 21:00,131,청주,90,3.1,23.5,52,1000.4,,,8,
2026-06-24 22:00,131,청주,70,2.3,23.1,54,1000.8,,,4,
2026-06-24 23:00,131,청주,90,2.3,22.6,55,1000.0,,,9,
2026-06-25 00:00,131,청주,110,2.2,22.5,57,999.9,,,9,
2026-06-25 01:00,131,청주,140,1.5,22.1,59,999.5,,,8,
2026-06-25 02:00,131,청주,70,1.7,22.0,59,999.2,,,10,
2026-06-25 03:00,131,청주,90,2.3,21.7,61,998.8,,,9,
2026-06-25 04:00,131,청주,110,2.1,21.6,63,998.8,,,9,
2026-06-25 05:00,131,청주,90,1.9,21.5,63,998.9,,,9,
2026-06-25 06:00,131,청주,90,1.3,21.6,63,999.1,0.0,0.0,9,
2026-06-25 07:00,131,청주,70,1.4,21.7,63,999.1,0.11,0.0,10,0.0
2026-06-25 08:00,131,청주,70,2.5,21.2,67,999.3,0.38,0.0,10,0.0
2026-06-25 09:00,131,청주,90,2.1,22.2,64,999.2,1.23,0.1,10,0.0
2026-06-25 10:00,131,청주,200,0.8,22.7,64,999.1,1.17,0.0,9,
2026-06-25 11:00,131,청주,110,1.0,23.4,63,999.0,1.16,0.0,10,
2026-06-25 12:00,131,청주,90,1.6,24.3,60,998.4,1.71,0.0,9,
2026-06-25 13:00,131,청주,90,1.7,26.1,57,997.3,3.74,0.8,8,
2026-06-25 14:00,131,청주,270,1.4,26.5,58,996.8,1.55,0.2,9,
2026-06-25 15:00,131,청주,110,1.0,26.2,59,996.5,1.29,0.0,9,
2026-06-25 16:00,131,청주,270,1.6,26.4,59,996.4,0.84,0.0,9,
2026-06-25 17:00,131,청주,270,1.4,26.0,60,996.2,0.5,0.0,8,
2026-06-25 18:00,131,청주,270,0.8,26.4,60,996.4,0.42,0.1,8,
2026-06-25 19:00,131,청주,250,1.1,26.1,61,996.7,0.62,0.6,6,
2026-06-25 20:00,131,청주,270,1.1,25.4,63,996.9,0.04,0.0,6,
2026-06-25 21:00,131,청주,290,1.9,24.0,68,997.3,,,7,
2026-06-25 22:00,131,청주,290,1.9,23.3,67,998.1,,,6,
2026-06-25 23:00,131,청주,270,2.1,22.7,65,998.3,,,7,
2026-06-26 00:00,131,청주,270,1.5,22.5,66,998.1,,,9,
2026-06-26 01:00,131,청주,270,1.3,21.7,70,998.1,,,3,
2026-06-26 02:00,131,청주,270,1.6,21.3,70,998.2,,,3,
2026-06-26 03:00,131,청주,270,1.5,21.1,72,998.2,,,8,
2026-06-26 04:00,131,청주,270,1.7,20.6,74,998.0,,,3,
2026-06-26 05:00,131,청주,290,1.3,20.2,76,998.4,,,3,
2026-06-26 06:00,131,청주,0,0.3,20.2,75,998.8,0.02,0.0,2,
2026-06-26 07:00,131,청주,270,1.4,20.9,71,999.1,0.41,0.2,2,
2026-06-26 08:00,131,청주,270,1.8,21.8,69,999.4,0.92,0.6,3,
2026-06-26 09:00,131,청주,270,1.4,23.2,64,999.4,1.72,0.8,5,
2026-06-26 10:00,131,청주,270,1.7,24.3,59,999.5,2.12,0.7,3,
2026-06-26 11:00,131,청주,140,0.7,26.3,50,999.1,3.24,1.0,2,
2026-06-26 12:00,131,청주,360,1.4,27.0,47,998.6,2.88,0.7,3,
2026-06-26 13:00,131,청주,270,1.4,27.0,49,998.1,2.05,0.4,5,
2026-06-26 14:00,131,청주,20,1.6,27.2,47,997.8,2.48,0.6,5,
2026-06-26 15:00,131,청주,70,1.9,27.2,44,997.5,1.47,0.2,5,
2026-06-26 16:00,131,청주,290,1.6,28.7,42,997.5,2.09,0.6,2,
2026-06-26 17:00,131,청주,70,2.9,29.0,40,997.3,2.3,1.0,2,
2026-06-26 18:00,131,청주,70,2.7,28.8,40,997.2,1.36,0.9,0,
2026-06-26 19:00,131,청주,70,2.3,27.9,42,997.6,0.71,1.0,0,
2026-06-26 20:00,131,청주,290,1.8,26.3,53,998.1,0.04,0.1,5,
2026-06-26 21:00,131,청주,290,1.6,25.3,58,998.6,,,7,
2026-06-26 22:00,131,청주,270,0.8,24.3,62,998.6,,,8,
2026-06-26 23:00,131,청주,270,0.8,23.6,65,998.7,,,7,
2026-06-27 00:00,131,청주,0,0.4,22.9,69,998.4,,,8,
2026-06-27 01:00,131,청주,70,0.5,22.1,72,998.1,,,7,
2026-06-27 02:00,131,청주,70,0.8,21.7,74,998.1,,,7,
2026-06-27 03:00,131,청주,70,1.0,21.2,75,997.9,,,8,
2026-06-27 04:00,131,청주,70,1.1,21.0,76,998.0,,,9,
2026-06-27 05:00,131,청주,70,1.2,20.6,77,997.9,,,8,
2026-06-27 06:00,131,청주,70,1.0,20.6,75,998.3,0.03,0.1,8,
2026-06-27 07:00,131,청주,70,1.5,21.2,72,998.5,0.55,0.7,9,
2026-06-27 08:00,131,청주,70,2.0,22.6,62,998.8,0.92,0.4,7,
2026-06-27 09:00,131,청주,70,2.9,24.0,52,998.6,1.57,1.0,6,
2026-06-27 10:00,131,청주,50,2.4,25.1,47,998.6,1.98,0.9,6,
2026-06-27 11:00,131,청주,70,3.0,27.7,44,998.5,3.33,1.0,7,
2026-06-27 12:00,131,청주,70,3.0,29.3,41,998.3,3.18,1.0,3,
2026-06-27 13:00,131,청주,340,1.7,30.4,40,997.6,3.82,1.0,2,
2026-06-27 14:00,131,청주,70,2.8,31.2,37,997.1,3.66,1.0,2,
2026-06-27 15:00,131,청주,70,2.8,32.5,32,996.6,3.36,1.0,2,
2026-06-27 16:00,131,청주,70,1.5,32.4,32,996.4,2.3,1.0,6,
2026-06-27 17:00,131,청주,70,2.6,32.6,27,996.2,2.25,1.0,2,
2026-06-27 18:00,131,청주,50,2.3,32.0,34,996.4,1.16,1.0,6,
2026-06-27 19:00,131,청주,70,1.9,31.3,37,996.8,0.86,1.0,3,
2026-06-27 20:00,131,청주,140,2.5,29.8,39,997.5,0.1,0.1,0,
2026-06-27 21:00,131,청주,290,1.5,28.3,51,998.2,,,2,
2026-06-27 22:00,131,청주,270,1.4,27.1,50,998.9,,,0,
2026-06-27 23:00,131,청주,270,1.0,26.0,52,999.4,,,0,
2026-06-28 00:00,131,청주,250,0.5,25.3,56,999.6,,,0,
2026-06-28 01:00,131,청주,250,0.9,24.5,59,1000.1,,,1,
2026-06-28 02:00,131,청주,250,1.2,23.6,63,1000.2,,,0,
2026-06-28 03:00,131,청주,270,1.1,23.2,64,1000.1,,,0,
2026-06-28 04:00,131,청주,270,1.3,22.7,67,1000.5,,,0,
2026-06-28 05:00,131,청주,270,0.7,21.8,73,1001.1,,,0,
2026-06-28 06:00,131,청주,270,1.1,21.7,74,1001.4,0.03,0.2,0,
2026-06-28 07:00,131,청주,110,0.8,22.9,67,1001.7,0.54,1.0,0,
2026-06-28 08:00,131,청주,200,1.2,24.1,61,1002.1,1.25,1.0,0,
2026-06-28 09:00,131,청주,290,1.3,25.1,60,1002.3,1.99,1.0,0,
2026-06-28 10:00,131,청주,90,1.0,27.4,54,1002.1,2.67,1.0,0,
2026-06-28 11:00,131,청주,290,1.7,28.2,50,1002.4,3.2,1.0,1,
2026-06-28 12:00,131,청주,320,2.0,29.3,47,1002.1,3.59,1.0,1,
2026-06-28 13:00,131,청주,270,1.2,30.7,44,1001.7,3.45,0.9,3,
2026-06-28 14:00,131,청주,250,1.1,31.3,42,1001.3,2.9,0.7,4,
2026-06-28 15:00,131,청주,290,1.4,32.3,38,1000.7,2.52,0.7,3,
2026-06-28 16:00,131,청주,270,1.9,31.8,39,1000.5,2.95,1.0,3,
2026-06-28 17:00,131,청주,270,2.4,32.0,41,1000.6,2.28,1.0,2,
2026-06-28 18:00,131,청주,290,2.0,31.2,44,1000.7,1.47,1.0,2,
2026-06-28 19:00,131,청주,290,2.2,29.3,47,1001.2,0.7,1.0,4,
2026-06-28 20:00,131,청주,110,1.3,27.7,48,1001.8,0.09,0.1,0,
2026-06-28 21:00,131,청주,290,1.0,26.8,43,1002.7,,,5,
2026-06-28 22:00,131,청주,270,1.7,25.7,46,1003.5,,,7,
2026-06-28 23:00,131,청주,250,1.0,25.2,47,1004.0,,,7,
2026-06-29 00:00,131,청주,250,1.0,24.6,52,1004.3,,,7,
2026-06-29 01:00,131,청주,270,1.0,24.3,53,1004.4,,,7,
2026-06-29 02:00,131,청주,250,1.0,23.4,60,1004.6,,,6,
2026-06-29 03:00,131,청주,270,1.0,23.1,63,1004.3,,,8,
2026-06-29 04:00,131,청주,270,0.9,22.7,68,1004.4,,,3,
2026-06-29 05:00,131,청주,180,0.9,22.3,71,1004.3,,,1,
2026-06-29 06:00,131,청주,160,0.6,22.4,66,1005.0,0.03,0.1,0,
2026-06-29 07:00,131,청주,200,0.5,23.4,66,1005.3,0.53,1.0,3,
2026-06-29 08:00,131,청주,20,1.4,24.5,66,1005.3,1.14,1.0,0,
2026-06-29 09:00,131,청주,320,1.3,25.7,63,1005.2,1.8,1.0,2,
2026-06-29 10:00,131,청주,160,1.3,27.6,52,1005.0,2.46,1.0,1,
2026-06-29 11:00,131,청주,290,1.3,29.2,42,1005.0,3.1,1.0,1,
2026-06-29 12:00,131,청주,270,1.7,30.4,43,1004.6,3.5,1.0,1,
2026-06-29 13:00,131,청주,20,1.8,31.2,42,1004.3,3.48,1.0,5,
2026-06-29 14:00,131,청주,50,1.6,31.3,40,1003.8,3.22,1.0,6,
2026-06-29 15:00,131,청주,290,2.7,31.5,41,1003.3,2.84,0.8,6,
2026-06-29 16:00,131,청주,290,2.0,32.3,40,1003.0,2.27,0.9,6,
2026-06-29 17:00,131,청주,290,1.9,31.8,43,1002.8,1.82,0.7,5,
2026-06-29 18:00,131,청주,270,2.2,32.1,41,1002.7,1.27,0.6,7,
2026-06-29 19:00,131,청주,90,3.0,28.5,58,1003.2,0.56,0.3,8,0.1
2026-06-29 20:00,131,청주,90,0.9,28.2,59,1003.7,0.03,0.0,4,0.0
2026-06-29 21:00,131,청주,290,1.7,27.3,49,1004.3,,,3,
2026-06-29 22:00,131,청주,270,1.3,26.2,48,1005.2,,,7,
2026-06-29 23:00,131,청주,270,1.4,25.7,50,1005.2,,,8,
2026-06-30 00:00,131,청주,270,1.3,24.8,56,1005.4,,,7,
2026-06-30 01:00,131,청주,270,1.1,24.2,60,1005.8,,,7,
2026-06-30 02:00,131,청주,250,0.8,24.1,60,1006.0,,,6,
2026-06-30 03:00,131,청주,270,0.8,24.0,64,1005.8,,,7,
2026-06-30 04:00,131,청주,250,0.7,23.7,70,1005.6,,,6,
2026-06-30 05:00,131,청주,270,0.9,23.3,71,1005.7,,,3,
2026-06-30 06:00,131,청주,140,1.0,23.3,65,1005.8,0.03,0.0,3,
2026-06-30 07:00,131,청주,200,0.5,23.8,67,1005.8,0.47,1.0,2,
2026-06-30 08:00,131,청주,270,0.8,25.1,64,1005.7,1.13,1.0,1,
2026-06-30 09:00,131,청주,160,1.4,27.0,53,1005.7,1.96,1.0,1,
2026-06-30 10:00,131,청주,270,1.5,27.6,54,1005.6,2.02,0.7,2,
2026-06-30 11:00,131,청주,340,1.5,29.4,44,1004.9,3.06,1.0,3,
2026-06-30 12:00,131,청주,70,1.4,29.5,45,1004.4,3.09,1.0,7,
2026-06-30 13:00,131,청주,70,2.3,30.5,42,1003.9,3.26,1.0,3,
2026-06-30 14:00,131,청주,270,2.4,31.0,43,1003.1,2.83,0.7,1,
2026-06-30 15:00,131,청주,270,1.5,31.9,40,1002.5,2.43,0.7,7,
2026-06-30 16:00,131,청주,270,1.8,32.6,40,1002.0,2.23,0.8,6,
2026-06-30 17:00,131,청주,270,2.0,32.3,40,1001.5,2.12,1.0,3,
2026-06-30 18:00,131,청주,270,1.5,32.4,39,1001.4,1.37,0.9,2,
2026-06-30 19:00,131,청주,290,2.0,30.8,45,1001.6,0.51,0.4,6,
2026-06-30 20:00,131,청주,290,2.0,28.3,53,1001.9,0.04,0.0,10,
2026-06-30 21:00,131,청주,270,1.1,27.8,53,1002.5,,,7,
2026-06-30 22:00,131,청주,270,2.4,27.2,53,1003.0,,,9,
2026-06-30 23:00,131,청주,250,1.1,26.5,52,1002.8,,,8,0.0
2026-07-01 00:00,131,청주,290,1.0,26.0,53,1002.8,,,9,
2026-07-01 01:00,131,청주,270,1.0,25.6,55,1002.2,,,9,
2026-07-01 02:00,131,청주,270,1.2,25.2,54,1002.2,,,9,
2026-07-01 03:00,131,청주,250,0.9,24.6,74,1001.5,,,9,
2026-07-01 04:00,131,청주,160,1.1,24.6,71,1001.1,,,9,
2026-07-01 05:00,131,청주,70,1.3,24.2,67,1000.6,,,9,
2026-07-01 06:00,131,청주,90,0.7,24.5,67,1000.7,0.0,0.0,10,
2026-07-01 07:00,131,청주,110,1.7,23.7,73,1000.7,0.0,0.0,10,0.1
2026-07-01 08:00,131,청주,70,1.6,23.5,74,1000.7,0.1,0.0,10,0.5
2026-07-01 09:00,131,청주,70,2.6,23.2,76,1000.8,0.21,0.0,10,0.1
2026-07-01 10:00,131,청주,70,1.7,23.6,74,1000.8,0.61,0.0,10,0.3
2026-07-01 11:00,131,청주,110,2.3,23.9,72,1000.5,0.74,0.0,10,0.0
2026-07-01 12:00,131,청주,90,2.9,25.1,64,1000.0,1.32,0.0,10,0.0
2026-07-01 13:00,131,청주,90,3.2,26.1,55,999.6,1.92,0.0,9,
2026-07-01 14:00,131,청주,90,3.8,27.5,49,999.4,2.94,0.7,6,
2026-07-01 15:00,131,청주,90,3.6,27.5,46,999.0,3.18,1.0,8,
2026-07-01 16:00,131,청주,110,3.1,28.7,43,998.6,2.65,1.0,5,
2026-07-01 17:00,131,청주,110,3.2,28.7,43,998.7,2.18,1.0,2,
2026-07-01 18:00,131,청주,140,2.6,27.2,51,998.6,1.19,0.7,7,
2026-07-01 19:00,131,청주,250,1.8,26.5,54,999.6,0.78,1.0,7,
2026-07-01 20:00,131,청주,160,0.8,25.2,59,999.6,0.11,0.2,3,
2026-07-01 21:00,131,청주,140,2.2,24.5,59,1000.0,,,0,
2026-07-01 22:00,131,청주,140,2.6,23.7,63,1000.6,,,1,
2026-07-01 23:00,131,청주,110,1.2,23.6,64,1001.3,,,4,
2026-07-02 00:00,131,청주,110,1.7,23.5,64,1001.4,,,8,
2026-07-02 01:00,131,청주,110,1.5,23.3,64,1001.2,,,4,
2026-07-02 02:00,131,청주,90,1.0,23.2,65,1001.6,,,5,
2026-07-02 03:00,131,청주,160,1.1,22.2,69,1001.4,,,5,
2026-07-02 04:00,131,청주,200,0.7,21.7,70,1001.6,,,2,
2026-07-02 05:00,131,청주,160,0.6,21.7,70,1001.9,,,8,
2026-07-02 06:00,131,청주,0,0.4,22.1,69,1002.3,0.03,0.1,7,
2026-07-02 07:00,131,청주,180,0.8,22.5,66,1002.5,0.38,0.4,6,
2026-07-02 08:00,131,청주,0,0.2,24.0,61,1002.9,0.84,0.4,4,
2026-07-02 09:00,131,청주,230,1.7,25.4,56,1003.5,1.94,1.0,1,
2026-07-02 10:00,131,청주,250,1.9,26.5,55,1003.6,2.59,1.0,3,
2026-07-02 11:00,131,청주,270,1.2,28.1,52,1003.3,3.03,0.8,5,
2026-07-02 12:00,131,청주,230,1.6,28.3,50,1003.1,2.66,0.6,5,
2026-07-02 13:00,131,청주,270,1.8,30.2,43,1002.7,3.18,0.6,6,
2026-07-02 14:00,131,청주,270,2.1,29.0,49,1002.6,2.25,0.4,9,
2026-07-02 15:00,131,청주,270,2.0,28.8,54,1002.6,1.22,0.1,8,0.0
2026-07-02 16:00,131,청주,250,1.6,29.3,49,1002.3,2.09,0.5,9,
2026-07-02 17:00,131,청주,290,2.5,27.6,59,1002.4,0.83,0.1,10,0.0
2026-07-02 18:00,131,청주,250,1.2,26.0,65,1002.9,0.22,0.0,9,0.0
2026-07-02 19:00,131,청주,270,1.5,25.8,67,1003.6,0.25,0.0,8,
2026-07-02 20:00,131,청주,140,1.3,25.1,73,1004.0,0.05,0.0,6,0.0
2026-07-02 21:00,131,청주,230,0.7,24.7,78,1004.7,,,3,
2026-07-02 22:00,131,청주,250,0.9,24.5,77,1005.4,,,4,
2026-07-02 23:00,131,청주,250,1.2,24.2,77,1005.3,,,7,
2026-07-03 00:00,131,청주,270,0.7,23.6,76,1005.4,,,6,
2026-07-03 01:00,131,청주,270,1.3,23.3,77,1005.3,,,6,
2026-07-03 02:00,131,청주,290,1.0,23.0,80,1005.3,,,8,
2026-07-03 03:00,131,청주,270,1.2,23.1,78,1005.4,,,8,
2026-07-03 04:00,131,청주,230,0.7,23.2,78,1005.3,,,9,
2026-07-03 05:00,131,청주,200,1.2,23.1,76,1005.4,,,9,
2026-07-03 06:00,131,청주,200,0.8,23.2,77,1005.3,0.0,0.0,9,
2026-07-03 07:00,131,청주,180,0.6,23.5,79,1005.1,0.18,0.0,9,
2026-07-03 08:00,131,청주,180,1.0,24.5,73,1005.2,0.69,0.2,8,
2026-07-03 09:00,131,청주,180,1.2,26.1,65,1005.0,1.62,0.6,8,
2026-07-03 10:00,131,청주,230,1.3,26.0,63,1004.6,1.93,0.5,8,
2026-07-03 11:00,131,청주,180,1.6,26.7,61,1004.5,1.75,0.2,9,
2026-07-03 12:00,131,청주,230,1.1,28.2,59,1004.4,1.52,0.1,9,
2026-07-03 13:00,131,청주,270,1.8,29.1,55,1003.9,2.75,0.6,9,
2026-07-03 14:00,131,청주,270,2.2,29.4,54,1003.5,2.58,0.8,9,
2026-07-03 15:00,131,청주,270,1.8,29.4,55,1003.0,1.96,0.2,9,
2026-07-03 16:00,131,청주,270,2.0,29.8,54,1002.8,2.0,0.8,9,
2026-07-03 17:00,131,청주,270,2.3,30.0,54,1002.4,1.81,0.7,6,
2026-07-03 18:00,131,청주,270,3.1,29.7,52,1002.5,1.39,0.8,3,
2026-07-03 19:00,131,청주,270,2.0,28.6,56,1002.3,0.45,0.5,7,
2026-07-03 20:00,131,청주,270,1.4,27.7,61,1002.2,0.04,0.0,9,
2026-07-03 21:00,131,청주,270,2.1,26.7,65,1002.5,,,9,
2026-07-03 22:00,131,청주,270,1.6,25.9,70,1003.0,,,9,
2026-07-03 23:00,131,청주,270,1.3,25.5,72,1003.0,,,10,
2026-07-04 00:00,131,청주,270,1.2,24.7,74,1002.8,,,9,
2026-07-04 01:00,131,청주,290,1.5,24.3,76,1002.7,,,10,
2026-07-04 02:00,131,청주,290,1.1,24.1,76,1002.2,,,10,
2026-07-04 03:00,131,청주,270,0.5,24.1,76,1001.9,,,10,
2026-07-04 04:00,131,청주,70,1.4,23.8,76,1001.4,,,10,
2026-07-04 05:00,131,청주,50,0.9,24.0,76,1001.0,,,9,
2026-07-04 06:00,131,청주,50,1.9,24.1,75,1001.2,0.0,0.0,8,
2026-07-04 07:00,131,청주,90,2.1,24.7,73,1001.3,0.41,0.1,7,
2026-07-04 08:00,131,청주,50,2.6,25.7,69,1001.3,1.21,0.6,8,
2026-07-04 09:00,131,청주,90,1.7,26.3,66,1001.2,1.58,0.6,9,
2026-07-04 10:00,131,청주,250,1.4,27.0,63,1000.8,1.1,0.1,9,
2026-07-04 11:00,131,청주,250,1.0,28.7,57,1000.1,2.87,0.8,6,
2026-07-04 12:00,131,청주,290,1.9,29.4,55,999.9,2.8,0.7,9,
2026-07-04 13:00,131,청주,290,1.8,30.9,51,999.3,3.03,0.8,8,
2026-07-04 14:00,131,청주,290,2.2,31.5,47,998.9,3.43,1.0,8,
2026-07-04 15:00,131,청주,270,1.9,31.2,46,998.9,1.92,0.4,9,
2026-07-04 16:00,131,청주,290,1.9,31.5,46,998.7,2.44,0.7,6,
2026-07-04 17:00,131,청주,270,2.1,31.8,46,998.5,1.9,0.8,8,
2026-07-04 18:00,131,청주,290,2.1,30.2,53,998.0,1.09,0.6,9,
2026-07-04 19:00,131,청주,290,1.0,30.0,56,998.3,0.36,0.0,9,
2026-07-04 20:00,131,청주,290,2.2,27.8,66,998.4,0.05,0.0,8,
2026-07-04 21:00,131,청주,290,1.0,27.0,69,998.9,,,7,
2026-07-04 22:00,131,청주,250,1.0,26.7,70,999.1,,,8,
2026-07-04 23:00,131,청주,270,2.2,25.8,72,999.3,,,7,
2026-07-05 00:00,131,청주,250,1.3,25.4,74,999.5,,,9,
2026-07-05 01:00,131,청주,290,0.7,25.2,75,999.1,,,7,
2026-07-05 02:00,131,청주,270,1.4,25.2,75,998.6,,,10,
2026-07-05 03:00,131,청주,250,0.6,25.6,74,998.4,,,10,
2026-07-05 04:00,131,청주,140,0.7,25.7,74,997.8,,,10,
2026-07-05 05:00,131,청주,110,0.9,25.6,74,998.3,,,10,
2026-07-05 06:00,131,청주,140,1.6,24.0,85,998.4,0.0,0.0,10,4.1
2026-07-05 07:00,131,청주,250,1.1,23.9,87,998.3,0.05,0.0,10,0.2
2026-07-05 08:00,131,청주,230,0.9,24.2,86,998.4,0.26,0.0,10,0.1
2026-07-05 09:00,131,청주,200,1.1,24.4,88,998.5,0.37,0.0,9,3.2
2026-07-05 10:00,131,청주,180,0.6,25.3,84,998.2,0.69,0.0,10,
2026-07-05 11:00,131,청주,230,1.0,25.5,83,998.1,0.64,0.0,10,0.3
2026-07-05 12:00,131,청주,250,1.4,26.0,81,998.0,0.49,0.0,10,0.2
2026-07-05 13:00,131,청주,230,1.7,26.8,77,997.7,1.01,0.0,9,
2026-07-05 14:00,131,청주,200,2.6,27.1,75,997.3,1.16,0.1,10,0.5
2026-07-05 15:00,131,청주,200,1.3,27.1,77,996.8,0.96,0.0,9,0.0
2026-07-05 16:00,131,청주,250,1.5,28.7,68,996.3,1.71,0.3,8,
2026-07-05 17:00,131,청주,270,1.6,28.7,71,996.2,1.02,0.2,8,
2026-07-05 18:00,131,청주,270,1.2,28.6,70,996.0,0.77,0.3,8,
2026-07-05 19:00,131,청주,270,2.2,27.7,73,996.8,0.22,0.0,9,0.0
2026-07-05 20:00,131,청주,200,1.5,26.2,81,997.1,0.03,0.0,9,
2026-07-05 21:00,131,청주,230,1.7,26.2,79,997.5,,,7,
2026-07-05 22:00,131,청주,160,0.6,26.1,82,998.0,,,10,
2026-07-05 23:00,131,청주,290,1.3,25.7,81,997.9,,,10,0.0
2026-07-06 00:00,131,청주,180,0.7,25.7,82,998.0,,,7,
2026-07-06 01:00,131,청주,230,1.4,25.5,83,998.5,,,8,
2026-07-06 02:00,131,청주,180,1.0,25.2,83,997.8,,,7,
2026-07-06 03:00,131,청주,160,0.8,25.2,83,998.0,,,8,
2026-07-06 04:00,131,청주,160,0.7,25.2,82,998.2,,,8,
2026-07-06 05:00,131,청주,140,1.1,25.1,83,998.0,,,8,
2026-07-06 06:00,131,청주,140,1.4,25.1,82,997.6,0.02,0.0,7,
2026-07-06 07:00,131,청주,180,1.2,25.2,81,997.7,0.18,0.0,10,
2026-07-06 08:00,131,청주,250,0.8,25.5,81,998.0,0.23,0.0,7,0.0
2026-07-06 09:00,131,청주,250,1.4,26.7,76,998.7,1.17,0.2,8,0.0
2026-07-06 10:00,131,청주,230,1.9,27.8,71,998.3,1.78,0.2,9,0.0
2026-07-06 11:00,131,청주,230,1.6,27.9,74,998.4,1.35,0.1,7,0.0
2026-07-06 12:00,131,청주,230,1.4,29.1,66,997.7,1.71,0.2,7,0.0
2026-07-06 13:00,131,청주,200,1.6,29.8,66,997.7,1.52,0.1,8,0.0
2026-07-06 14:00,131,청주,230,3.4,30.7,59,997.5,2.36,0.4,8,
2026-07-06 15:00,131,청주,270,2.9,28.0,79,998.0,1.27,0.2,9,0.4
2026-07-06 16:00,131,청주,270,2.4,29.2,71,997.4,2.08,0.5,8,0.0
2026-07-06 17:00,131,청주,200,1.6,29.5,69,997.5,0.96,0.1,8,
2026-07-06 18:00,131,청주,180,1.3,29.6,69,997.7,0.64,0.0,8,
2026-07-06 19:00,131,청주,250,1.0,29.2,71,998.2,0.25,0.0,8,
2026-07-06 20:00,131,청주,250,0.7,28.8,73,998.4,0.07,0.0,4,
2026-07-06 21:00,131,청주,270,1.3,28.5,74,999.1,,,9,
2026-07-06 22:00,131,청주,270,1.8,27.7,75,999.7,,,9,
2026-07-06 23:00,131,청주,270,1.0,27.2,77,999.6,,,3,
2026-07-07 00:00,131,청주,270,1.1,26.7,79,999.4,,,7,
2026-07-07 01:00,131,청주,200,0.6,26.8,79,999.1,,,8,
2026-07-07 02:00,131,청주,200,0.9,27.0,80,999.3,,,7,
2026-07-07 03:00,131,청주,140,0.8,27.0,81,998.6,,,9,
2026-07-07 04:00,131,청주,0,0.4,26.8,82,999.0,,,10,
2026-07-07 05:00,131,청주,290,0.7,26.3,84,999.6,,,10,0.3
2026-07-07 06:00,131,청주,270,0.9,25.2,91,1000.5,0.0,0.0,10,11.8
2026-07-07 07:00,131,청주,270,0.6,24.0,89,1001.0,0.0,0.0,10,5.7
2026-07-07 08:00,131,청주,50,1.3,24.0,89,1001.2,0.05,0.0,10,4.2
2026-07-07 09:00,131,청주,0,0.1,24.8,88,1001.1,0.26,0.0,9,0.8
2026-07-07 10:00,131,청주,160,1.1,26.7,80,1000.6,1.41,0.2,7,0.0
2026-07-07 11:00,131,청주,160,1.3,28.8,73,1000.0,2.81,0.8,8,
2026-07-07 12:00,131,청주,200,1.7,30.7,65,1000.1,2.68,0.7,7,
2026-07-07 13:00,131,청주,230,2.0,30.5,64,999.9,2.73,0.6,7,
2026-07-07 14:00,131,청주,250,2.3,31.2,62,999.4,2.09,0.1,8,
2026-07-07 15:00,131,청주,180,1.2,32.3,61,998.7,2.25,0.5,4,
2026-07-07 16:00,131,청주,250,1.7,32.2,61,998.5,2.01,0.6,8,
2026-07-07 17:00,131,청주,270,1.3,32.3,60,998.0,1.41,0.5,8,
2026-07-07 18:00,131,청주,180,1.6,33.0,57,997.6,1.45,0.8,8,
2026-07-07 19:00,131,청주,140,2.2,31.8,64,997.5,0.55,0.3,8,
2026-07-07 20:00,131,청주,140,2.3,30.7,67,997.6,0.03,0.0,9,
2026-07-07 21:00,131,청주,140,2.2,30.2,69,997.8,,,9,
2026-07-07 22:00,131,청주,140,2.6,30.1,69,998.2,,,9,
2026-07-07 23:00,131,청주,140,1.2,29.4,71,998.6,,,10,
2026-07-08 00:00,131,청주,140,2.4,28.8,72,998.4,,,9,
2026-07-08 01:00,131,청주,140,1.4,28.1,73,997.8,,,8,
2026-07-08 02:00,131,청주,140,2.8,27.6,71,996.9,,,8,
2026-07-08 03:00,131,청주,160,1.0,26.9,72,997.0,,,3,
2026-07-08 04:00,131,청주,180,1.2,26.5,70,997.3,,,6,
2026-07-08 05:00,131,청주,230,1.1,26.7,65,997.6,,,7,
2026-07-08 06:00,131,청주,160,1.7,26.7,63,997.7,0.0,0.0,9,
2026-07-08 07:00,131,청주,140,0.6,27.2,60,997.8,0.07,0.0,10,
2026-07-08 08:00,131,청주,160,1.1,25.0,78,998.3,0.07,0.0,10,3.2
2026-07-08 09:00,131,청주,200,1.1,24.2,84,999.0,0.14,0.0,10,4.8
2026-07-08 10:00,131,청주,180,0.8,24.9,84,998.5,0.34,0.0,10,0.7
2026-07-08 11:00,131,청주,200,1.5,24.7,88,998.7,0.27,0.0,10,4.8
2026-07-08 12:00,131,청주,270,1.7,24.7,89,999.1,0.26,0.0,10,4.1
2026-07-08 13:00,131,청주,0,0.4,24.8,91,998.7,0.15,0.0,10,12.3
2026-07-08 14:00,131,청주,230,0.9,24.7,90,998.9,0.04,0.0,10,7.9
2026-07-08 15:00,131,청주,230,1.6,24.5,91,999.3,0.02,0.0,10,9.8
2026-07-08 16:00,131,청주,270,0.8,24.1,90,999.4,0.25,0.0,10,8.9
2026-07-08 17:00,131,청주,230,1.2,25.0,87,999.2,0.57,0.0,10,0.2
2026-07-08 18:00,131,청주,160,1.1,25.0,86,999.1,0.18,0.0,10,0.1
2026-07-08 19:00,131,청주,0,0.3,25.2,87,999.1,0.1,0.0,10,0.1
2026-07-08 20:00,131,청주,110,1.6,24.7,89,999.2,0.07,0.0,10,6.7
2026-07-08 21:00,131,청주,160,1.0,24.8,90,999.3,,,10,2.8
2026-07-08 22:00,131,청주,0,0.2,24.9,89,999.7,,,10,0.2
2026-07-08 23:00,131,청주,0,0.4,25.3,89,1000.1,,,10,0.0
2026-07-09 00:00,131,청주,270,1.0,25.2,89,1000.4,,,10,0.0
2026-07-09 01:00,131,청주,160,0.5,25.2,90,1000.5,,,10,0.7
2026-07-09 02:00,131,청주,0,0.3,25.5,89,1000.5,,,10,0.2
2026-07-09 03:00,131,청주,110,1.2,25.7,88,1000.2,,,10,0.0
2026-07-09 04:00,131,청주,0,0.0,25.3,91,999.6,,,10,0.5
2026-07-09 05:00,131,청주,160,1.2,25.0,91,1000.2,,,10,6.0
2026-07-09 06:00,131,청주,140,2.0,23.8,91,1000.9,0.0,0.0,10,31.8
2026-07-09 07:00,131,청주,110,1.7,23.5,92,1001.3,0.0,0.0,10,37.7
2026-07-09 08:00,131,청주,360,1.2,23.5,92,1002.1,0.0,0.0,10,53.1
2026-07-09 09:00,131,청주,70,1.9,23.2,89,1002.9,0.0,0.0,10,3.9
2026-07-09 10:00,131,청주,70,1.5,23.1,89,1002.6,0.15,0.0,10,4.6
2026-07-09 11:00,131,청주,50,1.6,23.1,89,1002.9,0.13,0.0,10,2.7
2026-07-09 12:00,131,청주,270,0.6,23.6,91,1003.8,0.13,0.0,10,3.1
2026-07-09 13:00,131,청주,270,2.1,23.7,88,1003.5,0.39,0.0,10,3.7
2026-07-09 14:00,131,청주,110,1.7,24.2,83,1002.2,0.57,0.0,10,0.4
2026-07-09 15:00,131,청주,230,1.3,24.8,80,1002.9,1.05,0.0,9,0.0
2026-07-09 16:00,131,청주,230,1.1,25.7,76,1002.5,1.3,0.0,9,
2026-07-09 17:00,131,청주,200,0.6,26.3,76,1002.2,0.85,0.0,9,
2026-07-09 18:00,131,청주,160,1.0,26.6,72,1002.1,0.62,0.0,10,
2026-07-09 19:00,131,청주,0,0.1,26.5,74,1002.1,0.32,0.0,8,
2026-07-09 20:00,131,청주,180,0.5,26.2,77,1002.4,0.02,0.0,9,0.0
2026-07-09 21:00,131,청주,180,0.5,25.2,84,1002.7,,,9,0.5
2026-07-09 22:00,131,청주,200,0.5,25.2,84,1003.4,,,9,
2026-07-09 23:00,131,청주,230,0.8,25.1,84,1003.5,,,7,
2026-07-10 00:00,131,청주,0,0.3,24.8,85,1003.6,,,4,
2026-07-10 01:00,131,청주,230,0.7,24.8,84,1003.5,,,3,
2026-07-10 02:00,131,청주,230,1.1,24.8,84,1003.0,,,7,
2026-07-10 03:00,131,청주,270,0.7,24.6,84,1002.7,,,4,
2026-07-10 04:00,131,청주,160,0.9,24.6,84,1003.0,,,7,
2026-07-10 05:00,131,청주,0,0.3,24.3,85,1002.8,,,8,
2026-07-10 06:00,131,청주,0,0.3,24.5,84,1003.1,0.0,0.0,8,
2026-07-10 07:00,131,청주,250,0.6,25.6,78,1003.4,0.4,0.5,2,
2026-07-10 08:00,131,청주,180,0.6,27.0,72,1004.0,0.88,0.5,9,
2026-07-10 09:00,131,청주,140,1.2,28.1,71,1004.3,1.03,0.1,9,
2026-07-10 10:00,131,청주,250,1.3,28.7,68,1004.6,1.27,0.0,9,
2026-07-10 11:00,131,청주,250,2.1,28.6,72,1004.5,1.82,0.3,9,1.1
2026-07-10 12:00,131,청주,230,1.3,29.2,70,1004.7,1.9,0.3,9,
2026-07-10 13:00,131,청주,230,0.7,29.5,70,1004.2,0.8,0.0,10,
2026-07-10 14:00,131,청주,180,1.0,30.5,67,1003.9,1.75,0.0,10,
2026-07-10 15:00,131,청주,230,1.5,31.1,63,1003.5,1.66,0.1,9,
2026-07-10 16:00,131,청주,290,1.0,31.7,62,1003.1,1.37,0.2,9,
2026-07-10 17:00,131,청주,320,1.1,31.8,63,1002.9,1.39,0.3,9,
2026-07-10 18:00,131,청주,250,2.0,31.9,61,1002.7,1.25,0.6,8,
2026-07-10 19:00,131,청주,290,1.3,30.6,69,1003.2,0.29,0.0,7,
2026-07-10 20:00,131,청주,90,1.7,26.2,82,1003.9,0.03,0.0,9,9.4
2026-07-10 21:00,131,청주,50,1.9,26.0,82,1004.8,,,8,0.0
2026-07-10 22:00,131,청주,20,0.6,26.1,84,1005.3,,,7,
2026-07-10 23:00,131,청주,50,1.4,25.2,86,1005.3,,,7,
2026-07-11 00:00,131,청주,0,0.3,25.7,84,1005.5,,,6,
2026-07-11 01:00,131,청주,0,0.2,25.6,86,1005.3,,,7,
2026-07-11 02:00,131,청주,0,0.2,25.6,89,1004.7,,,6,
2026-07-11 03:00,131,청주,0,0.0,24.9,89,1004.8,,,7,
2026-07-11 04:00,131,청주,270,0.5,24.3,91,1004.6,,,7,
2026-07-11 05:00,131,청주,20,0.5,24.3,90,1004.5,,,6,
2026-07-11 06:00,131,청주,50,1.0,24.3,91,1004.8,0.0,0.0,3,
2026-07-11 07:00,131,청주,0,0.4,24.7,92,1004.8,0.28,0.0,2,
2026-07-11 08:00,131,청주,0,0.4,26.3,84,1005.2,0.96,0.4,2,
2026-07-11 09:00,131,청주,110,0.8,29.0,70,1005.0,2.02,1.0,3,
2026-07-11 10:00,131,청주,110,1.7,30.2,61,1004.7,2.58,1.0,6,
2026-07-11 11:00,131,청주,110,1.0,32.2,60,1004.8,3.04,1.0,6,
2026-07-11 12:00,131,청주,140,0.8,32.4,56,1004.7,3.73,1.0,6,
2026-07-11 13:00,131,청주,270,2.4,33.0,55,1004.5,3.23,0.9,7,
2026-07-11 14:00,131,청주,270,2.0,33.7,53,1004.1,3.2,1.0,7,
2026-07-11 15:00,131,청주,200,0.9,33.9,53,1003.5,2.84,1.0,7,
2026-07-11 16:00,131,청주,290,2.0,34.5,51,1003.5,2.87,1.0,6,
2026-07-11 17:00,131,청주,270,1.5,34.2,51,1002.9,1.9,1.0,4,
2026-07-11 18:00,131,청주,50,0.8,34.2,52,1002.9,1.35,1.0,3,
2026-07-11 19:00,131,청주,290,1.0,33.5,54,1003.0,0.64,1.0,0,
2026-07-11 20:00,131,청주,70,1.7,32.9,55,1002.8,0.11,0.2,0,
2026-07-11 21:00,131,청주,320,0.5,32.2,60,1003.3,,,1,
2026-07-11 22:00,131,청주,270,1.1,31.4,66,1004.2,,,4,
2026-07-11 23:00,131,청주,0,0.2,30.6,69,1004.5,,,0,
2026-07-12 00:00,131,청주,270,0.9,30.1,65,1004.6,,,0,
2026-07-12 01:00,131,청주,270,1.0,29.3,69,1004.4,,,0,
2026-07-12 02:00,131,청주,140,1.1,28.5,78,1003.7,,,4,
2026-07-12 03:00,131,청주,20,0.9,27.8,79,1003.2,,,0,
2026-07-12 04:00,131,청주,270,0.5,27.5,81,1003.1,,,0,
2026-07-12 05:00,131,청주,20,0.6,26.7,84,1003.6,,,0,
2026-07-12 06:00,131,청주,0,0.2,26.7,84,1004.0,0.03,0.2,0,
2026-07-12 07:00,131,청주,0,0.2,28.1,78,1004.2,0.53,1.0,0,
2026-07-12 08:00,131,청주,70,1.2,29.5,72,1004.3,1.21,1.0,1,
2026-07-12 09:00,131,청주,250,1.2,31.0,62,1004.2,1.98,1.0,2,
2026-07-12 10:00,131,청주,180,1.6,32.9,54,1004.0,2.57,1.0,3,
2026-07-12 11:00,131,청주,250,2.2,32.8,55,1004.2,2.43,0.6,4,
2026-07-12 12:00,131,청주,200,1.9,33.0,54,1003.8,2.61,0.6,4,
2026-07-12 13:00,131,청주,270,1.9,34.5,52,1003.1,3.74,1.0,3,
2026-07-12 14:00,131,청주,290,1.4,34.5,50,1002.7,2.94,0.7,4,
2026-07-12 15:00,131,청주,160,1.7,34.9,52,1002.3,2.5,0.6,4,
2026-07-12 16:00,131,청주,230,0.9,35.1,51,1002.2,1.82,0.3,5,
2026-07-12 17:00,131,청주,270,2.1,35.4,48,1002.0,2.04,0.8,5,
2026-07-12 18:00,131,청주,270,2.8,34.8,48,1002.3,1.41,1.0,4,
2026-07-12 19:00,131,청주,270,1.8,33.8,52,1002.7,0.66,1.0,0,
2026-07-12 20:00,131,청주,270,2.0,32.7,53,1002.9,0.12,0.3,0,
2026-07-12 21:00,131,청주,270,1.3,32.0,54,1003.4,,,2,
2026-07-12 22:00,131,청주,230,1.2,31.5,54,1003.7,,,0,
2026-07-12 23:00,131,청주,230,0.6,30.8,58,1003.7,,,0,
2026-07-13 00:00,131,청주,200,1.0,30.2,61,1003.6,,,0,
2026-07-13 01:00,131,청주,200,1.1,29.5,65,1003.5,,,0,
2026-07-13 02:00,131,청주,200,0.6,28.7,69,1003.5,,,0,
2026-07-13 03:00,131,청주,160,0.6,28.2,72,1003.4,,,0,
2026-07-13 04:00,131,청주,140,0.9,27.7,74,1003.2,,,0,
2026-07-13 05:00,131,청주,0,0.4,27.4,75,1003.2,,,0,
2026-07-13 06:00,131,청주,0,0.3,27.3,75,1003.2,0.02,0.2,0,
2026-07-13 07:00,131,청주,160,0.9,28.5,70,1003.1,0.54,1.0,0,
2026-07-13 08:00,131,청주,160,1.0,29.7,66,1003.2,1.21,1.0,0,
2026-07-13 09:00,131,청주,160,1.5,30.8,61,1003.0,1.97,1.0,0,
2026-07-13 10:00,131,청주,200,2.5,31.5,58,1003.1,2.41,0.9,4,
2026-07-13 11:00,131,청주,200,2.1,31.7,57,1002.9,2.24,0.5,7,
2026-07-13 12:00,131,청주,270,2.3,32.5,56,1002.6,1.83,0.2,8,
2026-07-13 13:00,131,청주,250,2.3,33.9,51,1002.2,2.34,0.4,8,
2026-07-13 14:00,131,청주,270,2.4,34.6,49,1001.6,2.71,0.6,6,
2026-07-13 15:00,131,청주,270,3.1,34.4,48,1000.8,2.8,0.7,7,
2026-07-13 16:00,131,청주,270,2.8,35.0,48,1000.2,2.64,0.9,5,
2026-07-13 17:00,131,청주,250,2.8,35.2,47,999.8,2.51,1.0,5,
2026-07-13 18:00,131,청주,160,2.0,34.5,48,999.7,1.32,0.7,3,
2026-07-13 19:00,131,청주,250,1.8,33.6,51,999.8,0.69,1.0,0,
2026-07-13 20:00,131,청주,290,1.7,32.5,53,1000.3,0.09,0.3,0,
2026-07-13 21:00,131,청주,250,1.4,31.6,57,1001.0,,,0,
2026-07-13 22:00,131,청주,270,1.8,31.1,57,1001.3,,,0,
2026-07-13 23:00,131,청주,250,2.0,30.6,56,1001.3,,,0,
2026-07-14 00:00,131,청주,290,1.7,29.6,60,1001.4,,,0,
2026-07-14 01:00,131,청주,230,1.5,29.5,61,1001.3,,,3,
2026-07-14 02:00,131,청주,200,1.4,29.0,63,1001.2,,,3,
2026-07-14 03:00,131,청주,0,0.4,28.8,64,1000.9,,,9,
2026-07-14 04:00,131,청주,140,1.5,28.6,64,1000.6,,,9,
2026-07-14 05:00,131,청주,200,1.3,28.5,65,1000.5,,,9,
2026-07-14 06:00,131,청주,0,0.4,28.3,66,1000.5,0.0,0.0,9,
2026-07-14 07:00,131,청주,140,1.7,28.5,67,1000.4,0.21,0.0,9,
2026-07-14 08:00,131,청주,200,0.5,29.5,66,1000.3,0.81,0.2,9,
2026-07-14 09:00,131,청주,200,2.2,31.3,60,999.8,1.84,0.9,5,
2026-07-14 10:00,131,청주,200,2.1,31.9,59,999.5,2.65,0.8,7,
2026-07-14 11:00,131,청주,250,2.0,32.4,56,998.9,2.49,0.6,8,
2026-07-14 12:00,131,청주,230,2.7,32.7,54,998.4,1.65,0.1,9,
2026-07-14 13:00,131,청주,200,2.9,33.8,51,997.3,2.87,0.5,8,
2026-07-14 14:00,131,청주,230,2.9,33.5,53,996.6,1.91,0.2,9,
2026-07-14 15:00,131,청주,250,3.0,33.6,54,995.8,2.1,0.3,8,
2026-07-14 16:00,131,청주,230,2.6,32.5,56,995.4,0.92,0.1,9,
2026-07-14 17:00,131,청주,230,2.9,32.0,57,994.5,0.49,0.0,10,
2026-07-14 18:00,131,청주,230,1.9,31.7,59,993.9,0.27,0.0,10,
2026-07-14 19:00,131,청주,200,1.5,31.3,60,993.6,0.1,0.0,10,0.0
2026-07-14 20:00,131,청주,250,2.9,31.0,60,993.4,0.0,0.0,10,0.0
2026-07-14 21:00,131,청주,250,3.3,30.1,65,993.4,,,10,0.0
2026-07-14 22:00,131,청주,230,3.0,27.5,79,993.2,,,10,0.8
2026-07-14 23:00,131,청주,230,2.6,26.7,85,992.6,,,10,2.2
2026-07-15 00:00,131,청주,230,2.4,26.7,85,992.0,,,10,0.0
2026-07-15 01:00,131,청주,270,3.4,26.6,86,992.5,,,10,0.9
2026-07-15 02:00,131,청주,270,3.1,26.2,88,992.4,,,10,1.5
2026-07-15 03:00,131,청주,250,3.1,26.2,89,992.3,,,10,0.8
2026-07-15 04:00,131,청주,270,2.8,26.6,87,992.4,,,10,0.0
2026-07-15 05:00,131,청주,270,2.3,26.7,85,992.6,,,10,
2026-07-15 06:00,131,청주,250,2.0,26.7,85,992.9,0.0,0.0,10,
2026-07-15 07:00,131,청주,270,2.5,26.8,84,993.1,0.0,0.0,10,
2026-07-15 08:00,131,청주,270,2.3,26.8,84,993.3,0.09,0.0,10,0.0
2026-07-15 09:00,131,청주,270,2.8,27.5,80,993.4,0.31,0.0,9,0.0
2026-07-15 10:00,131,청주,270,2.7,28.2,76,993.6,0.6,0.0,8,
2026-07-15 11:00,131,청주,270,4.4,29.8,61,993.7,2.64,0.6,5,
2026-07-15 12:00,131,청주,270,3.2,29.0,61,994.2,2.99,0.6,9,
2026-07-15 13:00,131,청주,270,3.1,29.7,61,994.3,2.97,0.6,8,
2026-07-15 14:00,131,청주,270,2.4,29.8,59,994.4,2.67,0.5,8,
2026-07-15 15:00,131,청주,270,2.8,31.4,51,994.3,2.76,0.6,5,
2026-07-15 16:00,131,청주,270,2.1,31.3,53,994.4,2.34,0.7,5,
2026-07-15 17:00,131,청주,290,2.6,31.4,51,994.8,2.16,0.9,4,
2026-07-15 18:00,131,청주,270,2.3,30.0,54,995.1,1.39,0.9,7,
2026-07-15 19:00,131,청주,270,1.8,29.0,60,995.2,0.65,0.6,6,
2026-07-15 20:00,131,청주,270,1.5,28.1,63,995.7,0.05,0.0,9,
2026-07-15 21:00,131,청주,270,1.2,27.3,65,996.1,,,10,
2026-07-15 22:00,131,청주,250,1.3,26.6,69,996.6,,,10,
2026-07-15 23:00,131,청주,270,1.8,26.0,72,996.9,,,8,
2026-07-16 00:00,131,청주,270,1.7,25.5,74,996.9,,,9,
2026-07-16 01:00,131,청주,270,1.4,25.2,75,997.1,,,10,
2026-07-16 02:00,131,청주,270,0.8,25.2,76,996.6,,,10,
2026-07-16 03:00,131,청주,290,1.0,25.1,77,996.6,,,10,
2026-07-16 04:00,131,청주,290,0.7,25.0,78,997.0,,,10,
2026-07-16 05:00,131,청주,270,0.7,24.8,79,997.0,,,7,
2026-07-16 06:00,131,청주,0,0.4,24.7,80,997.1,0.01,0.0,6,
2026-07-16 07:00,131,청주,320,0.8,25.2,77,997.4,0.24,0.1,8,
2026-07-16 08:00,131,청주,290,0.8,26.2,74,997.9,0.74,0.2,9,
2026-07-16 09:00,131,청주,90,1.3,27.7,65,997.5,1.29,0.2,8,
2026-07-16 10:00,131,청주,180,1.2,28.2,65,997.2,1.97,0.7,7,
2026-07-16 11:00,131,청주,270,1.9,28.7,62,997.2,1.73,0.0,9,
2026-07-16 12:00,131,청주,270,2.2,29.4,63,997.2,2.42,0.4,10,
2026-07-16 13:00,131,청주,290,1.6,29.2,67,996.8,1.24,0.0,9,0.0
2026-07-16 14:00,131,청주,270,1.8,30.1,65,996.2,1.82,0.0,9,
2026-07-16 15:00,131,청주,250,2.0,29.8,66,995.8,1.35,0.0,10,
2026-07-16 16:00,131,청주,270,2.1,29.3,70,995.7,1.03,0.0,10,
2026-07-16 17:00,131,청주,290,1.9,28.6,71,995.2,0.43,0.0,10,0.0
2026-07-16 18:00,131,청주,270,1.2,28.8,71,994.7,0.45,0.0,10,
2026-07-16 19:00,131,청주,290,1.2,28.1,73,995.2,0.2,0.0,10,
2026-07-16 20:00,131,청주,290,1.5,27.5,68,995.4,0.0,0.0,9,
2026-07-16 21:00,131,청주,290,0.7,27.3,67,995.8,,,7,
2026-07-16 22:00,131,청주,270,0.8,26.9,69,996.6,,,9,
2026-07-16 23:00,131,청주,70,0.5,26.7,71,996.6,,,10,
2026-06-16 00:00,127,충주,70,0.6,21.6,65,1000.8,,,6,
2026-06-16 01:00,127,충주,50,0.7,20.8,68,1000.7,,,4,
2026-06-16 02:00,127,충주,50,0.5,19.8,72,1000.7,,,4,
2026-06-16 03:00,127,충주,70,1.4,20.2,71,1000.2,,,6,
2026-06-16 04:00,127,충주,320,0.6,20.0,70,1000.3,,,4,
2026-06-16 05:00,127,충주,70,2.0,20.5,70,1000.3,,,6,
2026-06-16 06:00,127,충주,140,0.5,20.2,71,1001.1,0.07,0.0,7,
2026-06-16 07:00,127,충주,0,0.2,22.0,67,1001.4,0.48,0.5,4,
2026-06-16 08:00,127,충주,0,0.4,23.2,60,1001.7,1.24,1.0,3,
2026-06-16 09:00,127,충주,50,2.3,26.1,45,1001.6,2.01,1.0,4,
2026-06-16 10:00,127,충주,50,2.3,27.8,39,1001.3,2.6,1.0,3,
2026-06-16 11:00,127,충주,50,2.0,29.3,38,1000.8,3.15,1.0,5,
2026-06-16 12:00,127,충주,50,2.3,30.0,35,1000.1,3.43,1.0,0,
2026-06-16 13:00,127,충주,50,2.1,29.8,36,999.2,2.63,0.7,8,
2026-06-16 14:00,127,충주,50,2.7,31.8,32,998.3,3.11,1.0,5,
2026-06-16 15:00,127,충주,320,1.5,30.8,29,997.9,3.01,0.9,3,
2026-06-16 16:00,127,충주,360,1.2,32.1,27,997.7,1.99,0.7,1,
2026-06-16 17:00,127,충주,180,4.1,31.3,31,997.6,2.16,1.0,0,
2026-06-16 18:00,127,충주,180,2.6,30.8,33,997.7,1.38,1.0,0,
2026-06-16 19:00,127,충주,180,1.4,30.0,36,997.8,0.61,1.0,0,
2026-06-16 20:00,127,충주,110,1.2,26.3,47,998.0,0.09,0.1,0,
2026-06-16 21:00,127,충주,110,2.8,27.2,44,998.2,,,0,
2026-06-16 22:00,127,충주,110,2.3,26.2,46,998.4,,,0,
2026-06-16 23:00,127,충주,360,1.2,23.1,57,998.9,,,0,
2026-06-17 00:00,127,충주,70,1.5,23.1,59,998.8,,,0,
2026-06-17 01:00,127,충주,70,1.6,22.7,60,998.9,,,0,
2026-06-17 02:00,127,충주,0,0.4,21.6,63,998.8,,,0,
2026-06-17 03:00,127,충주,110,0.8,20.8,67,998.3,,,0,
2026-06-17 04:00,127,충주,110,1.0,19.3,76,998.8,,,0,
2026-06-17 05:00,127,충주,70,0.7,20.0,76,999.2,,,5,
2026-06-17 06:00,127,충주,110,0.9,21.1,72,998.8,0.09,0.0,8,
2026-06-17 07:00,127,충주,90,3.0,23.1,62,998.7,0.48,0.5,0,
2026-06-17 08:00,127,충주,70,2.8,24.7,58,998.4,1.3,1.0,0,
2026-06-17 09:00,127,충주,50,2.4,26.7,54,998.4,2.08,1.0,6,
2026-06-17 10:00,127,충주,70,1.6,28.1,49,998.0,2.22,0.4,7,
2026-06-17 11:00,127,충주,270,1.3,29.2,44,997.5,3.13,1.0,1,
2026-06-17 12:00,127,충주,360,1.6,31.2,41,996.7,3.5,1.0,2,
2026-06-17 13:00,127,충주,290,1.8,32.2,38,996.3,3.59,1.0,2,
2026-06-17 14:00,127,충주,70,0.8,31.4,40,994.9,2.67,0.6,2,
2026-06-17 15:00,127,충주,90,1.4,31.8,36,994.5,2.19,0.5,7,
2026-06-17 16:00,127,충주,360,1.0,31.8,39,994.3,0.95,0.0,7,
2026-06-17 17:00,127,충주,200,2.7,31.0,39,994.0,0.62,0.0,10,
2026-06-17 18:00,127,충주,200,2.4,28.8,51,994.0,0.5,0.0,10,0.0
2026-06-17 19:00,127,충주,180,3.2,28.7,50,994.6,0.31,0.0,10,
2026-06-17 20:00,127,충주,180,2.2,24.5,74,995.5,0.06,0.0,10,0.0
2026-06-17 21:00,127,충주,360,0.6,22.7,84,996.2,,,10,0.3
2026-06-17 22:00,127,충주,230,0.6,22.6,86,996.6,,,10,0.0
2026-06-17 23:00,127,충주,90,1.1,22.1,87,995.9,,,6,
2026-06-18 00:00,127,충주,90,1.2,21.2,88,996.0,,,6,
2026-06-18 01:00,127,충주,110,0.7,21.5,88,995.9,,,6,0.0
2026-06-18 02:00,127,충주,0,0.1,21.2,90,995.8,,,7,
2026-06-18 03:00,127,충주,70,0.6,21.7,89,995.6,,,9,
2026-06-18 04:00,127,충주,0,0.2,21.4,90,995.7,,,7,
2026-06-18 05:00,127,충주,0,0.0,21.7,90,995.7,,,10,
2026-06-18 06:00,127,충주,20,1.1,21.3,91,995.5,0.05,0.0,0,
2026-06-18 07:00,127,충주,0,0.2,22.5,88,995.5,0.35,0.0,7,0.0
2026-06-18 08:00,127,충주,0,0.2,24.3,78,995.6,0.96,0.3,7,
2026-06-18 09:00,127,충주,230,0.9,25.0,74,995.6,1.53,0.4,8,
2026-06-18 10:00,127,충주,110,0.6,26.2,67,995.1,1.74,0.0,7,
2026-06-18 11:00,127,충주,200,2.2,27.6,61,995.2,2.29,0.1,8,
2026-06-18 12:00,127,충주,250,2.0,29.5,55,994.9,2.68,0.1,6,
2026-06-18 13:00,127,충주,230,2.1,29.8,49,994.4,3.7,1.0,5,
2026-06-18 14:00,127,충주,250,2.8,30.7,48,993.6,3.64,1.0,2,
2026-06-18 15:00,127,충주,250,2.8,32.2,44,993.2,3.18,1.0,3,
2026-06-18 16:00,127,충주,320,1.9,31.4,44,993.0,1.89,0.6,2,
2026-06-18 17:00,127,충주,250,2.1,30.7,46,992.9,1.8,0.8,1,
2026-06-18 18:00,127,충주,270,1.1,31.2,45,992.7,1.06,0.8,3,
2026-06-18 19:00,127,충주,250,2.4,29.8,50,993.1,0.5,0.5,6,
2026-06-18 20:00,127,충주,290,0.9,28.5,55,993.5,0.11,0.0,7,
2026-06-18 21:00,127,충주,70,1.1,25.7,66,993.9,,,6,
2026-06-18 22:00,127,충주,70,0.6,24.5,71,994.1,,,6,
2026-06-18 23:00,127,충주,0,0.0,23.3,77,994.7,,,5,
2026-06-19 00:00,127,충주,70,0.9,23.1,77,995.1,,,6,
2026-06-19 01:00,127,충주,70,0.6,22.6,79,995.4,,,5,
2026-06-19 02:00,127,충주,0,0.3,22.2,82,995.1,,,5,
2026-06-19 03:00,127,충주,140,0.6,21.8,84,994.9,,,5,
2026-06-19 04:00,127,충주,70,0.6,21.1,86,994.8,,,5,
2026-06-19 05:00,127,충주,110,0.6,20.7,86,994.9,,,0,
2026-06-19 06:00,127,충주,50,0.5,21.2,89,995.3,0.07,0.0,5,
2026-06-19 07:00,127,충주,230,1.2,23.5,81,994.9,0.51,0.4,7,
2026-06-19 08:00,127,충주,90,2.0,26.4,69,994.8,1.32,1.0,7,
2026-06-19 09:00,127,충주,230,1.5,26.7,67,994.9,1.59,0.6,7,
2026-06-19 10:00,127,충주,320,0.9,29.3,60,994.0,2.12,0.9,4,
2026-06-19 11:00,127,충주,200,1.7,30.0,55,993.7,2.85,0.9,3,
2026-06-19 12:00,127,충주,70,1.5,31.9,49,993.1,2.25,0.4,7,
2026-06-19 13:00,127,충주,200,1.6,33.3,40,992.3,2.84,0.5,8,
2026-06-19 14:00,127,충주,160,3.0,32.5,42,991.9,2.22,0.4,8,
2026-06-19 15:00,127,충주,180,3.7,31.3,46,991.9,1.85,0.3,10,
2026-06-19 16:00,127,충주,140,1.5,30.7,50,992.2,0.98,0.0,10,
2026-06-19 17:00,127,충주,90,2.8,28.7,55,992.1,0.33,0.0,10,0.0
2026-06-19 18:00,127,충주,140,2.6,25.7,73,992.6,0.17,0.0,10,0.0
2026-06-19 19:00,127,충주,90,3.1,24.1,82,992.5,0.1,0.0,10,0.0
2026-06-19 20:00,127,충주,90,3.9,24.6,79,992.2,0.01,0.0,10,0.0
2026-06-19 21:00,127,충주,70,3.2,24.6,79,992.2,,,10,0.0
2026-06-19 22:00,127,충주,90,3.1,24.5,79,992.2,,,10,0.0
2026-06-19 23:00,127,충주,70,2.6,23.5,85,991.5,,,10,0.7
2026-06-20 00:00,127,충주,70,3.6,22.7,88,990.0,,,10,2.6
2026-06-20 01:00,127,충주,70,3.0,22.6,86,988.7,,,10,2.2
2026-06-20 02:00,127,충주,90,3.4,22.1,87,987.9,,,10,2.3
2026-06-20 03:00,127,충주,70,3.8,21.6,88,986.7,,,10,8.5
2026-06-20 04:00,127,충주,90,3.5,21.2,89,985.2,,,10,5.5
2026-06-20 05:00,127,충주,90,3.8,21.4,89,984.3,,,10,8.8
2026-06-20 06:00,127,충주,90,4.7,21.7,89,983.7,0.0,0.0,10,4.7
2026-06-20 07:00,127,충주,90,3.0,21.7,91,983.2,0.0,0.0,10,7.5
2026-06-20 08:00,127,충주,70,2.1,21.7,91,982.8,0.1,0.0,10,6.6
2026-06-20 09:00,127,충주,90,3.0,22.2,91,982.4,0.36,0.0,10,1.1
2026-06-20 10:00,127,충주,90,2.1,22.7,91,982.2,0.4,0.0,9,0.4
2026-06-20 11:00,127,충주,0,0.1,22.5,92,982.5,0.41,0.0,10,0.5
2026-06-20 12:00,127,충주,0,0.0,22.7,94,982.4,0.35,0.0,10,1.5
2026-06-20 13:00,127,충주,0,0.2,23.0,94,982.6,0.27,0.0,10,3.2
2026-06-20 14:00,127,충주,200,2.4,23.7,93,983.0,0.45,0.0,10,0.9
2026-06-20 15:00,127,충주,200,3.1,23.0,87,983.7,0.15,0.0,10,0.0
2026-06-20 16:00,127,충주,270,1.4,22.2,92,984.3,0.1,0.0,10,1.2
2026-06-20 17:00,127,충주,290,2.1,21.8,93,984.8,0.07,0.0,10,0.2
2026-06-20 18:00,127,충주,290,0.8,20.8,94,985.7,0.03,0.0,10,0.9
2026-06-20 19:00,127,충주,270,1.5,20.6,94,986.6,0.02,0.0,10,4.5
2026-06-20 20:00,127,충주,250,2.3,20.3,94,987.5,0.0,0.0,10,1.6
2026-06-20 21:00,127,충주,230,0.5,19.7,95,988.6,,,10,0.3
2026-06-20 22:00,127,충주,0,0.1,19.8,94,989.6,,,10,
2026-06-20 23:00,127,충주,0,0.1,19.8,94,990.0,,,10,
2026-06-21 00:00,127,충주,0,0.0,19.8,93,990.8,,,10,
2026-06-21 01:00,127,충주,0,0.3,19.8,93,991.2,,,10,
2026-06-21 02:00,127,충주,0,0.4,19.8,92,991.4,,,10,
2026-06-21 03:00,127,충주,0,0.0,19.3,93,991.9,,,10,
2026-06-21 04:00,127,충주,0,0.1,19.2,93,992.8,,,10,
2026-06-21 05:00,127,충주,0,0.1,18.8,93,993.8,,,10,
2026-06-21 06:00,127,충주,0,0.0,18.8,92,994.1,0.03,0.0,10,
2026-06-21 07:00,127,충주,0,0.1,19.8,88,994.6,0.37,0.0,10,
2026-06-21 08:00,127,충주,0,0.4,20.9,84,995.0,0.97,0.2,8,
2026-06-21 09:00,127,충주,340,1.1,22.2,75,995.1,1.33,0.4,8,
2026-06-21 10:00,127,충주,230,0.8,22.6,68,995.5,1.68,0.4,9,
2026-06-21 11:00,127,충주,320,0.7,23.5,67,995.6,1.23,0.0,9,
2026-06-21 12:00,127,충주,290,0.5,24.2,65,995.4,1.79,0.0,8,
2026-06-21 13:00,127,충주,90,1.9,25.0,65,995.3,1.73,0.1,9,
2026-06-21 14:00,127,충주,50,1.4,25.4,57,995.0,2.69,0.4,8,
2026-06-21 15:00,127,충주,340,2.0,25.5,63,995.1,1.45,0.0,9,
2026-06-21 16:00,127,충주,360,1.1,25.0,64,995.3,1.01,0.0,9,
2026-06-21 17:00,127,충주,70,1.2,25.2,61,994.9,0.94,0.0,10,
2026-06-21 18:00,127,충주,90,1.0,24.7,64,995.0,0.67,0.0,9,
2026-06-21 19:00,127,충주,50,1.2,23.5,69,995.0,0.28,0.0,8,
2026-06-21 20:00,127,충주,50,1.0,21.7,76,995.6,0.05,0.0,8,
2026-06-21 21:00,127,충주,20,1.9,21.0,81,995.7,,,9,
2026-06-21 22:00,127,충주,70,0.8,20.4,82,996.2,,,8,
2026-06-21 23:00,127,충주,0,0.4,19.7,86,996.3,,,10,
2026-06-22 00:00,127,충주,20,0.5,19.6,88,995.8,,,10,
2026-06-22 01:00,127,충주,70,0.7,19.8,88,995.7,,,10,
2026-06-22 02:00,127,충주,320,0.5,19.3,91,995.6,,,10,
2026-06-22 03:00,127,충주,0,0.4,19.4,90,995.4,,,10,
2026-06-22 04:00,127,충주,90,0.6,19.6,89,995.5,,,10,
2026-06-22 05:00,127,충주,90,1.5,19.6,90,995.3,,,10,
2026-06-22 06:00,127,충주,90,1.5,19.8,86,995.3,0.03,0.0,9,
2026-06-22 07:00,127,충주,90,0.6,20.2,85,995.9,0.2,0.0,10,
2026-06-22 08:00,127,충주,0,0.3,20.7,84,995.9,0.39,0.0,10,
2026-06-22 09:00,127,충주,50,1.5,22.3,73,995.8,0.74,0.0,10,
2026-06-22 10:00,127,충주,50,1.6,24.1,67,995.7,1.68,0.0,9,
2026-06-22 11:00,127,충주,0,0.2,25.1,64,995.3,2.28,0.4,9,
2026-06-22 12:00,127,충주,360,2.2,26.2,64,995.3,1.89,0.0,10,
2026-06-22 13:00,127,충주,340,2.0,25.1,62,995.0,1.19,0.0,10,
2026-06-22 14:00,127,충주,20,0.9,26.1,61,994.8,1.12,0.0,9,
2026-06-22 15:00,127,충주,160,0.7,26.0,62,994.7,1.29,0.0,10,
2026-06-22 16:00,127,충주,180,1.8,26.0,60,994.2,1.3,0.1,10,
2026-06-22 17:00,127,충주,140,1.6,25.6,59,994.1,1.39,0.5,8,
2026-06-22 18:00,127,충주,200,1.8,25.3,64,994.4,0.65,0.0,8,
2026-06-22 19:00,127,충주,160,1.4,24.8,64,994.8,0.66,0.9,3,
2026-06-22 20:00,127,충주,70,0.7,22.6,74,995.3,0.11,0.1,8,
2026-06-22 21:00,127,충주,90,0.7,21.3,78,996.1,,,9,
2026-06-22 22:00,127,충주,70,1.0,20.7,80,996.8,,,8,
2026-06-22 23:00,127,충주,90,0.6,20.5,80,997.0,,,9,
2026-06-23 00:00,127,충주,0,0.4,20.1,82,996.8,,,8,
2026-06-23 01:00,127,충주,0,0.0,18.8,86,996.6,,,7,
2026-06-23 02:00,127,충주,90,0.8,18.3,88,996.4,,,5,
2026-06-23 03:00,127,충주,70,1.0,18.7,88,996.1,,,3,
2026-06-23 04:00,127,충주,70,0.7,19.3,88,996.6,,,8,
2026-06-23 05:00,127,충주,90,1.3,20.1,83,996.6,,,6,
2026-06-23 06:00,127,충주,70,1.3,20.2,78,996.9,0.09,0.0,6,
2026-06-23 07:00,127,충주,50,1.7,20.9,73,997.1,0.55,0.2,4,
2026-06-23 08:00,127,충주,50,2.4,22.0,70,997.1,1.37,0.9,5,
2026-06-23 09:00,127,충주,70,3.1,22.7,64,997.0,2.14,1.0,0,
2026-06-23 10:00,127,충주,70,2.1,24.4,60,997.3,2.79,1.0,2,
2026-06-23 11:00,127,충주,90,2.0,25.6,55,997.2,3.34,0.9,4,
2026-06-23 12:00,127,충주,20,2.7,26.9,50,996.7,2.81,0.6,4,
2026-06-23 13:00,127,충주,70,3.0,27.7,39,996.1,3.56,1.0,5,
2026-06-23 14:00,127,충주,110,2.3,28.0,38,995.7,3.6,1.0,1,
2026-06-23 15:00,127,충주,50,2.7,29.3,39,995.2,3.29,1.0,0,
2026-06-23 16:00,127,충주,50,2.7,29.4,38,994.9,2.8,1.0,0,
2026-06-23 17:00,127,충주,110,1.9,28.3,42,994.8,2.13,1.0,0,
2026-06-23 18:00,127,충주,110,2.7,26.8,47,995.2,1.38,1.0,4,
2026-06-23 19:00,127,충주,110,2.8,24.7,51,996.0,0.52,0.5,8,
2026-06-23 20:00,127,충주,90,2.7,22.7,57,996.3,0.08,0.0,8,
2026-06-23 21:00,127,충주,90,1.9,21.6,61,997.3,,,8,
2026-06-23 22:00,127,충주,90,2.5,20.7,62,997.8,,,5,
2026-06-23 23:00,127,충주,90,1.8,19.6,68,997.9,,,8,
2026-06-24 00:00,127,충주,90,1.3,18.7,71,998.1,,,5,
2026-06-24 01:00,127,충주,90,1.5,18.3,70,997.6,,,7,
2026-06-24 02:00,127,충주,50,1.1,18.1,68,997.3,,,7,
2026-06-24 03:00,127,충주,0,0.3,16.5,77,997.1,,,3,
2026-06-24 04:00,127,충주,0,0.2,15.7,81,996.9,,,2,
2026-06-24 05:00,127,충주,20,1.2,16.1,75,996.6,,,6,
2026-06-24 06:00,127,충주,70,1.8,17.3,70,996.8,0.02,0.0,3,
2026-06-24 07:00,127,충주,70,3.0,18.9,65,997.0,0.44,0.5,3,
2026-06-24 08:00,127,충주,70,2.8,20.4,60,996.7,1.3,1.0,7,
2026-06-24 09:00,127,충주,50,3.3,22.1,54,996.1,1.96,1.0,7,
2026-06-24 10:00,127,충주,70,2.8,23.7,50,995.5,2.47,1.0,8,
2026-06-24 11:00,127,충주,50,2.8,25.0,47,995.5,2.49,0.8,8,
2026-06-24 12:00,127,충주,70,3.0,25.7,43,995.3,2.47,0.0,9,
2026-06-24 13:00,127,충주,50,2.5,26.7,42,994.6,2.41,0.1,8,
2026-06-24 14:00,127,충주,50,2.9,27.5,38,994.3,3.39,1.0,7,
2026-06-24 15:00,127,충주,70,1.7,27.2,41,994.0,2.36,0.6,9,
2026-06-24 16:00,127,충주,70,2.2,26.2,46,993.3,1.7,0.4,10,
2026-06-24 17:00,127,충주,70,2.0,26.5,46,992.7,1.05,0.2,10,
2026-06-24 18:00,127,충주,70,1.2,25.1,46,993.1,0.72,0.1,8,
2026-06-24 19:00,127,충주,70,1.6,24.3,50,993.6,0.25,0.0,9,
2026-06-24 20:00,127,충주,110,1.3,23.0,57,993.7,0.16,0.0,9,
2026-06-24 21:00,127,충주,0,0.3,22.5,56,994.0,,,7,
2026-06-24 22:00,127,충주,70,1.1,22.2,56,994.3,,,10,
2026-06-24 23:00,127,충주,90,1.3,21.7,56,993.6,,,3,
2026-06-25 00:00,127,충주,110,2.0,21.3,57,993.4,,,10,
2026-06-25 01:00,127,충주,90,1.0,21.0,59,993.1,,,10,
2026-06-25 02:00,127,충주,90,0.5,20.6,62,992.9,,,10,
2026-06-25 03:00,127,충주,90,1.5,20.3,64,992.4,,,6,
2026-06-25 04:00,127,충주,90,0.9,20.2,64,992.6,,,6,
2026-06-25 05:00,127,충주,70,1.8,20.1,63,992.4,,,6,
2026-06-25 06:00,127,충주,90,1.1,19.8,66,992.5,0.03,0.0,7,
2026-06-25 07:00,127,충주,70,1.3,20.5,64,992.7,0.22,0.0,7,
2026-06-25 08:00,127,충주,90,1.5,21.2,62,992.8,0.67,0.0,6,
2026-06-25 09:00,127,충주,90,1.8,22.2,60,992.5,1.55,0.5,7,
2026-06-25 10:00,127,충주,110,1.7,23.2,60,992.1,1.89,0.6,8,
2026-06-25 11:00,127,충주,90,1.2,24.5,57,992.1,2.1,0.0,9,
2026-06-25 12:00,127,충주,110,1.3,24.6,57,991.5,2.4,0.4,9,
2026-06-25 13:00,127,충주,110,1.7,26.8,53,990.4,2.75,0.3,8,
2026-06-25 14:00,127,충주,110,1.1,26.3,57,989.9,1.54,0.0,9,
2026-06-25 15:00,127,충주,110,1.0,25.4,64,989.6,0.53,0.0,9,
2026-06-25 16:00,127,충주,230,2.5,24.9,66,989.8,0.55,0.0,10,
2026-06-25 17:00,127,충주,340,1.6,25.1,66,989.5,0.79,0.0,8,
2026-06-25 18:00,127,충주,340,1.9,23.7,72,989.9,0.42,0.0,8,0.3
2026-06-25 19:00,127,충주,360,0.9,23.5,81,989.9,0.41,0.0,8,0.0
2026-06-25 20:00,127,충주,340,1.7,22.6,80,990.3,0.04,0.0,4,
2026-06-25 21:00,127,충주,360,0.8,21.4,82,990.4,,,1,
2026-06-25 22:00,127,충주,340,1.6,21.5,84,991.0,,,9,
2026-06-25 23:00,127,충주,290,0.5,20.8,85,991.1,,,6,
2026-06-26 00:00,127,충주,0,0.1,20.5,87,990.8,,,5,
2026-06-26 01:00,127,충주,360,1.1,20.1,86,990.9,,,3,
2026-06-26 02:00,127,충주,0,0.4,19.5,90,991.0,,,3,
2026-06-26 03:00,127,충주,0,0.2,19.3,90,990.9,,,3,
2026-06-26 04:00,127,충주,320,1.0,19.7,90,991.0,,,3,
2026-06-26 05:00,127,충주,320,1.5,19.2,90,991.4,,,7,0.0
2026-06-26 06:00,127,충주,340,0.8,19.0,92,991.7,0.0,0.0,7,0.9
2026-06-26 07:00,127,충주,290,0.8,19.5,91,992.0,0.11,0.0,7,0.0
2026-06-26 08:00,127,충주,250,1.2,21.0,83,992.3,0.7,0.1,6,
2026-06-26 09:00,127,충주,200,1.1,21.5,75,992.4,1.02,0.2,3,
2026-06-26 10:00,127,충주,250,1.4,23.1,68,992.4,1.77,0.4,5,
2026-06-26 11:00,127,충주,290,1.6,24.7,59,992.3,2.24,0.5,5,
2026-06-26 12:00,127,충주,320,1.7,25.3,61,991.6,2.62,0.6,5,
2026-06-26 13:00,127,충주,290,1.8,26.7,53,991.4,2.56,0.5,6,
2026-06-26 14:00,127,충주,320,1.9,27.6,48,991.2,2.58,0.6,2,
2026-06-26 15:00,127,충주,270,2.4,27.8,45,990.7,3.22,0.9,2,
2026-06-26 16:00,127,충주,290,1.6,27.5,43,990.7,2.46,0.8,1,
2026-06-26 17:00,127,충주,340,1.9,28.5,47,990.5,2.2,1.0,1,
2026-06-26 18:00,127,충주,320,2.2,28.1,46,990.7,1.46,1.0,0,
2026-06-26 19:00,127,충주,270,1.4,27.2,45,990.7,0.69,1.0,0,
2026-06-26 20:00,127,충주,70,1.3,23.7,61,991.3,0.1,0.2,2,
2026-06-26 21:00,127,충주,70,0.8,21.5,68,991.8,,,6,
2026-06-26 22:00,127,충주,70,0.8,20.7,69,992.0,,,6,
2026-06-26 23:00,127,충주,70,0.6,20.2,71,991.9,,,7,
2026-06-27 00:00,127,충주,70,0.8,19.3,76,991.9,,,7,
2026-06-27 01:00,127,충주,0,0.4,17.8,81,991.8,,,8,
2026-06-27 02:00,127,충주,50,0.6,17.6,86,991.3,,,6,
2026-06-27 03:00,127,충주,90,0.7,17.2,85,991.4,,,6,
2026-06-27 04:00,127,충주,70,0.7,16.6,89,991.4,,,6,
2026-06-27 05:00,127,충주,0,0.0,16.1,90,991.4,,,6,
2026-06-27 06:00,127,충주,180,0.5,16.5,89,991.6,0.02,0.0,5,
2026-06-27 07:00,127,충주,0,0.1,18.5,83,991.9,0.44,0.3,6,
2026-06-27 08:00,127,충주,360,0.5,20.7,76,992.3,1.11,0.7,9,
2026-06-27 09:00,127,충주,340,0.9,23.0,64,991.9,1.9,1.0,8,
2026-06-27 10:00,127,충주,250,1.1,24.1,60,992.0,1.93,0.7,7,
2026-06-27 11:00,127,충주,270,1.0,25.4,56,992.1,2.06,0.4,6,
2026-06-27 12:00,127,충주,70,1.3,28.4,44,991.4,3.71,1.0,4,
2026-06-27 13:00,127,충주,90,1.9,29.8,39,990.8,3.5,1.0,1,
2026-06-27 14:00,127,충주,140,1.8,31.0,37,990.4,3.51,1.0,0,
2026-06-27 15:00,127,충주,70,1.2,31.3,34,989.9,3.26,1.0,0,
2026-06-27 16:00,127,충주,230,1.5,31.7,35,989.8,2.54,0.9,1,
2026-06-27 17:00,127,충주,320,1.8,31.2,42,989.8,2.06,1.0,7,
2026-06-27 18:00,127,충주,340,2.8,30.4,44,990.0,1.39,1.0,3,
2026-06-27 19:00,127,충주,360,1.0,28.8,51,990.2,0.66,0.9,4,
2026-06-27 20:00,127,충주,70,0.9,26.0,62,990.7,0.1,0.1,0,
2026-06-27 21:00,127,충주,70,0.7,25.5,63,991.3,,,4,
2026-06-27 22:00,127,충주,140,1.7,26.5,46,992.0,,,4,
2026-06-27 23:00,127,충주,50,1.3,23.6,63,992.6,,,6,
2026-06-28 00:00,127,충주,0,0.4,22.0,62,992.9,,,0,
2026-06-28 01:00,127,충주,70,0.6,20.5,66,993.4,,,0,
2026-06-28 02:00,127,충주,0,0.2,19.1,74,993.2,,,0,
2026-06-28 03:00,127,충주,0,0.3,18.6,75,993.3,,,0,
2026-06-28 04:00,127,충주,0,0.4,18.2,78,993.7,,,0,
2026-06-28 05:00,127,충주,70,0.5,17.5,79,994.3,,,0,
2026-06-28 06:00,127,충주,0,0.4,17.7,80,994.5,0.02,0.0,0,
2026-06-28 07:00,127,충주,0,0.0,20.8,73,995.1,0.44,0.5,0,
2026-06-28 08:00,127,충주,360,1.3,23.4,67,995.4,1.32,1.0,0,
2026-06-28 09:00,127,충주,50,0.7,25.2,54,995.6,2.06,1.0,0,
2026-06-28 10:00,127,충주,320,1.2,27.1,52,995.4,2.71,1.0,0,
2026-06-28 11:00,127,충주,360,1.0,27.7,48,995.6,3.2,1.0,0,
2026-06-28 12:00,127,충주,270,2.1,29.2,44,995.2,3.52,1.0,0,
2026-06-28 13:00,127,충주,50,0.9,30.8,40,994.7,3.66,1.0,0,
2026-06-28 14:00,127,충주,250,2.4,31.1,31,994.6,3.55,1.0,0,
2026-06-28 15:00,127,충주,270,2.4,31.8,29,994.0,3.25,1.0,0,
2026-06-28 16:00,127,충주,110,1.1,31.8,25,993.8,2.79,1.0,0,
2026-06-28 17:00,127,충주,270,1.6,32.0,29,993.7,2.12,1.0,0,
2026-06-28 18:00,127,충주,230,1.8,31.5,33,993.8,1.4,1.0,0,
2026-06-28 19:00,127,충주,290,1.0,30.0,39,994.1,0.66,1.0,0,
2026-06-28 20:00,127,충주,290,1.2,27.5,53,994.8,0.09,0.0,4,
2026-06-28 21:00,127,충주,70,0.7,24.7,65,995.5,,,3,
2026-06-28 22:00,127,충주,70,0.8,23.8,70,996.4,,,3,
2026-06-28 23:00,127,충주,70,0.7,22.7,76,997.1,,,6,
2026-06-29 00:00,127,충주,70,0.8,22.7,74,997.1,,,7,
2026-06-29 01:00,127,충주,50,1.0,21.6,80,997.4,,,7,
2026-06-29 02:00,127,충주,0,0.3,20.8,80,997.5,,,8,
2026-06-29 03:00,127,충주,0,0.4,20.1,82,997.3,,,4,
2026-06-29 04:00,127,충주,0,0.3,19.6,86,997.6,,,3,
2026-06-29 05:00,127,충주,70,0.7,19.1,86,997.5,,,4,
2026-06-29 06:00,127,충주,70,0.6,19.3,83,998.3,0.03,0.0,0,
2026-06-29 07:00,127,충주,20,0.9,21.5,78,998.5,0.43,0.5,0,
2026-06-29 08:00,127,충주,50,1.0,23.2,69,998.5,1.21,1.0,3,
2026-06-29 09:00,127,충주,320,0.8,25.5,59,998.4,1.9,1.0,1,
2026-06-29 10:00,127,충주,20,1.2,27.2,55,998.3,2.58,1.0,0,
2026-06-29 11:00,127,충주,270,1.4,28.6,51,998.2,3.03,1.0,1,
2026-06-29 12:00,127,충주,340,1.7,29.4,50,997.7,3.34,1.0,2,
2026-06-29 13:00,127,충주,250,2.2,30.5,47,997.4,3.59,1.0,5,
2026-06-29 14:00,127,충주,340,2.1,30.4,46,996.9,2.49,0.7,6,
2026-06-29 15:00,127,충주,0,0.4,30.9,45,996.5,1.55,0.4,7,
2026-06-29 16:00,127,충주,110,1.3,30.3,49,996.1,0.99,0.1,7,
2026-06-29 17:00,127,충주,180,2.1,31.1,45,996.1,1.4,0.5,7,
2026-06-29 18:00,127,충주,160,2.6,30.6,44,996.1,1.22,0.9,2,
2026-06-29 19:00,127,충주,180,1.5,30.0,43,996.5,0.59,1.0,2,
2026-06-29 20:00,127,충주,70,1.2,26.2,54,996.9,0.1,0.0,3,
2026-06-29 21:00,127,충주,70,0.9,24.1,59,997.4,,,2,
2026-06-29 22:00,127,충주,70,1.0,23.2,63,998.1,,,4,
2026-06-29 23:00,127,충주,70,1.1,23.2,68,998.2,,,6,
2026-06-30 00:00,127,충주,70,1.1,22.7,67,998.4,,,7,
2026-06-30 01:00,127,충주,50,0.9,22.1,73,998.7,,,6,
2026-06-30 02:00,127,충주,90,0.7,20.7,76,998.8,,,3,
2026-06-30 03:00,127,충주,70,0.8,20.4,80,998.9,,,2,
2026-06-30 04:00,127,충주,70,0.5,19.7,82,998.7,,,0,
2026-06-30 05:00,127,충주,0,0.4,19.3,83,998.8,,,0,
2026-06-30 06:00,127,충주,90,0.6,19.6,86,999.1,0.05,0.0,4,
2026-06-30 07:00,127,충주,0,0.2,22.2,76,999.2,0.41,0.5,0,
2026-06-30 08:00,127,충주,70,0.6,23.7,69,999.0,1.2,1.0,1,
2026-06-30 09:00,127,충주,270,0.5,25.5,59,999.1,1.89,1.0,2,
2026-06-30 10:00,127,충주,160,1.1,26.8,54,999.0,2.54,1.0,1,
2026-06-30 11:00,127,충주,20,1.5,28.5,52,998.4,3.0,1.0,4,
2026-06-30 12:00,127,충주,180,1.1,29.1,51,997.5,3.31,1.0,6,
2026-06-30 13:00,127,충주,180,1.6,29.8,49,997.1,2.94,0.5,7,
2026-06-30 14:00,127,충주,340,0.9,30.0,52,996.3,2.8,0.8,3,
2026-06-30 15:00,127,충주,340,1.6,31.2,46,995.8,2.43,0.7,3,
2026-06-30 16:00,127,충주,250,2.2,30.7,46,995.1,2.04,0.8,8,
2026-06-30 17:00,127,충주,250,1.6,30.7,48,994.9,1.14,0.2,7,
2026-06-30 18:00,127,충주,230,1.0,30.0,49,994.8,0.62,0.1,7,
2026-06-30 19:00,127,충주,70,1.0,27.9,60,995.5,0.13,0.0,7,
2026-06-30 20:00,127,충주,70,1.1,26.6,64,995.2,0.05,0.0,8,
2026-06-30 21:00,127,충주,90,0.9,24.9,70,995.7,,,8,
2026-06-30 22:00,127,충주,0,0.3,24.7,71,995.9,,,9,
2026-06-30 23:00,127,충주,50,1.0,24.8,70,995.8,,,10,
2026-07-01 00:00,127,충주,70,1.3,24.6,67,996.0,,,10,
2026-07-01 01:00,127,충주,0,0.4,24.3,67,995.4,,,10,
2026-07-01 02:00,127,충주,90,0.9,23.7,71,995.2,,,9,
2026-07-01 03:00,127,충주,70,0.8,23.0,74,994.7,,,10,
2026-07-01 04:00,127,충주,50,1.1,22.8,75,994.2,,,10,
2026-07-01 05:00,127,충주,50,1.8,23.0,73,994.3,,,10,
2026-07-01 06:00,127,충주,70,1.7,23.2,73,994.2,0.0,0.0,10,
2026-07-01 07:00,127,충주,50,1.6,22.7,76,994.6,0.03,0.0,10,
2026-07-01 08:00,127,충주,90,1.2,22.2,80,994.0,0.07,0.0,10,0.1
2026-07-01 09:00,127,충주,110,0.8,21.4,89,994.6,0.17,0.0,10,0.9
2026-07-01 10:00,127,충주,50,2.0,22.0,89,994.1,0.46,0.0,10,0.7
2026-07-01 11:00,127,충주,70,2.0,22.7,82,993.8,0.86,0.0,10,
2026-07-01 12:00,127,충주,70,2.5,24.5,78,993.4,1.51,0.0,10,
2026-07-01 13:00,127,충주,70,2.6,26.5,70,992.9,2.61,0.3,8,
2026-07-01 14:00,127,충주,50,2.9,27.7,58,992.6,2.72,0.8,8,
2026-07-01 15:00,127,충주,50,3.2,28.6,48,992.5,3.24,1.0,6,
2026-07-01 16:00,127,충주,50,3.3,28.4,42,991.8,2.52,1.0,7,
2026-07-01 17:00,127,충주,90,3.1,28.2,42,991.5,2.12,1.0,2,
2026-07-01 18:00,127,충주,110,2.2,28.2,44,991.4,1.47,1.0,7,
2026-07-01 19:00,127,충주,160,2.5,26.8,48,992.1,0.79,1.0,6,
2026-07-01 20:00,127,충주,140,0.9,24.2,59,992.7,0.1,0.0,1,
2026-07-01 21:00,127,충주,50,1.1,22.2,68,993.2,,,1,
2026-07-01 22:00,127,충주,110,0.8,21.8,69,993.8,,,1,
2026-07-01 23:00,127,충주,50,0.8,20.9,77,994.3,,,1,
2026-07-02 00:00,127,충주,70,0.8,20.0,79,994.8,,,1,
2026-07-02 01:00,127,충주,0,0.1,18.8,84,994.9,,,4,
2026-07-02 02:00,127,충주,90,0.8,19.1,85,994.9,,,4,
2026-07-02 03:00,127,충주,90,0.6,18.7,84,994.7,,,2,
2026-07-02 04:00,127,충주,340,0.5,18.2,87,994.9,,,2,
2026-07-02 05:00,127,충주,0,0.4,18.0,89,995.3,,,6,
2026-07-02 06:00,127,충주,360,0.6,18.6,90,995.6,0.05,0.0,8,
2026-07-02 07:00,127,충주,0,0.3,20.5,83,996.2,0.49,0.5,5,
2026-07-02 08:00,127,충주,360,0.5,22.2,78,996.6,1.07,0.7,4,
2026-07-02 09:00,127,충주,20,2.2,24.5,64,996.8,1.87,1.0,4,
2026-07-02 10:00,127,충주,340,0.9,26.7,57,996.9,2.55,1.0,3,
2026-07-02 11:00,127,충주,110,1.5,26.4,55,996.7,2.24,0.6,5,
2026-07-02 12:00,127,충주,70,0.9,28.3,50,996.3,3.12,0.7,5,
2026-07-02 13:00,127,충주,290,1.4,28.2,50,996.1,2.01,0.0,7,
2026-07-02 14:00,127,충주,360,2.0,28.8,52,995.9,1.37,0.1,8,
2026-07-02 15:00,127,충주,20,0.8,29.0,50,995.7,2.18,0.5,7,
2026-07-02 16:00,127,충주,270,1.2,29.7,45,995.3,1.42,0.4,8,
2026-07-02 17:00,127,충주,230,1.8,28.6,50,995.3,0.82,0.0,10,
2026-07-02 18:00,127,충주,250,1.5,28.1,53,995.4,0.42,0.0,10,
2026-07-02 19:00,127,충주,250,2.5,27.2,59,996.1,0.32,0.0,8,
2026-07-02 20:00,127,충주,200,2.6,26.1,62,996.6,0.02,0.0,10,
2026-07-02 21:00,127,충주,180,1.5,24.5,70,997.6,,,9,
2026-07-02 22:00,127,충주,180,2.1,23.6,73,998.3,,,10,0.0
2026-07-02 23:00,127,충주,90,0.7,22.0,88,998.1,,,6,0.4
2026-07-03 00:00,127,충주,0,0.3,21.7,89,998.3,,,7,
2026-07-03 01:00,127,충주,50,0.7,21.6,90,998.4,,,7,
2026-07-03 02:00,127,충주,50,0.5,21.6,91,998.5,,,6,
2026-07-03 03:00,127,충주,0,0.3,21.3,92,998.4,,,7,
2026-07-03 04:00,127,충주,0,0.0,21.6,91,998.5,,,7,
2026-07-03 05:00,127,충주,90,0.6,21.6,90,998.5,,,7,
2026-07-03 06:00,127,충주,90,0.6,21.7,89,998.6,0.05,0.0,9,
2026-07-03 07:00,127,충주,0,0.4,22.6,86,998.4,0.2,0.0,8,
2026-07-03 08:00,127,충주,0,0.1,23.1,80,998.5,0.32,0.0,7,
2026-07-03 09:00,127,충주,160,0.7,24.2,75,998.4,0.78,0.0,9,
2026-07-03 10:00,127,충주,160,1.5,25.5,69,998.0,2.29,0.7,4,
2026-07-03 11:00,127,충주,110,1.3,26.1,64,997.6,2.49,0.6,6,
2026-07-03 12:00,127,충주,250,1.7,27.5,60,997.4,2.29,0.3,9,
2026-07-03 13:00,127,충주,270,1.8,27.2,62,997.2,1.04,0.0,10,
2026-07-03 14:00,127,충주,250,1.9,28.0,60,996.9,1.6,0.0,9,
2026-07-03 15:00,127,충주,270,1.6,28.6,58,996.3,1.97,0.4,9,
2026-07-03 16:00,127,충주,230,1.6,29.8,53,995.9,2.22,0.8,8,
2026-07-03 17:00,127,충주,250,1.9,29.6,54,995.3,2.04,1.0,7,
2026-07-03 18:00,127,충주,320,1.3,29.9,52,995.3,1.22,0.7,3,
2026-07-03 19:00,127,충주,230,2.0,28.5,57,995.2,0.53,0.5,7,
2026-07-03 20:00,127,충주,180,1.5,27.5,62,995.0,0.06,0.0,9,
2026-07-03 21:00,127,충주,200,2.4,26.9,63,995.6,,,9,
2026-07-03 22:00,127,충주,200,1.4,26.1,66,995.9,,,8,
2026-07-03 23:00,127,충주,230,2.2,25.5,72,995.9,,,9,
2026-07-04 00:00,127,충주,0,0.3,24.5,76,995.9,,,9,
2026-07-04 01:00,127,충주,340,0.6,23.8,78,995.8,,,9,
2026-07-04 02:00,127,충주,340,2.0,23.3,80,995.3,,,10,
2026-07-04 03:00,127,충주,340,1.0,23.2,81,995.3,,,10,
2026-07-04 04:00,127,충주,360,0.9,22.7,82,994.6,,,7,
2026-07-04 05:00,127,충주,0,0.4,22.6,84,994.3,,,7,
2026-07-04 06:00,127,충주,70,0.5,22.4,84,994.4,0.03,0.0,4,
2026-07-04 07:00,127,충주,0,0.4,23.3,81,994.7,0.28,0.0,8,
2026-07-04 08:00,127,충주,0,0.1,24.1,79,994.7,0.42,0.0,8,
2026-07-04 09:00,127,충주,50,0.7,25.6,72,994.7,1.16,0.2,6,
2026-07-04 10:00,127,충주,50,0.9,27.4,63,993.7,2.14,0.7,1,
2026-07-04 11:00,127,충주,360,0.9,28.2,58,993.1,2.77,0.8,5,
2026-07-04 12:00,127,충주,230,2.1,29.3,52,993.1,2.37,0.3,6,
2026-07-04 13:00,127,충주,270,1.6,30.5,51,992.3,3.76,0.9,6,
2026-07-04 14:00,127,충주,200,2.1,30.4,51,991.9,2.63,0.8,8,
2026-07-04 15:00,127,충주,250,3.0,30.3,51,992.2,1.66,0.1,8,
2026-07-04 16:00,127,충주,270,1.6,30.3,52,991.8,1.34,0.2,8,
2026-07-04 17:00,127,충주,270,1.9,29.5,55,991.6,0.66,0.0,7,
2026-07-04 18:00,127,충주,320,1.3,29.6,56,991.3,0.84,0.2,8,
2026-07-04 19:00,127,충주,290,0.8,28.6,61,991.4,0.33,0.0,8,
2026-07-04 20:00,127,충주,90,0.5,26.3,70,991.4,0.07,0.0,9,
2026-07-04 21:00,127,충주,0,0.3,25.5,74,991.8,,,9,
2026-07-04 22:00,127,충주,70,1.0,25.2,78,992.0,,,9,
2026-07-04 23:00,127,충주,110,0.5,25.1,80,992.4,,,7,
2026-07-05 00:00,127,충주,230,1.6,25.8,76,992.5,,,7,
2026-07-05 01:00,127,충주,0,0.1,25.0,80,992.6,,,8,
2026-07-05 02:00,127,충주,0,0.0,24.2,82,992.2,,,10,
2026-07-05 03:00,127,충주,0,0.1,23.7,84,991.8,,,10,
2026-07-05 04:00,127,충주,0,0.4,23.7,85,991.2,,,10,
2026-07-05 05:00,127,충주,0,0.0,23.3,88,991.6,,,10,0.0
2026-07-05 06:00,127,충주,160,0.6,23.7,87,991.6,0.0,0.0,10,0.0
2026-07-05 07:00,127,충주,0,0.2,23.0,93,991.6,0.05,0.0,10,2.0
2026-07-05 08:00,127,충주,0,0.2,23.2,94,991.8,0.13,0.0,10,1.1
2026-07-05 09:00,127,충주,0,0.0,23.8,93,991.9,0.29,0.0,8,0.0
2026-07-05 10:00,127,충주,180,0.9,26.3,82,991.5,1.27,0.0,8,
2026-07-05 11:00,127,충주,200,2.1,26.0,79,991.2,0.75,0.0,9,
2026-07-05 12:00,127,충주,200,2.0,25.7,79,991.4,0.95,0.0,10,0.0
2026-07-05 13:00,127,충주,360,0.6,24.2,89,991.1,0.53,0.0,10,2.1
2026-07-05 14:00,127,충주,0,0.3,25.5,90,990.7,0.7,0.0,9,1.2
2026-07-05 15:00,127,충주,200,1.4,27.1,79,990.0,1.63,0.1,9,0.0
2026-07-05 16:00,127,충주,0,0.3,26.6,82,990.0,0.93,0.0,8,0.3
2026-07-05 17:00,127,충주,360,1.3,25.6,89,989.7,0.63,0.0,8,4.3
2026-07-05 18:00,127,충주,0,0.1,26.2,86,989.6,0.69,0.1,7,0.0
2026-07-05 19:00,127,충주,90,0.5,25.5,89,990.1,0.3,0.0,8,
2026-07-05 20:00,127,충주,20,0.7,24.3,93,990.5,0.05,0.0,10,5.7
2026-07-05 21:00,127,충주,70,0.5,24.0,94,991.1,,,10,11.1
2026-07-05 22:00,127,충주,90,1.0,23.7,95,991.2,,,9,2.8
2026-07-05 23:00,127,충주,90,0.9,23.7,95,991.2,,,9,0.0
2026-07-06 00:00,127,충주,70,0.6,23.6,95,991.5,,,6,
2026-07-06 01:00,127,충주,200,0.7,23.6,94,991.5,,,10,4.3
2026-07-06 02:00,127,충주,70,0.7,23.5,95,991.7,,,7,0.0
2026-07-06 03:00,127,충주,0,0.3,23.2,94,991.7,,,10,0.0
2026-07-06 04:00,127,충주,0,0.3,23.0,95,991.8,,,8,
2026-07-06 05:00,127,충주,50,1.6,23.2,95,991.3,,,5,
2026-07-06 06:00,127,충주,180,1.1,23.0,95,991.1,0.03,0.0,5,
2026-07-06 07:00,127,충주,180,0.8,24.3,93,991.6,0.38,0.0,8,
2026-07-06 08:00,127,충주,70,1.5,25.6,84,991.5,0.93,0.3,8,
2026-07-06 09:00,127,충주,70,1.3,26.2,83,992.2,1.02,0.2,10,
2026-07-06 10:00,127,충주,50,1.7,26.2,82,992.2,0.84,0.0,8,
2026-07-06 11:00,127,충주,50,1.8,28.7,74,991.6,1.74,0.2,8,
2026-07-06 12:00,127,충주,110,0.9,27.7,77,991.3,1.09,0.1,8,0.0
2026-07-06 13:00,127,충주,70,0.8,29.1,71,990.9,2.04,0.1,8,
2026-07-06 14:00,127,충주,110,1.9,27.3,80,991.3,0.86,0.0,9,0.1
2026-07-06 15:00,127,충주,110,2.2,30.5,67,990.7,2.71,0.8,7,
2026-07-06 16:00,127,충주,200,1.8,27.1,81,990.8,1.01,0.1,10,2.0
2026-07-06 17:00,127,충주,360,0.8,27.6,84,990.8,1.08,0.2,9,0.5
2026-07-06 18:00,127,충주,0,0.2,27.3,87,991.1,0.24,0.0,9,
2026-07-06 19:00,127,충주,0,0.3,26.8,88,991.7,0.22,0.0,7,
2026-07-06 20:00,127,충주,0,0.4,26.0,89,991.9,0.08,0.0,4,
2026-07-06 21:00,127,충주,0,0.4,25.7,88,992.4,,,2,
2026-07-06 22:00,127,충주,70,0.7,25.3,90,992.9,,,2,
2026-07-06 23:00,127,충주,70,0.5,24.6,93,993.0,,,0,
2026-07-07 00:00,127,충주,0,0.0,24.3,94,992.9,,,0,
2026-07-07 01:00,127,충주,0,0.4,24.3,94,992.4,,,6,
2026-07-07 02:00,127,충주,0,0.1,24.6,94,992.8,,,8,
2026-07-07 03:00,127,충주,50,0.6,24.7,94,992.6,,,10,
2026-07-07 04:00,127,충주,180,0.6,24.9,93,992.8,,,7,
2026-07-07 05:00,127,충주,0,0.0,24.7,93,993.1,,,10,
2026-07-07 06:00,127,충주,0,0.0,24.5,94,993.9,0.0,0.0,10,0.4
2026-07-07 07:00,127,충주,70,0.9,24.2,94,993.6,0.0,0.0,10,4.9
2026-07-07 08:00,127,충주,70,0.9,24.2,94,993.8,0.07,0.0,10,4.4
2026-07-07 09:00,127,충주,0,0.2,24.7,92,994.4,0.4,0.0,9,0.2
2026-07-07 10:00,127,충주,360,1.0,25.2,90,994.4,0.58,0.0,10,
2026-07-07 11:00,127,충주,70,1.8,26.0,86,993.6,0.95,0.0,7,0.0
2026-07-07 12:00,127,충주,50,1.9,29.7,75,993.4,3.23,0.8,8,
2026-07-07 13:00,127,충주,140,1.1,30.8,67,993.0,2.67,0.5,7,
2026-07-07 14:00,127,충주,140,1.4,30.8,67,992.7,2.19,0.3,9,
2026-07-07 15:00,127,충주,250,1.0,32.1,62,992.4,2.26,0.4,8,
2026-07-07 16:00,127,충주,110,1.5,31.3,64,992.0,2.12,0.9,8,
2026-07-07 17:00,127,충주,70,2.4,31.0,65,991.7,1.56,0.7,7,
2026-07-07 18:00,127,충주,90,1.5,29.9,73,991.5,0.6,0.0,8,
2026-07-07 19:00,127,충주,90,2.1,29.3,72,991.4,0.3,0.0,9,
2026-07-07 20:00,127,충주,90,2.7,28.3,76,991.6,0.04,0.0,8,
2026-07-07 21:00,127,충주,90,2.7,27.9,77,991.8,,,8,
2026-07-07 22:00,127,충주,90,2.9,27.8,76,992.1,,,8,
2026-07-07 23:00,127,충주,110,2.5,27.7,77,992.1,,,10,
2026-07-08 00:00,127,충주,90,1.0,27.2,78,992.2,,,10,
2026-07-08 01:00,127,충주,90,2.0,26.7,80,991.6,,,8,
2026-07-08 02:00,127,충주,110,2.1,26.5,78,991.1,,,7,
2026-07-08 03:00,127,충주,110,2.1,26.2,75,990.7,,,9,
2026-07-08 04:00,127,충주,110,2.0,25.6,74,990.9,,,0,
2026-07-08 05:00,127,충주,90,1.9,26.0,68,990.9,,,8,
2026-07-08 06:00,127,충주,50,2.3,26.7,64,990.9,0.02,0.0,7,
2026-07-08 07:00,127,충주,90,1.2,26.3,67,992.0,0.08,0.0,10,
2026-07-08 08:00,127,충주,140,1.7,26.7,67,992.3,0.21,0.0,10,
2026-07-08 09:00,127,충주,90,1.2,26.1,71,992.1,0.33,0.0,10,0.8
2026-07-08 10:00,127,충주,110,1.9,25.4,79,991.8,0.48,0.0,10,3.1
2026-07-08 11:00,127,충주,180,2.0,25.9,75,991.9,0.84,0.0,9,0.0
2026-07-08 12:00,127,충주,340,0.9,23.7,92,992.1,0.22,0.0,10,5.6
2026-07-08 13:00,127,충주,360,1.5,22.7,93,992.2,0.12,0.0,10,13.9
2026-07-08 14:00,127,충주,0,0.4,22.8,94,993.0,0.09,0.0,10,10.4
2026-07-08 15:00,127,충주,140,0.5,23.5,94,992.6,0.09,0.0,10,7.5
2026-07-08 16:00,127,충주,70,1.0,23.7,95,992.8,0.09,0.0,10,6.3
2026-07-08 17:00,127,충주,70,1.0,24.3,94,992.5,0.36,0.0,10,2.3
2026-07-08 18:00,127,충주,0,0.2,24.7,90,992.6,0.42,0.0,9,0.0
2026-07-08 19:00,127,충주,0,0.4,24.2,92,992.8,0.11,0.0,10,0.5
2026-07-08 20:00,127,충주,0,0.1,24.0,93,993.0,0.02,0.0,10,0.3
2026-07-08 21:00,127,충주,0,0.3,23.6,94,993.1,,,10,10.3
2026-07-08 22:00,127,충주,0,0.4,23.7,95,993.1,,,9,7.7
2026-07-08 23:00,127,충주,200,0.9,23.8,95,993.1,,,10,0.5
2026-07-09 00:00,127,충주,0,0.4,23.7,96,993.4,,,6,0.4
2026-07-09 01:00,127,충주,0,0.0,23.8,96,993.8,,,8,0.0
2026-07-09 02:00,127,충주,140,0.5,23.8,96,994.0,,,10,0.0
2026-07-09 03:00,127,충주,0,0.0,23.8,96,993.9,,,7,
2026-07-09 04:00,127,충주,0,0.1,24.0,96,993.3,,,10,0.0
2026-07-09 05:00,127,충주,270,0.7,24.0,96,993.2,,,10,0.1
2026-07-09 06:00,127,충주,270,0.8,24.2,96,994.3,0.0,0.0,10,1.1
2026-07-09 07:00,127,충주,180,1.7,24.5,95,994.6,0.0,0.0,10,1.5
2026-07-09 08:00,127,충주,110,2.2,23.0,88,995.9,0.0,0.0,10,1.7
2026-07-09 09:00,127,충주,20,1.2,21.7,93,997.1,0.0,0.0,10,14.7
2026-07-09 10:00,127,충주,70,1.2,21.5,95,996.8,0.07,0.0,10,30.8
2026-07-09 11:00,127,충주,70,1.8,21.3,94,996.6,0.13,0.0,10,13.9
2026-07-09 12:00,127,충주,70,1.7,21.8,92,997.0,0.2,0.0,10,2.8
2026-07-09 13:00,127,충주,20,2.0,21.2,93,996.6,0.24,0.0,10,5.0
2026-07-09 14:00,127,충주,50,0.7,21.9,94,996.9,0.31,0.0,10,2.1
2026-07-09 15:00,127,충주,230,1.9,23.5,89,996.4,1.22,0.0,9,0.1
2026-07-09 16:00,127,충주,70,1.0,24.7,86,995.8,1.28,0.2,9,
2026-07-09 17:00,127,충주,50,1.8,25.0,82,995.7,1.28,0.2,9,
2026-07-09 18:00,127,충주,70,1.2,24.4,83,995.9,0.55,0.0,10,
2026-07-09 19:00,127,충주,90,0.7,24.2,85,995.6,0.18,0.0,7,
2026-07-09 20:00,127,충주,90,0.7,23.3,91,995.9,0.04,0.0,10,
2026-07-09 21:00,127,충주,70,0.5,23.4,90,996.1,,,10,0.0
2026-07-09 22:00,127,충주,0,0.3,23.1,93,996.6,,,9,0.2
2026-07-09 23:00,127,충주,250,0.9,23.1,94,997.1,,,7,
2026-07-10 00:00,127,충주,0,0.2,22.7,95,997.0,,,7,
2026-07-10 01:00,127,충주,0,0.3,22.5,95,996.9,,,3,
2026-07-10 02:00,127,충주,0,0.3,22.2,96,996.4,,,5,
2026-07-10 03:00,127,충주,270,0.7,22.1,96,996.2,,,5,
2026-07-10 04:00,127,충주,0,0.3,22.4,96,996.5,,,9,
2026-07-10 05:00,127,충주,0,0.4,21.9,96,996.6,,,7,
2026-07-10 06:00,127,충주,0,0.4,22.1,96,996.7,0.02,0.0,7,
2026-07-10 07:00,127,충주,0,0.2,22.9,96,996.8,0.29,0.0,7,
2026-07-10 08:00,127,충주,0,0.2,24.7,90,997.3,1.01,0.9,6,
2026-07-10 09:00,127,충주,0,0.4,26.1,83,997.9,1.23,0.4,8,
2026-07-10 10:00,127,충주,0,0.4,27.8,76,997.9,1.31,0.1,8,
2026-07-10 11:00,127,충주,180,2.2,29.6,68,997.8,2.37,0.4,7,
2026-07-10 12:00,127,충주,160,1.6,27.0,80,998.4,1.07,0.1,10,0.3
2026-07-10 13:00,127,충주,140,0.6,27.2,79,998.2,0.56,0.0,10,0.0
2026-07-10 14:00,127,충주,140,0.8,27.8,79,997.5,0.92,0.0,9,0.0
2026-07-10 15:00,127,충주,340,1.2,28.8,77,997.3,1.52,0.0,9,
2026-07-10 16:00,127,충주,0,0.1,28.8,75,997.0,1.17,0.0,10,
2026-07-10 17:00,127,충주,90,0.5,29.1,75,996.8,0.92,0.0,9,
2026-07-10 18:00,127,충주,20,1.5,28.7,78,996.5,0.79,0.0,8,
2026-07-10 19:00,127,충주,90,0.8,28.6,78,996.9,0.51,0.1,8,
2026-07-10 20:00,127,충주,70,0.5,26.7,88,996.9,0.07,0.0,7,
2026-07-10 21:00,127,충주,0,0.3,26.0,90,998.3,,,9,
2026-07-10 22:00,127,충주,200,0.9,24.1,93,998.7,,,8,17.4
2026-07-10 23:00,127,충주,90,0.9,23.6,94,998.8,,,9,0.0
2026-07-11 00:00,127,충주,0,0.0,23.6,95,999.0,,,8,
2026-07-11 01:00,127,충주,0,0.4,23.2,95,998.7,,,7,
2026-07-11 02:00,127,충주,0,0.3,23.1,96,998.3,,,4,
2026-07-11 03:00,127,충주,0,0.1,23.3,96,998.1,,,7,
2026-07-11 04:00,127,충주,0,0.2,23.2,96,998.1,,,7,
2026-07-11 05:00,127,충주,0,0.0,23.2,96,998.1,,,0,
2026-07-11 06:00,127,충주,0,0.1,23.2,97,998.5,0.0,0.0,0,
2026-07-11 07:00,127,충주,0,0.0,23.2,96,998.4,0.2,0.0,0,
2026-07-11 08:00,127,충주,250,0.5,24.1,97,998.8,0.56,0.1,6,
2026-07-11 09:00,127,충주,0,0.4,26.2,95,998.6,1.34,0.4,6,
2026-07-11 10:00,127,충주,340,0.9,28.8,80,998.6,2.51,1.0,8,
2026-07-11 11:00,127,충주,20,1.1,30.2,67,998.5,3.12,1.0,6,
2026-07-11 12:00,127,충주,20,0.7,30.8,67,998.4,2.67,0.7,7,
2026-07-11 13:00,127,충주,360,1.7,31.1,69,998.3,2.41,0.5,7,
2026-07-11 14:00,127,충주,230,1.1,32.2,59,997.6,3.17,0.9,8,
2026-07-11 15:00,127,충주,230,1.1,33.2,59,997.2,2.63,0.9,8,
2026-07-11 16:00,127,충주,200,1.4,33.2,57,997.0,2.48,1.0,7,
2026-07-11 17:00,127,충주,160,1.0,33.0,57,996.7,1.96,1.0,7,
2026-07-11 18:00,127,충주,110,1.1,32.5,62,996.6,1.3,1.0,7,
2026-07-11 19:00,127,충주,50,1.1,30.8,71,996.6,0.45,0.7,6,
2026-07-11 20:00,127,충주,70,0.7,28.5,78,996.6,0.08,0.0,0,
2026-07-11 21:00,127,충주,70,0.8,27.2,82,997.0,,,0,
2026-07-11 22:00,127,충주,50,0.7,26.5,86,997.5,,,6,
2026-07-11 23:00,127,충주,0,0.4,26.2,88,997.9,,,0,
2026-07-12 00:00,127,충주,70,0.6,25.7,90,997.9,,,0,
2026-07-12 01:00,127,충주,0,0.4,25.5,91,997.8,,,0,
2026-07-12 02:00,127,충주,0,0.0,25.4,92,997.5,,,0,
2026-07-12 03:00,127,충주,0,0.4,24.8,93,997.0,,,0,
2026-07-12 04:00,127,충주,200,0.5,25.0,92,996.7,,,0,
2026-07-12 05:00,127,충주,0,0.2,24.6,94,997.3,,,0,
2026-07-12 06:00,127,충주,0,0.1,24.5,95,997.5,0.03,0.0,0,
2026-07-12 07:00,127,충주,0,0.0,25.7,94,998.0,0.4,0.4,0,
2026-07-12 08:00,127,충주,0,0.1,27.4,85,998.2,1.15,0.9,0,
2026-07-12 09:00,127,충주,290,0.5,29.2,77,998.0,1.92,1.0,0,
2026-07-12 10:00,127,충주,20,1.4,31.6,65,997.3,2.53,1.0,2,
2026-07-12 11:00,127,충주,340,1.3,33.0,59,997.3,2.94,1.0,5,
2026-07-12 12:00,127,충주,200,1.9,33.0,59,997.1,2.92,0.7,6,
2026-07-12 13:00,127,충주,200,1.6,34.5,56,996.6,3.39,0.8,5,
2026-07-12 14:00,127,충주,180,2.2,35.0,52,996.0,3.57,0.9,6,
2026-07-12 15:00,127,충주,250,1.9,35.3,53,995.7,3.3,0.9,6,
2026-07-12 16:00,127,충주,160,1.8,34.9,58,995.5,1.53,0.4,6,
2026-07-12 17:00,127,충주,110,2.7,34.0,59,995.5,2.05,0.8,6,
2026-07-12 18:00,127,충주,140,2.3,33.2,62,995.5,1.24,0.8,7,
2026-07-12 19:00,127,충주,110,2.0,31.4,70,995.8,0.39,0.1,6,
2026-07-12 20:00,127,충주,50,1.1,30.3,72,996.2,0.07,0.0,7,
2026-07-12 21:00,127,충주,90,0.7,30.0,76,996.8,,,7,
2026-07-12 22:00,127,충주,70,0.9,28.5,80,997.2,,,0,
2026-07-12 23:00,127,충주,70,1.2,27.7,80,997.0,,,0,
2026-07-13 00:00,127,충주,20,1.4,26.8,86,996.9,,,0,
2026-07-13 01:00,127,충주,0,0.3,26.3,88,996.8,,,0,
2026-07-13 02:00,127,충주,50,0.5,26.1,89,996.8,,,0,
2026-07-13 03:00,127,충주,0,0.0,25.5,90,996.7,,,0,
2026-07-13 04:00,127,충주,0,0.0,24.8,92,996.8,,,0,
2026-07-13 05:00,127,충주,0,0.0,24.5,92,996.5,,,0,
2026-07-13 06:00,127,충주,90,0.5,24.6,92,996.7,0.02,0.0,0,
2026-07-13 07:00,127,충주,0,0.0,26.6,84,996.6,0.41,0.5,0,
2026-07-13 08:00,127,충주,340,0.8,28.6,81,996.8,1.19,1.0,0,
2026-07-13 09:00,127,충주,230,0.8,29.7,70,996.6,1.89,1.0,0,
2026-07-13 10:00,127,충주,200,3.0,31.6,61,996.7,2.54,1.0,4,
2026-07-13 11:00,127,충주,250,1.9,31.6,63,996.4,2.72,0.7,7,
2026-07-13 12:00,127,충주,230,2.3,31.7,61,996.2,1.44,0.0,8,
2026-07-13 13:00,127,충주,250,1.8,32.0,62,995.8,1.92,0.0,9,
2026-07-13 14:00,127,충주,230,1.4,33.0,57,995.3,2.26,0.4,8,
2026-07-13 15:00,127,충주,200,1.6,33.5,58,994.6,2.53,0.7,7,
2026-07-13 16:00,127,충주,20,0.5,33.5,57,993.9,2.45,0.9,0,
2026-07-13 17:00,127,충주,110,2.2,33.9,57,993.2,1.95,0.8,5,
2026-07-13 18:00,127,충주,110,1.5,31.6,68,993.2,0.47,0.1,7,
2026-07-13 19:00,127,충주,110,1.2,31.2,68,993.3,0.35,0.4,0,0.0
2026-07-13 20:00,127,충주,50,1.1,29.2,77,993.5,0.07,0.0,0,
2026-07-13 21:00,127,충주,70,0.6,28.2,80,994.3,,,0,
2026-07-13 22:00,127,충주,70,1.1,27.4,84,994.3,,,0,
2026-07-13 23:00,127,충주,0,0.4,27.0,82,994.5,,,0,
2026-07-14 00:00,127,충주,50,0.6,26.0,86,994.6,,,0,
2026-07-14 01:00,127,충주,0,0.3,25.6,86,994.7,,,0,
2026-07-14 02:00,127,충주,90,0.7,25.7,85,994.7,,,4,
2026-07-14 03:00,127,충주,0,0.0,26.2,83,994.5,,,3,
2026-07-14 04:00,127,충주,70,0.9,26.3,81,994.1,,,0,
2026-07-14 05:00,127,충주,0,0.2,25.7,85,994.0,,,9,
2026-07-14 06:00,127,충주,0,0.4,25.8,87,994.1,0.0,0.0,9,
2026-07-14 07:00,127,충주,90,0.6,26.7,84,993.8,0.18,0.0,8,
2026-07-14 08:00,127,충주,20,0.7,28.8,77,993.7,0.76,0.4,6,
2026-07-14 09:00,127,충주,110,1.0,30.7,66,993.4,1.92,1.0,5,
2026-07-14 10:00,127,충주,180,1.8,31.6,61,993.0,2.54,1.0,6,
2026-07-14 11:00,127,충주,180,1.9,32.0,61,992.4,2.27,0.5,8,
2026-07-14 12:00,127,충주,140,2.5,32.2,61,991.9,2.34,0.3,8,
2026-07-14 13:00,127,충주,90,1.2,32.7,60,990.9,1.92,0.1,8,
2026-07-14 14:00,127,충주,160,2.0,32.6,60,989.9,1.88,0.2,8,
2026-07-14 15:00,127,충주,200,3.1,33.5,57,989.2,1.9,0.3,8,
2026-07-14 16:00,127,충주,200,2.8,33.2,58,988.5,1.9,0.4,8,
2026-07-14 17:00,127,충주,180,2.8,32.3,57,987.9,0.84,0.1,8,
2026-07-14 18:00,127,충주,180,2.0,31.7,57,987.1,0.25,0.0,10,
2026-07-14 19:00,127,충주,180,3.1,31.7,58,986.8,0.26,0.0,9,
2026-07-14 20:00,127,충주,160,3.2,31.1,59,986.4,0.08,0.0,9,
2026-07-14 21:00,127,충주,160,4.6,31.1,59,986.4,,,10,
2026-07-14 22:00,127,충주,180,2.3,29.5,67,986.1,,,10,0.0
2026-07-14 23:00,127,충주,160,2.6,27.6,76,985.6,,,10,0.1
2026-07-15 00:00,127,충주,160,5.4,27.0,81,984.6,,,10,2.6
2026-07-15 01:00,127,충주,200,2.9,25.7,88,984.6,,,10,4.8
2026-07-15 02:00,127,충주,250,0.8,25.3,93,984.7,,,10,9.4
2026-07-15 03:00,127,충주,230,1.9,25.7,92,984.9,,,10,2.2
2026-07-15 04:00,127,충주,230,2.7,26.2,91,985.0,,,9,0.7
2026-07-15 05:00,127,충주,200,1.7,26.4,89,985.2,,,9,
2026-07-15 06:00,127,충주,230,3.1,26.3,88,985.6,0.0,0.0,9,0.0
2026-07-15 07:00,127,충주,230,3.0,26.4,87,985.9,0.0,0.0,10,0.0
2026-07-15 08:00,127,충주,250,2.0,26.7,86,986.1,0.11,0.0,10,
2026-07-15 09:00,127,충주,250,2.5,26.8,85,986.2,0.2,0.0,9,
2026-07-15 10:00,127,충주,250,3.1,28.8,78,986.1,0.91,0.1,8,
2026-07-15 11:00,127,충주,230,4.1,29.5,70,986.2,1.62,0.2,9,
2026-07-15 12:00,127,충주,230,5.4,30.1,59,986.4,2.17,0.4,6,
2026-07-15 13:00,127,충주,250,5.2,29.6,63,986.8,2.79,0.5,7,
2026-07-15 14:00,127,충주,230,4.5,29.0,62,987.1,2.04,0.3,6,
2026-07-15 15:00,127,충주,230,4.6,30.4,61,987.0,2.91,0.8,6,
2026-07-15 16:00,127,충주,250,4.0,29.9,63,987.3,2.32,0.8,7,
2026-07-15 17:00,127,충주,250,3.4,29.2,61,987.5,1.86,0.7,7,
2026-07-15 18:00,127,충주,250,3.6,28.1,64,988.0,1.1,0.5,7,
2026-07-15 19:00,127,충주,230,2.9,27.5,65,988.4,0.52,0.3,8,
2026-07-15 20:00,127,충주,250,1.8,27.0,66,988.8,0.06,0.0,10,
2026-07-15 21:00,127,충주,250,1.5,26.5,68,989.4,,,9,
2026-07-15 22:00,127,충주,250,1.2,25.6,72,989.8,,,10,
2026-07-15 23:00,127,충주,250,1.0,24.8,75,990.0,,,9,
2026-07-16 00:00,127,충주,0,0.2,23.2,85,990.0,,,8,
2026-07-16 01:00,127,충주,0,0.0,22.3,89,990.3,,,4,
2026-07-16 02:00,127,충주,70,0.6,22.7,90,989.9,,,6,
2026-07-16 03:00,127,충주,0,0.0,22.2,91,990.1,,,7,
2026-07-16 04:00,127,충주,0,0.0,22.7,91,990.5,,,9,
2026-07-16 05:00,127,충주,0,0.4,22.0,92,990.3,,,4,
2026-07-16 06:00,127,충주,0,0.4,22.6,92,990.8,0.0,0.0,6,
2026-07-16 07:00,127,충주,0,0.1,23.5,90,990.9,0.37,0.2,6,
2026-07-16 08:00,127,충주,50,0.6,25.7,78,990.8,1.1,0.9,5,
2026-07-16 09:00,127,충주,340,1.2,26.3,76,991.0,1.34,0.4,7,
2026-07-16 10:00,127,충주,90,1.0,27.9,71,990.2,2.09,0.8,5,
2026-07-16 11:00,127,충주,270,1.4,28.0,67,990.5,2.46,0.5,8,
2026-07-16 12:00,127,충주,320,1.4,28.8,68,990.0,1.99,0.0,8,
2026-07-16 13:00,127,충주,250,1.8,29.2,67,989.8,1.99,0.0,9,
2026-07-16 14:00,127,충주,320,1.6,29.5,68,989.5,1.39,0.0,10,
2026-07-16 15:00,127,충주,340,2.5,30.0,66,988.9,1.73,0.0,9,
2026-07-16 16:00,127,충주,290,1.3,30.0,66,988.7,1.57,0.3,10,
2026-07-16 17:00,127,충주,340,0.9,29.5,68,988.5,1.04,0.2,8,
2026-07-16 18:00,127,충주,340,1.4,28.7,74,987.8,0.49,0.0,10,
2026-07-16 19:00,127,충주,90,0.8,28.1,77,988.1,0.23,0.0,8,
2026-07-16 20:00,127,충주,230,1.4,27.8,80,988.6,0.06,0.0,8,
2026-07-16 21:00,127,충주,0,0.3,26.7,82,988.6,,,8,
2026-07-16 22:00,127,충주,180,1.3,26.5,84,989.5,,,8,
2026-07-16 23:00,127,충주,230,1.7,26.6,82,990.2,,,9,
2026-06-16 00:00,221,제천,50,0.8,19.2,82,984.9,,,8,
2026-06-16 01:00,221,제천,0,0.4,18.1,87,984.9,,,6,
2026-06-16 02:00,221,제천,0,0.3,17.3,90,984.7,,,7,
2026-06-16 03:00,221,제천,0,0.1,16.9,93,984.5,,,6,
2026-06-16 04:00,221,제천,250,0.6,16.3,92,984.4,,,7,
2026-06-16 05:00,221,제천,0,0.2,16.0,94,984.7,,,7,
2026-06-16 06:00,221,제천,0,0.2,16.4,93,985.1,,0.0,6,
2026-06-16 07:00,221,제천,20,1.3,19.3,79,985.3,,0.9,5,
2026-06-16 08:00,221,제천,70,1.9,21.5,68,985.6,,1.0,0,
2026-06-16 09:00,221,제천,70,1.9,23.5,54,985.6,,1.0,3,
2026-06-16 10:00,221,제천,70,1.3,25.3,55,985.5,,1.0,3,
2026-06-16 11:00,221,제천,180,1.2,26.0,47,985.0,,1.0,4,
2026-06-16 12:00,221,제천,70,1.2,27.3,45,984.2,,1.0,5,
2026-06-16 13:00,221,제천,180,1.2,28.6,38,983.2,,0.9,8,
2026-06-16 14:00,221,제천,110,2.1,29.2,36,982.5,,1.0,7,
2026-06-16 15:00,221,제천,160,2.2,29.4,34,982.2,,1.0,3,
2026-06-16 16:00,221,제천,180,3.3,30.0,30,981.8,,1.0,0,
2026-06-16 17:00,221,제천,180,2.8,29.8,30,981.7,,1.0,0,
2026-06-16 18:00,221,제천,200,2.0,29.4,32,981.7,,1.0,0,
2026-06-16 19:00,221,제천,200,1.4,28.2,39,982.0,,1.0,0,
2026-06-16 20:00,221,제천,20,0.7,24.9,50,982.3,,0.1,0,
2026-06-16 21:00,221,제천,20,1.0,22.8,62,982.4,,,0,
2026-06-16 22:00,221,제천,20,1.1,21.9,67,982.8,,,0,
2026-06-16 23:00,221,제천,20,0.8,21.2,67,983.2,,,0,
2026-06-17 00:00,221,제천,20,1.3,20.2,70,983.1,,,0,
2026-06-17 01:00,221,제천,90,0.5,18.8,84,983.1,,,0,
2026-06-17 02:00,221,제천,0,0.0,17.6,86,982.9,,,0,
2026-06-17 03:00,221,제천,0,0.1,16.6,89,982.6,,,0,
2026-06-17 04:00,221,제천,0,0.4,16.1,93,982.9,,,0,
2026-06-17 05:00,221,제천,20,0.6,15.6,94,983.3,,,0,
2026-06-17 06:00,221,제천,0,0.0,16.6,92,983.3,,0.3,0,
2026-06-17 07:00,221,제천,0,0.4,20.2,74,983.0,,1.0,0,
2026-06-17 08:00,221,제천,70,1.4,22.1,64,982.6,,1.0,0,
2026-06-17 09:00,221,제천,50,1.7,24.1,58,982.4,,1.0,0,
2026-06-17 10:00,221,제천,20,1.2,25.4,57,982.0,,0.6,9,
2026-06-17 11:00,221,제천,90,0.9,27.5,51,981.5,,0.6,1,
2026-06-17 12:00,221,제천,20,1.0,29.1,43,980.9,,1.0,1,
2026-06-17 13:00,221,제천,90,1.2,30.0,39,980.2,,1.0,1,
2026-06-17 14:00,221,제천,110,1.5,30.3,38,979.1,,1.0,0,
2026-06-17 15:00,221,제천,200,2.3,31.2,37,978.7,,0.9,6,
2026-06-17 16:00,221,제천,270,2.8,30.5,42,978.6,,0.1,10,
2026-06-17 17:00,221,제천,230,2.1,29.6,44,978.0,,0.2,9,
2026-06-17 18:00,221,제천,200,2.2,28.9,49,977.9,,0.0,9,
2026-06-17 19:00,221,제천,230,1.7,28.1,49,978.3,,0.0,10,
2026-06-17 20:00,221,제천,230,2.5,27.2,52,978.8,,0.0,10,
2026-06-17 21:00,221,제천,200,1.2,22.2,92,979.8,,,10,1.3
2026-06-17 22:00,221,제천,250,1.3,21.9,94,980.2,,,10,0.0
2026-06-17 23:00,221,제천,230,1.1,21.4,97,979.9,,,6,0.0
2026-06-18 00:00,221,제천,0,0.4,21.0,98,979.7,,,6,
2026-06-18 01:00,221,제천,0,0.0,20.5,98,979.5,,,5,
2026-06-18 02:00,221,제천,0,0.2,20.3,99,979.5,,,7,
2026-06-18 03:00,221,제천,0,0.2,20.4,99,979.4,,,4,
2026-06-18 04:00,221,제천,0,0.1,20.4,99,979.4,,,9,
2026-06-18 05:00,221,제천,0,0.2,20.5,98,979.4,,,9,
2026-06-18 06:00,221,제천,0,0.4,20.6,98,979.2,,0.0,0,
2026-06-18 07:00,221,제천,250,0.8,20.8,96,979.1,,0.0,6,
2026-06-18 08:00,221,제천,230,1.3,21.5,91,979.4,,0.3,4,
2026-06-18 09:00,221,제천,140,0.6,23.5,79,979.5,,0.4,3,
2026-06-18 10:00,221,제천,160,1.0,25.0,70,978.8,,1.0,1,
2026-06-18 11:00,221,제천,70,1.3,26.1,67,978.8,,0.6,7,
2026-06-18 12:00,221,제천,50,0.9,29.0,60,978.4,,0.5,5,
2026-06-18 13:00,221,제천,230,2.5,29.0,54,978.0,,0.9,5,
2026-06-18 14:00,221,제천,250,2.9,29.3,52,977.4,,0.6,5,
2026-06-18 15:00,221,제천,270,3.1,30.1,48,977.3,,0.7,2,
2026-06-18 16:00,221,제천,250,2.4,30.1,48,977.0,,0.9,0,
2026-06-18 17:00,221,제천,270,2.2,30.2,46,977.0,,1.0,1,
2026-06-18 18:00,221,제천,250,2.4,29.6,48,976.6,,1.0,1,
2026-06-18 19:00,221,제천,270,2.1,28.3,54,977.0,,0.9,6,
2026-06-18 20:00,221,제천,320,0.7,25.6,64,977.6,,0.2,7,
2026-06-18 21:00,221,제천,0,0.4,23.3,79,977.9,,,0,
2026-06-18 22:00,221,제천,20,0.8,22.2,81,978.1,,,6,
2026-06-18 23:00,221,제천,0,0.3,21.3,87,978.5,,,0,
2026-06-19 00:00,221,제천,320,0.5,20.6,90,979.0,,,5,
2026-06-19 01:00,221,제천,20,0.6,20.1,93,979.2,,,5,
2026-06-19 02:00,221,제천,0,0.2,20.2,93,979.3,,,6,
2026-06-19 03:00,221,제천,290,0.5,19.9,94,979.0,,,6,
2026-06-19 04:00,221,제천,0,0.2,19.4,96,978.7,,,0,
2026-06-19 05:00,221,제천,0,0.1,19.0,96,979.2,,,5,
2026-06-19 06:00,221,제천,200,1.0,19.6,96,979.5,,0.1,0,
2026-06-19 07:00,221,제천,90,0.8,21.7,85,979.3,,1.0,6,
2026-06-19 08:00,221,제천,90,1.1,23.8,77,979.2,,1.0,5,
2026-06-19 09:00,221,제천,50,2.3,25.2,69,978.8,,1.0,9,
2026-06-19 10:00,221,제천,70,1.8,26.5,65,978.2,,0.8,7,
2026-06-19 11:00,221,제천,50,0.8,29.0,55,978.0,,1.0,5,
2026-06-19 12:00,221,제천,110,1.9,31.1,49,977.4,,1.0,7,
2026-06-19 13:00,221,제천,140,2.3,30.3,44,976.7,,0.7,8,
2026-06-19 14:00,221,제천,180,2.2,30.9,40,976.1,,0.6,7,
2026-06-19 15:00,221,제천,200,3.6,30.3,48,975.9,,0.5,9,
2026-06-19 16:00,221,제천,180,3.5,28.0,56,976.6,,0.0,10,
2026-06-19 17:00,221,제천,230,1.8,26.9,61,976.6,,0.0,10,
2026-06-19 18:00,221,제천,270,1.6,26.4,63,976.6,,0.0,10,
2026-06-19 19:00,221,제천,0,0.4,23.9,86,977.1,,0.0,10,0.0
2026-06-19 20:00,221,제천,20,1.2,22.5,95,976.8,,0.0,10,0.0
2026-06-19 21:00,221,제천,20,1.1,22.5,93,976.8,,,10,0.0
2026-06-19 22:00,221,제천,0,0.3,22.1,94,976.8,,,10,0.0
2026-06-19 23:00,221,제천,20,1.2,21.9,94,976.0,,,10,0.2
2026-06-20 00:00,221,제천,90,0.9,21.5,97,975.4,,,10,1.9
2026-06-20 01:00,221,제천,50,2.1,21.1,98,974.1,,,10,2.6
2026-06-20 02:00,221,제천,50,4.3,21.2,96,972.9,,,10,1.6
2026-06-20 03:00,221,제천,50,2.9,20.6,98,971.7,,,10,6.4
2026-06-20 04:00,221,제천,50,3.5,20.6,97,970.2,,,10,7.4
2026-06-20 05:00,221,제천,50,3.4,20.1,98,969.6,,,10,15.3
2026-06-20 06:00,221,제천,50,1.9,20.2,98,968.7,,0.0,10,11.7
2026-06-20 07:00,221,제천,50,2.1,20.0,99,967.7,,0.0,10,13.0
2026-06-20 08:00,221,제천,50,2.2,20.0,98,967.4,,0.0,10,13.5
2026-06-20 09:00,221,제천,50,2.5,20.2,98,967.1,,0.0,10,6.2
2026-06-20 10:00,221,제천,50,1.6,20.1,99,966.9,,0.0,10,3.2
2026-06-20 11:00,221,제천,50,1.5,20.4,98,966.7,,0.0,10,0.9
2026-06-20 12:00,221,제천,70,2.3,20.3,99,966.6,,0.0,9,2.3
2026-06-20 13:00,221,제천,70,1.1,20.3,98,966.7,,0.0,10,2.5
2026-06-20 14:00,221,제천,0,0.3,20.3,99,966.8,,0.0,10,2.9
2026-06-20 15:00,221,제천,0,0.4,20.7,100,967.1,,0.0,10,0.8
2026-06-20 16:00,221,제천,230,2.1,21.6,100,967.7,,0.0,10,1.8
2026-06-20 17:00,221,제천,230,2.0,21.3,99,968.1,,0.0,10,0.3
2026-06-20 18:00,221,제천,230,1.8,20.6,97,969.0,,0.0,10,0.7
2026-06-20 19:00,221,제천,250,2.2,20.0,95,969.9,,0.0,10,0.0
2026-06-20 20:00,221,제천,230,1.2,19.7,95,970.5,,0.0,10,
2026-06-20 21:00,221,제천,0,0.0,19.3,95,972.0,,,10,
2026-06-20 22:00,221,제천,200,1.3,19.0,97,972.5,,,10,0.0
2026-06-20 23:00,221,제천,250,0.9,19.0,95,973.4,,,10,
2026-06-21 00:00,221,제천,70,0.5,18.8,97,973.9,,,10,
2026-06-21 01:00,221,제천,0,0.3,18.6,97,974.5,,,10,
2026-06-21 02:00,221,제천,0,0.2,18.3,99,974.7,,,10,
2026-06-21 03:00,221,제천,0,0.0,18.1,98,975.6,,,10,
2026-06-21 04:00,221,제천,0,0.0,17.9,98,976.2,,,10,
2026-06-21 05:00,221,제천,0,0.2,17.6,97,977.1,,,10,
2026-06-21 06:00,221,제천,0,0.0,17.7,97,977.6,,0.0,10,
2026-06-21 07:00,221,제천,0,0.4,18.8,89,978.2,,0.3,7,
2026-06-21 08:00,221,제천,90,0.6,21.1,68,978.4,,0.8,8,
2026-06-21 09:00,221,제천,50,2.1,21.1,69,978.6,,0.3,9,
2026-06-21 10:00,221,제천,70,1.5,21.6,67,979.0,,0.3,9,
2026-06-21 11:00,221,제천,50,1.7,21.9,67,979.4,,0.3,9,
2026-06-21 12:00,221,제천,20,2.6,23.1,59,979.0,,0.2,8,
2026-06-21 13:00,221,제천,70,2.1,22.9,60,979.0,,0.2,9,
2026-06-21 14:00,221,제천,50,1.9,23.1,62,978.8,,0.0,9,
2026-06-21 15:00,221,제천,50,2.6,23.4,62,978.9,,0.1,9,
2026-06-21 16:00,221,제천,70,0.8,23.5,60,979.1,,0.0,10,
2026-06-21 17:00,221,제천,110,1.2,23.1,62,978.8,,0.0,8,
2026-06-21 18:00,221,제천,290,0.5,23.6,60,978.8,,0.2,8,
2026-06-21 19:00,221,제천,360,0.5,22.3,71,978.8,,0.0,9,
2026-06-21 20:00,221,제천,0,0.0,20.5,81,979.3,,0.0,8,
2026-06-21 21:00,221,제천,20,0.7,19.5,86,979.8,,,9,
2026-06-21 22:00,221,제천,0,0.0,19.0,93,980.2,,,9,
2026-06-21 23:00,221,제천,0,0.0,18.5,94,980.1,,,10,
2026-06-22 00:00,221,제천,160,1.6,19.3,87,979.7,,,10,
2026-06-22 01:00,221,제천,20,0.8,18.4,93,979.5,,,10,
2026-06-22 02:00,221,제천,20,0.5,18.1,94,979.3,,,10,
2026-06-22 03:00,221,제천,0,0.3,17.6,96,979.3,,,10,
2026-06-22 04:00,221,제천,0,0.4,17.6,96,979.3,,,10,
2026-06-22 05:00,221,제천,0,0.0,17.6,96,979.3,,,10,
2026-06-22 06:00,221,제천,90,0.7,17.6,94,979.1,,0.0,9,
2026-06-22 07:00,221,제천,50,1.7,18.0,91,979.8,,0.0,10,
2026-06-22 08:00,221,제천,70,1.5,18.4,88,979.9,,0.0,10,
2026-06-22 09:00,221,제천,70,1.6,20.3,81,979.9,,0.0,9,
2026-06-22 10:00,221,제천,70,2.0,21.6,75,979.7,,0.1,10,
2026-06-22 11:00,221,제천,70,1.4,22.3,64,979.3,,0.2,9,
2026-06-22 12:00,221,제천,200,0.9,23.6,62,979.3,,0.5,9,
2026-06-22 13:00,221,제천,90,0.6,23.9,58,978.8,,0.0,10,
2026-06-22 14:00,221,제천,160,0.7,24.4,58,978.7,,0.0,9,
2026-06-22 15:00,221,제천,200,1.6,24.4,62,978.5,,0.0,10,
2026-06-22 16:00,221,제천,200,1.8,24.5,62,978.0,,0.0,10,
2026-06-22 17:00,221,제천,230,0.8,24.3,64,978.1,,0.2,9,
2026-06-22 18:00,221,제천,200,1.5,23.6,69,978.3,,0.0,9,
2026-06-22 19:00,221,제천,160,0.8,23.5,68,978.6,,0.7,5,
2026-06-22 20:00,221,제천,160,1.5,22.4,73,979.1,,0.0,7,
2026-06-22 21:00,221,제천,110,1.3,21.9,75,980.0,,,9,
2026-06-22 22:00,221,제천,110,1.2,21.2,77,980.7,,,7,
2026-06-22 23:00,221,제천,50,2.0,20.4,77,981.0,,,9,
2026-06-23 00:00,221,제천,50,1.8,19.5,81,980.7,,,8,
2026-06-23 01:00,221,제천,70,1.5,19.2,81,980.4,,,8,
2026-06-23 02:00,221,제천,50,2.4,18.8,83,980.3,,,4,
2026-06-23 03:00,221,제천,50,2.8,18.4,85,980.3,,,7,
2026-06-23 04:00,221,제천,50,2.0,18.1,85,980.7,,,9,
2026-06-23 05:00,221,제천,50,2.0,17.8,86,980.8,,,5,
2026-06-23 06:00,221,제천,70,1.4,17.2,87,981.0,,0.3,2,
2026-06-23 07:00,221,제천,50,2.3,18.3,75,981.3,,1.0,0,
2026-06-23 08:00,221,제천,50,2.8,19.8,70,981.3,,1.0,0,
2026-06-23 09:00,221,제천,50,3.6,21.0,64,981.1,,1.0,0,
2026-06-23 10:00,221,제천,70,3.4,22.2,59,981.4,,1.0,1,
2026-06-23 11:00,221,제천,50,2.4,23.4,53,981.2,,1.0,2,
2026-06-23 12:00,221,제천,50,2.9,24.7,51,980.9,,1.0,4,
2026-06-23 13:00,221,제천,50,3.0,25.5,47,980.2,,1.0,4,
2026-06-23 14:00,221,제천,70,2.8,26.3,43,979.5,,1.0,0,
2026-06-23 15:00,221,제천,50,2.5,27.3,42,979.1,,1.0,0,
2026-06-23 16:00,221,제천,70,2.2,27.1,45,978.9,,1.0,0,
2026-06-23 17:00,221,제천,140,2.9,26.2,49,978.8,,1.0,2,
2026-06-23 18:00,221,제천,160,3.2,24.7,53,979.3,,1.0,1,
2026-06-23 19:00,221,제천,140,2.6,23.3,58,980.1,,0.9,6,
2026-06-23 20:00,221,제천,160,2.7,21.5,61,980.6,,0.1,7,
2026-06-23 21:00,221,제천,160,1.6,20.1,67,981.6,,,7,
2026-06-23 22:00,221,제천,140,1.9,19.1,71,981.9,,,5,
2026-06-23 23:00,221,제천,20,1.4,16.8,85,982.0,,,5,
2026-06-24 00:00,221,제천,50,1.6,17.1,74,982.0,,,4,
2026-06-24 01:00,221,제천,50,1.2,16.0,75,981.7,,,6,
2026-06-24 02:00,221,제천,50,1.8,16.0,75,981.3,,,6,
2026-06-24 03:00,221,제천,50,2.4,15.6,77,981.0,,,6,
2026-06-24 04:00,221,제천,110,1.5,15.1,80,980.7,,,4,
2026-06-24 05:00,221,제천,70,1.3,14.2,84,980.5,,,6,
2026-06-24 06:00,221,제천,20,1.5,15.1,81,980.9,,0.3,1,
2026-06-24 07:00,221,제천,50,3.4,17.4,72,981.0,,1.0,3,
2026-06-24 08:00,221,제천,50,2.3,18.6,68,980.9,,1.0,7,
2026-06-24 09:00,221,제천,50,3.0,20.3,61,980.3,,1.0,7,
2026-06-24 10:00,221,제천,110,2.1,21.7,61,979.9,,1.0,7,
2026-06-24 11:00,221,제천,110,2.0,22.3,55,979.7,,1.0,7,
2026-06-24 12:00,221,제천,70,2.0,23.9,54,979.0,,1.0,8,
2026-06-24 13:00,221,제천,110,1.9,24.5,52,978.4,,0.8,8,
2026-06-24 14:00,221,제천,140,2.7,25.2,49,978.1,,1.0,7,
2026-06-24 15:00,221,제천,160,2.0,26.0,51,977.7,,0.9,8,
2026-06-24 16:00,221,제천,140,2.2,24.9,52,977.2,,0.3,10,
2026-06-24 17:00,221,제천,160,2.0,24.3,55,976.8,,0.1,10,
2026-06-24 18:00,221,제천,160,2.7,23.1,56,977.1,,0.6,7,
2026-06-24 19:00,221,제천,140,1.9,22.8,58,977.6,,0.2,9,
2026-06-24 20:00,221,제천,70,2.1,21.2,62,977.9,,0.1,8,
2026-06-24 21:00,221,제천,50,2.3,20.2,63,978.3,,,6,
2026-06-24 22:00,221,제천,50,2.5,19.7,63,978.5,,,6,
2026-06-24 23:00,221,제천,50,2.9,19.2,65,977.8,,,3,
2026-06-25 00:00,221,제천,50,2.6,18.9,66,977.5,,,10,
2026-06-25 01:00,221,제천,50,2.6,18.6,68,977.2,,,10,
2026-06-25 02:00,221,제천,50,1.8,18.4,69,976.9,,,10,
2026-06-25 03:00,221,제천,50,1.6,18.0,71,976.4,,,3,
2026-06-25 04:00,221,제천,50,1.6,18.1,70,976.6,,,9,
2026-06-25 05:00,221,제천,70,1.8,18.1,70,976.4,,,8,
2026-06-25 06:00,221,제천,70,1.3,18.1,72,976.3,,0.0,7,
2026-06-25 07:00,221,제천,90,0.8,18.7,71,976.6,,0.0,8,
2026-06-25 08:00,221,제천,70,0.8,19.2,74,976.6,,0.0,9,
2026-06-25 09:00,221,제천,70,1.8,20.6,69,976.3,,0.0,7,
2026-06-25 10:00,221,제천,50,2.0,21.6,67,975.8,,0.1,8,
2026-06-25 11:00,221,제천,70,1.2,22.4,64,975.8,,0.0,9,
2026-06-25 12:00,221,제천,70,1.2,23.3,61,975.4,,0.6,7,
2026-06-25 13:00,221,제천,90,0.7,24.0,60,974.4,,0.1,9,
2026-06-25 14:00,221,제천,50,1.1,24.4,63,973.8,,0.0,9,
2026-06-25 15:00,221,제천,250,1.3,24.1,64,973.5,,0.0,9,
2026-06-25 16:00,221,제천,290,1.9,22.8,74,973.5,,0.0,9,0.0
2026-06-25 17:00,221,제천,50,1.5,22.2,77,973.4,,0.0,8,0.0
2026-06-25 18:00,221,제천,50,2.6,22.1,79,973.7,,0.0,8,
2026-06-25 19:00,221,제천,50,2.1,21.2,86,973.7,,0.0,8,0.0
2026-06-25 20:00,221,제천,20,1.0,20.8,86,974.1,,0.0,10,
2026-06-25 21:00,221,제천,70,0.7,20.3,91,974.2,,,7,0.0
2026-06-25 22:00,221,제천,0,0.1,19.8,93,974.6,,,3,
2026-06-25 23:00,221,제천,0,0.3,19.3,96,974.5,,,7,
2026-06-26 00:00,221,제천,0,0.2,18.6,98,974.3,,,4,
2026-06-26 01:00,221,제천,0,0.1,18.1,98,974.5,,,3,
2026-06-26 02:00,221,제천,0,0.0,17.3,99,974.4,,,3,
2026-06-26 03:00,221,제천,230,1.0,18.4,98,974.4,,,3,
2026-06-26 04:00,221,제천,250,0.9,18.3,96,974.5,,,3,
2026-06-26 05:00,221,제천,250,0.8,18.2,95,974.9,,,7,
2026-06-26 06:00,221,제천,180,1.0,18.2,95,975.1,,0.0,7,
2026-06-26 07:00,221,제천,250,1.5,19.6,86,975.2,,0.5,0,
2026-06-26 08:00,221,제천,250,2.6,20.7,76,975.6,,0.5,6,
2026-06-26 09:00,221,제천,250,2.8,22.0,67,975.7,,1.0,5,
2026-06-26 10:00,221,제천,250,2.2,22.1,68,975.7,,0.7,5,
2026-06-26 11:00,221,제천,230,2.8,22.9,63,975.5,,0.5,5,
2026-06-26 12:00,221,제천,250,3.2,23.0,61,974.9,,0.2,6,
2026-06-26 13:00,221,제천,200,1.6,23.8,60,974.8,,0.0,7,
2026-06-26 14:00,221,제천,230,1.8,25.6,48,974.6,,0.4,6,
2026-06-26 15:00,221,제천,290,1.9,25.5,48,974.3,,0.4,6,
2026-06-26 16:00,221,제천,250,1.7,25.3,52,974.4,,0.2,5,
2026-06-26 17:00,221,제천,320,0.7,25.7,47,974.3,,0.2,5,
2026-06-26 18:00,221,제천,340,2.2,26.5,45,974.5,,1.0,0,
2026-06-26 19:00,221,제천,360,1.2,24.5,53,974.8,,1.0,0,
2026-06-26 20:00,221,제천,0,0.4,20.6,70,975.3,,0.2,0,
2026-06-26 21:00,221,제천,0,0.4,18.2,83,976.0,,,4,
2026-06-26 22:00,221,제천,50,1.5,19.0,68,976.2,,,6,
2026-06-26 23:00,221,제천,290,0.8,18.4,69,975.9,,,6,
2026-06-27 00:00,221,제천,20,0.9,16.3,80,975.9,,,6,
2026-06-27 01:00,221,제천,0,0.0,15.0,90,975.8,,,4,
2026-06-27 02:00,221,제천,360,1.1,14.5,86,975.5,,,8,
2026-06-27 03:00,221,제천,0,0.1,14.1,94,975.0,,,9,
2026-06-27 04:00,221,제천,70,0.7,14.6,88,975.4,,,9,
2026-06-27 05:00,221,제천,200,0.8,13.6,94,975.4,,,9,
2026-06-27 06:00,221,제천,0,0.4,14.9,88,975.5,,0.1,6,
2026-06-27 07:00,221,제천,0,0.3,16.4,78,975.6,,0.5,8,
2026-06-27 08:00,221,제천,0,0.4,17.8,73,976.1,,0.6,6,
2026-06-27 09:00,221,제천,160,0.9,20.6,62,976.1,,1.0,6,
2026-06-27 10:00,221,제천,90,1.0,22.8,59,976.0,,0.9,7,
2026-06-27 11:00,221,제천,140,1.3,24.4,52,976.1,,0.9,8,
2026-06-27 12:00,221,제천,70,1.0,26.9,46,975.4,,1.0,3,
2026-06-27 13:00,221,제천,50,2.5,28.3,39,974.8,,1.0,3,
2026-06-27 14:00,221,제천,90,2.2,29.1,36,974.3,,1.0,0,
2026-06-27 15:00,221,제천,70,2.2,30.1,34,974.0,,1.0,0,
2026-06-27 16:00,221,제천,50,2.5,30.1,35,973.9,,1.0,0,
2026-06-27 17:00,221,제천,70,1.5,29.6,34,973.8,,1.0,4,
2026-06-27 18:00,221,제천,340,1.5,28.8,46,974.0,,1.0,6,
2026-06-27 19:00,221,제천,20,1.3,27.7,52,974.4,,1.0,0,
2026-06-27 20:00,221,제천,50,0.9,23.7,66,974.9,,0.2,3,
2026-06-27 21:00,221,제천,110,1.8,23.7,56,975.7,,,0,
2026-06-27 22:00,221,제천,20,1.4,20.3,68,976.5,,,0,
2026-06-27 23:00,221,제천,0,0.3,19.8,71,976.9,,,7,
2026-06-28 00:00,221,제천,0,0.1,18.5,81,977.0,,,0,
2026-06-28 01:00,221,제천,20,0.9,17.5,82,977.5,,,0,
2026-06-28 02:00,221,제천,0,0.0,16.6,91,977.3,,,0,
2026-06-28 03:00,221,제천,0,0.3,15.9,93,977.5,,,0,
2026-06-28 04:00,221,제천,0,0.1,15.3,96,977.8,,,0,
2026-06-28 05:00,221,제천,0,0.1,14.9,97,978.5,,,0,
2026-06-28 06:00,221,제천,0,0.2,15.5,97,978.6,,0.3,0,
2026-06-28 07:00,221,제천,0,0.3,18.7,79,979.0,,1.0,0,
2026-06-28 08:00,221,제천,90,1.1,20.5,72,979.4,,1.0,0,
2026-06-28 09:00,221,제천,90,1.4,22.6,63,979.4,,1.0,0,
2026-06-28 10:00,221,제천,70,1.0,24.9,54,979.3,,1.0,0,
2026-06-28 11:00,221,제천,140,1.0,26.2,53,979.3,,1.0,0,
2026-06-28 12:00,221,제천,50,1.6,28.3,43,979.1,,1.0,0,
2026-06-28 13:00,221,제천,270,1.1,28.7,36,978.6,,1.0,0,
2026-06-28 14:00,221,제천,200,1.1,29.7,33,978.5,,1.0,0,
2026-06-28 15:00,221,제천,200,1.7,30.1,31,977.8,,1.0,0,
2026-06-28 16:00,221,제천,160,1.2,29.9,35,977.7,,1.0,0,
2026-06-28 17:00,221,제천,180,1.1,30.2,34,977.6,,1.0,0,
2026-06-28 18:00,221,제천,230,2.3,29.6,37,977.7,,1.0,0,
2026-06-28 19:00,221,제천,320,1.0,27.5,48,978.3,,1.0,0,
2026-06-28 20:00,221,제천,20,0.5,24.0,62,978.5,,0.2,0,
2026-06-28 21:00,221,제천,360,0.7,21.8,72,979.3,,,3,
2026-06-28 22:00,221,제천,0,0.4,20.8,75,980.2,,,6,
2026-06-28 23:00,221,제천,0,0.0,20.0,82,980.8,,,4,
2026-06-29 00:00,221,제천,0,0.3,19.4,85,981.1,,,7,
2026-06-29 01:00,221,제천,20,0.5,19.1,87,981.1,,,7,
2026-06-29 02:00,221,제천,0,0.0,18.5,91,981.2,,,8,
2026-06-29 03:00,221,제천,0,0.2,18.0,94,981.2,,,8,
2026-06-29 04:00,221,제천,0,0.0,17.5,97,981.2,,,4,
2026-06-29 05:00,221,제천,0,0.0,16.9,98,981.4,,,6,
2026-06-29 06:00,221,제천,0,0.0,17.2,98,982.1,,0.2,3,
2026-06-29 07:00,221,제천,0,0.0,19.5,86,982.3,,1.0,0,
2026-06-29 08:00,221,제천,90,1.4,21.4,75,982.5,,1.0,3,
2026-06-29 09:00,221,제천,70,0.9,23.5,61,982.2,,1.0,1,
2026-06-29 10:00,221,제천,230,0.7,25.0,60,982.1,,1.0,1,
2026-06-29 11:00,221,제천,160,0.9,26.8,57,981.8,,1.0,0,
2026-06-29 12:00,221,제천,180,1.0,28.1,55,981.4,,1.0,3,
2026-06-29 13:00,221,제천,50,0.9,30.2,38,981.2,,1.0,3,
2026-06-29 14:00,221,제천,180,1.3,30.5,41,980.8,,1.0,3,
2026-06-29 15:00,221,제천,200,1.2,30.3,41,980.3,,1.0,6,
2026-06-29 16:00,221,제천,230,1.9,30.8,44,980.1,,0.9,7,
2026-06-29 17:00,221,제천,200,3.1,30.0,46,980.1,,1.0,7,
2026-06-29 18:00,221,제천,230,2.0,29.4,47,980.3,,1.0,2,
2026-06-29 19:00,221,제천,200,1.5,28.1,54,980.6,,1.0,0,
2026-06-29 20:00,221,제천,50,0.9,25.0,66,980.9,,0.0,0,
2026-06-29 21:00,221,제천,20,1.3,23.9,70,981.6,,,5,
2026-06-29 22:00,221,제천,0,0.2,22.4,75,982.2,,,6,
2026-06-29 23:00,221,제천,20,1.1,21.8,74,982.3,,,6,
2026-06-30 00:00,221,제천,20,1.3,21.1,75,982.6,,,7,
2026-06-30 01:00,221,제천,50,0.8,20.2,81,982.6,,,7,
2026-06-30 02:00,221,제천,360,0.6,19.2,88,982.8,,,3,
2026-06-30 03:00,221,제천,50,0.6,19.1,87,982.8,,,4,
2026-06-30 04:00,221,제천,0,0.0,18.1,93,982.8,,,0,
2026-06-30 05:00,221,제천,0,0.1,17.3,96,982.7,,,0,
2026-06-30 06:00,221,제천,0,0.1,17.9,96,982.9,,0.0,0,
2026-06-30 07:00,221,제천,0,0.2,20.3,85,982.9,,1.0,0,
2026-06-30 08:00,221,제천,110,1.5,21.9,78,982.7,,1.0,0,
2026-06-30 09:00,221,제천,140,0.8,24.0,64,982.8,,1.0,2,
2026-06-30 10:00,221,제천,200,1.6,25.7,61,982.7,,1.0,2,
2026-06-30 11:00,221,제천,140,1.3,26.3,59,982.1,,1.0,5,
2026-06-30 12:00,221,제천,50,1.2,27.3,55,981.3,,1.0,7,
2026-06-30 13:00,221,제천,200,1.9,28.4,54,980.7,,1.0,7,
2026-06-30 14:00,221,제천,250,2.1,29.3,49,980.2,,1.0,7,
2026-06-30 15:00,221,제천,250,2.4,30.0,45,979.8,,1.0,3,
2026-06-30 16:00,221,제천,230,1.1,29.7,41,979.1,,1.0,7,
2026-06-30 17:00,221,제천,230,2.3,29.0,49,979.0,,0.5,8,
2026-06-30 18:00,221,제천,230,2.3,28.8,52,978.9,,0.6,8,
2026-06-30 19:00,221,제천,230,2.1,27.3,57,979.6,,0.1,7,
2026-06-30 20:00,221,제천,0,0.3,25.0,69,979.4,,0.0,8,
2026-06-30 21:00,221,제천,0,0.2,23.7,75,979.7,,,8,
2026-06-30 22:00,221,제천,90,1.0,24.3,68,980.2,,,10,
2026-06-30 23:00,221,제천,50,1.0,23.7,69,980.2,,,10,
2026-07-01 00:00,221,제천,20,1.1,22.3,75,980.2,,,10,
2026-07-01 01:00,221,제천,20,0.9,21.6,78,979.8,,,9,
2026-07-01 02:00,221,제천,0,0.2,21.3,86,979.3,,,9,
2026-07-01 03:00,221,제천,0,0.3,21.1,81,979.0,,,9,
2026-07-01 04:00,221,제천,20,0.9,21.1,82,978.3,,,10,
2026-07-01 05:00,221,제천,0,0.2,20.6,85,978.7,,,10,
2026-07-01 06:00,221,제천,160,0.5,20.6,86,978.5,,0.0,10,
2026-07-01 07:00,221,제천,50,1.3,20.6,84,978.8,,0.0,10,
2026-07-01 08:00,221,제천,70,1.0,20.3,90,978.3,,0.0,10,0.0
2026-07-01 09:00,221,제천,50,1.3,20.4,89,978.5,,0.0,10,0.1
2026-07-01 10:00,221,제천,50,1.5,20.5,93,978.1,,0.0,10,0.4
2026-07-01 11:00,221,제천,110,2.1,21.3,87,977.9,,0.0,10,
2026-07-01 12:00,221,제천,70,2.1,23.5,76,977.6,,0.2,10,
2026-07-01 13:00,221,제천,140,2.1,24.8,70,977.2,,0.8,8,
2026-07-01 14:00,221,제천,140,2.8,25.5,51,976.7,,0.9,8,
2026-07-01 15:00,221,제천,140,1.4,26.4,46,976.7,,0.9,7,
2026-07-01 16:00,221,제천,110,1.9,26.9,45,975.9,,1.0,5,
2026-07-01 17:00,221,제천,180,2.4,26.5,47,975.5,,1.0,1,
2026-07-01 18:00,221,제천,140,1.5,26.5,52,975.4,,1.0,6,
2026-07-01 19:00,221,제천,160,1.2,25.3,57,976.0,,1.0,6,
2026-07-01 20:00,221,제천,360,0.5,22.6,67,976.7,,0.2,1,
2026-07-01 21:00,221,제천,360,1.0,20.9,74,977.5,,,1,
2026-07-01 22:00,221,제천,20,1.0,19.9,79,977.9,,,1,
2026-07-01 23:00,221,제천,0,0.1,18.6,89,978.3,,,2,
2026-07-02 00:00,221,제천,0,0.0,18.0,92,978.6,,,1,
2026-07-02 01:00,221,제천,0,0.2,17.5,94,978.7,,,4,
2026-07-02 02:00,221,제천,0,0.1,17.3,92,978.8,,,5,
2026-07-02 03:00,221,제천,0,0.3,16.8,92,978.7,,,5,
2026-07-02 04:00,221,제천,140,0.8,16.5,96,978.6,,,3,
2026-07-02 05:00,221,제천,0,0.0,16.6,97,979.3,,,8,
2026-07-02 06:00,221,제천,270,0.7,17.2,96,979.5,,0.0,8,0.2
2026-07-02 07:00,221,제천,50,1.4,18.6,89,979.9,,0.3,4,0.0
2026-07-02 08:00,221,제천,70,1.0,19.5,83,980.3,,0.3,7,
2026-07-02 09:00,221,제천,70,1.4,20.7,76,980.7,,0.0,6,
2026-07-02 10:00,221,제천,70,1.2,22.9,67,980.9,,0.6,6,
2026-07-02 11:00,221,제천,50,1.1,24.5,58,980.7,,0.7,7,
2026-07-02 12:00,221,제천,140,1.6,25.7,53,980.2,,1.0,5,
2026-07-02 13:00,221,제천,320,1.8,27.6,48,980.0,,1.0,6,
2026-07-02 14:00,221,제천,230,1.3,27.6,49,979.8,,0.8,7,
2026-07-02 15:00,221,제천,250,2.1,28.1,48,979.6,,0.6,7,
2026-07-02 16:00,221,제천,250,2.5,27.8,50,979.3,,0.1,9,
2026-07-02 17:00,221,제천,230,2.0,26.7,53,979.4,,0.1,10,
2026-07-02 18:00,221,제천,250,1.8,26.4,54,979.4,,0.0,10,
2026-07-02 19:00,221,제천,290,0.7,25.6,59,979.9,,0.0,9,
2026-07-02 20:00,221,제천,0,0.2,24.3,67,980.2,,0.0,10,
2026-07-02 21:00,221,제천,230,2.1,24.0,70,981.2,,,10,
2026-07-02 22:00,221,제천,180,1.4,22.4,82,981.9,,,10,0.0
2026-07-02 23:00,221,제천,160,0.8,22.1,85,982.0,,,10,
2026-07-03 00:00,221,제천,140,1.3,21.3,91,981.9,,,6,
2026-07-03 01:00,221,제천,160,0.5,21.0,94,982.0,,,6,
2026-07-03 02:00,221,제천,180,1.1,20.7,95,982.2,,,7,
2026-07-03 03:00,221,제천,0,0.2,20.3,97,982.1,,,6,
2026-07-03 04:00,221,제천,160,0.5,20.3,98,982.0,,,7,
2026-07-03 05:00,221,제천,140,0.9,20.4,98,982.2,,,7,
2026-07-03 06:00,221,제천,160,0.7,20.5,98,982.3,,0.0,8,0.0
2026-07-03 07:00,221,제천,180,1.2,20.8,95,982.2,,0.0,7,
2026-07-03 08:00,221,제천,0,0.4,21.4,92,982.2,,0.0,10,
2026-07-03 09:00,221,제천,110,1.2,22.9,87,982.1,,0.2,8,
2026-07-03 10:00,221,제천,140,1.2,24.3,76,981.6,,0.3,6,
2026-07-03 11:00,221,제천,160,1.4,25.0,69,981.4,,0.4,7,
2026-07-03 12:00,221,제천,90,1.3,24.8,70,981.2,,0.2,9,
2026-07-03 13:00,221,제천,270,1.8,25.2,70,981.1,,0.0,10,0.0
2026-07-03 14:00,221,제천,250,2.2,25.8,63,980.9,,0.0,10,
2026-07-03 15:00,221,제천,250,2.5,27.4,58,980.3,,0.7,8,
2026-07-03 16:00,221,제천,200,2.6,27.5,59,980.0,,0.7,8,
2026-07-03 17:00,221,제천,180,1.9,27.0,62,979.5,,0.7,7,
2026-07-03 18:00,221,제천,200,1.8,27.3,59,979.3,,0.8,3,
2026-07-03 19:00,221,제천,270,1.0,26.1,64,979.2,,0.1,6,
2026-07-03 20:00,221,제천,20,1.0,23.4,79,979.0,,0.0,8,
2026-07-03 21:00,221,제천,0,0.4,22.8,84,979.4,,,8,
2026-07-03 22:00,221,제천,0,0.0,23.0,83,979.6,,,9,
2026-07-03 23:00,221,제천,0,0.1,21.9,90,979.6,,,9,
2026-07-04 00:00,221,제천,0,0.4,21.4,92,979.4,,,9,
2026-07-04 01:00,221,제천,0,0.4,20.6,95,979.3,,,9,
2026-07-04 02:00,221,제천,20,0.7,20.3,97,979.0,,,9,
2026-07-04 03:00,221,제천,0,0.2,20.9,94,978.8,,,10,
2026-07-04 04:00,221,제천,0,0.1,20.6,96,978.4,,,6,
2026-07-04 05:00,221,제천,360,1.0,20.2,96,978.2,,,0,
2026-07-04 06:00,221,제천,50,0.5,20.0,97,978.3,,0.0,0,
2026-07-04 07:00,221,제천,0,0.1,21.4,91,978.6,,0.0,9,
2026-07-04 08:00,221,제천,230,0.5,22.2,85,978.6,,0.0,6,
2026-07-04 09:00,221,제천,180,0.5,23.6,79,978.4,,0.0,8,
2026-07-04 10:00,221,제천,180,1.3,25.4,67,977.6,,0.5,1,
2026-07-04 11:00,221,제천,180,1.6,27.0,59,977.1,,0.8,4,
2026-07-04 12:00,221,제천,200,2.0,28.3,53,976.9,,0.8,6,
2026-07-04 13:00,221,제천,180,3.1,28.4,55,976.4,,0.6,5,
2026-07-04 14:00,221,제천,200,3.1,28.1,54,976.0,,0.6,8,
2026-07-04 15:00,221,제천,290,2.0,28.3,56,976.3,,0.0,9,
2026-07-04 16:00,221,제천,360,1.7,28.3,56,976.0,,0.0,9,
2026-07-04 17:00,221,제천,290,1.7,28.4,56,975.7,,0.2,7,
2026-07-04 18:00,221,제천,290,1.5,27.9,58,975.4,,0.5,7,
2026-07-04 19:00,221,제천,340,1.1,26.6,65,975.3,,0.1,8,
2026-07-04 20:00,221,제천,0,0.2,24.6,75,975.6,,0.0,9,
2026-07-04 21:00,221,제천,0,0.2,23.4,83,975.8,,,9,
2026-07-04 22:00,221,제천,20,0.6,22.6,86,976.2,,,8,
2026-07-04 23:00,221,제천,360,0.6,21.9,90,976.2,,,6,
2026-07-05 00:00,221,제천,360,0.6,21.7,92,976.5,,,7,
2026-07-05 01:00,221,제천,20,0.5,21.8,93,976.6,,,9,
2026-07-05 02:00,221,제천,0,0.4,22.0,92,976.2,,,10,
2026-07-05 03:00,221,제천,0,0.0,21.4,95,975.9,,,10,
2026-07-05 04:00,221,제천,0,0.0,21.3,94,975.2,,,10,
2026-07-05 05:00,221,제천,0,0.0,21.4,95,975.8,,,10,
2026-07-05 06:00,221,제천,140,0.6,21.6,95,975.6,,0.0,10,
2026-07-05 07:00,221,제천,90,1.0,22.1,92,975.6,,0.0,10,
2026-07-05 08:00,221,제천,50,0.6,21.1,99,975.8,,0.0,10,4.9
2026-07-05 09:00,221,제천,200,0.7,22.1,98,975.8,,0.0,9,0.1
2026-07-05 10:00,221,제천,0,0.3,23.9,91,975.6,,0.0,7,0.0
2026-07-05 11:00,221,제천,200,1.6,25.0,81,975.1,,0.2,10,
2026-07-05 12:00,221,제천,270,1.9,25.4,79,975.4,,0.0,9,
2026-07-05 13:00,221,제천,230,2.1,25.3,80,975.1,,0.0,9,
2026-07-05 14:00,221,제천,230,0.9,23.2,95,975.0,,0.0,10,0.4
2026-07-05 15:00,221,제천,270,0.6,23.6,96,974.5,,0.0,9,4.2
2026-07-05 16:00,221,제천,320,0.6,24.7,91,974.1,,0.1,8,0.0
2026-07-05 17:00,221,제천,0,0.1,24.9,87,973.9,,0.0,9,
2026-07-05 18:00,221,제천,20,0.7,24.9,89,973.8,,0.0,8,
2026-07-05 19:00,221,제천,0,0.0,24.8,91,974.4,,0.0,8,
2026-07-05 20:00,221,제천,20,1.0,23.9,97,974.5,,0.0,10,
2026-07-05 21:00,221,제천,0,0.1,23.7,97,975.1,,,9,
2026-07-05 22:00,221,제천,0,0.0,23.2,99,975.2,,,10,0.7
2026-07-05 23:00,221,제천,0,0.4,23.3,99,975.3,,,9,0.2
2026-07-06 00:00,221,제천,0,0.0,22.7,100,975.6,,,9,0.4
2026-07-06 01:00,221,제천,0,0.3,22.5,100,975.5,,,8,0.0
2026-07-06 02:00,221,제천,160,1.3,21.9,100,975.9,,,10,19.6
2026-07-06 03:00,221,제천,0,0.4,21.4,100,975.7,,,9,16.4
2026-07-06 04:00,221,제천,0,0.1,21.5,100,975.7,,,8,0.0
2026-07-06 05:00,221,제천,0,0.0,21.4,100,975.8,,,6,0.0
2026-07-06 06:00,221,제천,0,0.0,21.7,100,975.3,,0.0,6,
2026-07-06 07:00,221,제천,0,0.0,22.1,100,975.5,,0.0,6,
2026-07-06 08:00,221,제천,0,0.1,23.2,98,975.9,,0.0,7,
2026-07-06 09:00,221,제천,0,0.3,24.5,89,976.6,,0.0,6,
2026-07-06 10:00,221,제천,70,0.8,25.2,84,976.4,,0.2,9,
2026-07-06 11:00,221,제천,70,1.4,25.9,79,976.0,,0.0,9,
2026-07-06 12:00,221,제천,180,1.6,27.1,75,975.4,,0.5,8,
2026-07-06 13:00,221,제천,180,1.6,27.4,71,974.9,,0.2,8,
2026-07-06 14:00,221,제천,200,1.4,27.8,71,975.1,,0.1,8,
2026-07-06 15:00,221,제천,320,0.5,25.9,89,975.4,,0.0,8,3.3
2026-07-06 16:00,221,제천,250,0.5,27.5,76,974.9,,0.3,7,
2026-07-06 17:00,221,제천,250,1.5,26.3,90,975.0,,0.0,9,0.2
2026-07-06 18:00,221,제천,270,1.4,26.4,86,975.3,,0.1,8,
2026-07-06 19:00,221,제천,0,0.4,25.7,90,975.9,,0.1,6,0.0
2026-07-06 20:00,221,제천,0,0.2,24.5,98,976.2,,0.0,2,0.0
2026-07-06 21:00,221,제천,0,0.0,23.6,100,976.5,,,4,
2026-07-06 22:00,221,제천,0,0.3,23.3,100,977.1,,,6,
2026-07-06 23:00,221,제천,0,0.4,23.3,100,977.2,,,0,
2026-07-07 00:00,221,제천,0,0.0,23.1,100,976.9,,,0,
2026-07-07 01:00,221,제천,0,0.1,23.1,100,976.7,,,6,
2026-07-07 02:00,221,제천,0,0.4,23.2,100,976.9,,,7,
2026-07-07 03:00,221,제천,20,0.8,23.3,100,976.9,,,9,
2026-07-07 04:00,221,제천,0,0.1,23.1,100,976.7,,,8,
2026-07-07 05:00,221,제천,0,0.0,22.6,100,977.2,,,8,
2026-07-07 06:00,221,제천,0,0.2,22.9,100,977.8,,0.0,10,
2026-07-07 07:00,221,제천,0,0.0,23.1,100,978.2,,0.0,10,1.6
2026-07-07 08:00,221,제천,0,0.4,22.9,100,978.1,,0.0,10,4.0
2026-07-07 09:00,221,제천,0,0.0,23.5,100,978.1,,0.0,10,0.5
2026-07-07 10:00,221,제천,230,1.2,24.6,97,978.5,,0.0,10,
2026-07-07 11:00,221,제천,0,0.3,26.1,88,978.1,,0.1,9,
2026-07-07 12:00,221,제천,90,1.2,27.5,74,977.7,,0.9,7,
2026-07-07 13:00,221,제천,70,1.5,28.1,72,977.3,,0.7,8,
2026-07-07 14:00,221,제천,180,1.7,28.3,71,977.1,,0.3,8,
2026-07-07 15:00,221,제천,200,1.8,28.8,71,977.0,,0.0,10,
2026-07-07 16:00,221,제천,200,1.2,29.2,66,976.6,,0.1,8,
2026-07-07 17:00,221,제천,230,1.6,29.6,65,976.3,,0.5,8,
2026-07-07 18:00,221,제천,0,0.0,28.8,69,976.1,,0.3,8,
2026-07-07 19:00,221,제천,20,0.7,27.5,81,976.1,,0.0,7,
2026-07-07 20:00,221,제천,0,0.2,25.7,90,976.2,,0.0,9,
2026-07-07 21:00,221,제천,20,1.1,25.1,92,976.7,,,7,
2026-07-07 22:00,221,제천,20,1.3,24.8,92,977.0,,,8,
2026-07-07 23:00,221,제천,360,0.5,24.2,95,976.9,,,10,
2026-07-08 00:00,221,제천,20,0.8,24.0,96,976.8,,,8,
2026-07-08 01:00,221,제천,20,0.6,23.4,97,976.4,,,8,
2026-07-08 02:00,221,제천,20,1.0,23.4,96,975.8,,,9,
2026-07-08 03:00,221,제천,20,0.9,23.5,91,975.5,,,9,
2026-07-08 04:00,221,제천,20,1.5,22.6,91,975.7,,,7,
2026-07-08 05:00,221,제천,110,0.6,23.0,84,975.5,,,7,
2026-07-08 06:00,221,제천,20,0.8,22.3,87,975.9,,0.0,7,
2026-07-08 07:00,221,제천,50,0.7,23.6,83,976.7,,0.3,10,0.0
2026-07-08 08:00,221,제천,20,0.9,23.7,85,976.5,,0.0,10,0.0
2026-07-08 09:00,221,제천,360,1.7,23.0,94,976.3,,0.0,10,0.5
2026-07-08 10:00,221,제천,0,0.2,22.6,98,976.4,,0.0,10,2.2
2026-07-08 11:00,221,제천,360,0.6,23.9,90,975.8,,0.0,10,0.4
2026-07-08 12:00,221,제천,0,0.2,22.8,99,976.2,,0.0,10,4.9
2026-07-08 13:00,221,제천,270,1.0,22.2,100,976.0,,0.0,10,11.8
2026-07-08 14:00,221,제천,250,1.0,21.9,100,976.7,,0.0,10,20.0
2026-07-08 15:00,221,제천,0,0.1,21.9,100,976.4,,0.0,10,20.6
2026-07-08 16:00,221,제천,0,0.0,22.1,100,977.3,,0.0,10,6.3
2026-07-08 17:00,221,제천,0,0.0,22.9,100,977.0,,0.0,10,2.1
2026-07-08 18:00,221,제천,160,0.8,23.2,100,976.7,,0.0,9,1.0
2026-07-08 19:00,221,제천,0,0.0,23.2,100,976.8,,0.0,9,0.0
2026-07-08 20:00,221,제천,0,0.0,22.6,100,976.9,,0.0,10,1.0
2026-07-08 21:00,221,제천,0,0.0,22.4,100,977.2,,,10,1.7
2026-07-08 22:00,221,제천,0,0.0,22.3,100,977.5,,,10,9.2
2026-07-08 23:00,221,제천,290,0.5,22.4,100,977.4,,,10,2.8
2026-07-09 00:00,221,제천,20,0.9,22.4,100,977.3,,,6,5.1
2026-07-09 01:00,221,제천,0,0.4,22.8,100,977.6,,,9,0.1
2026-07-09 02:00,221,제천,0,0.2,22.8,100,977.9,,,8,
2026-07-09 03:00,221,제천,0,0.0,22.7,100,977.9,,,7,0.0
2026-07-09 04:00,221,제천,0,0.0,22.7,100,977.5,,,8,0.2
2026-07-09 05:00,221,제천,0,0.3,22.4,100,977.3,,,10,
2026-07-09 06:00,221,제천,0,0.0,22.3,100,978.0,,0.0,10,1.7
2026-07-09 07:00,221,제천,0,0.4,22.6,100,978.5,,0.0,10,4.9
2026-07-09 08:00,221,제천,180,1.8,22.1,100,979.9,,0.0,10,6.2
2026-07-09 09:00,221,제천,20,0.8,21.3,100,980.5,,0.0,10,3.5
2026-07-09 10:00,221,제천,0,0.4,21.7,100,980.7,,0.0,10,3.3
2026-07-09 11:00,221,제천,140,1.1,21.4,100,980.7,,0.0,10,3.4
2026-07-09 12:00,221,제천,0,0.0,21.0,96,981.1,,0.0,10,1.9
2026-07-09 13:00,221,제천,110,1.4,20.0,98,980.9,,0.0,10,5.1
2026-07-09 14:00,221,제천,0,0.2,19.8,99,980.8,,0.0,10,2.8
2026-07-09 15:00,221,제천,70,1.2,21.9,99,980.2,,0.2,9,1.0
2026-07-09 16:00,221,제천,0,0.3,22.6,89,980.1,,0.0,10,
2026-07-09 17:00,221,제천,0,0.4,23.4,90,979.7,,0.2,10,
2026-07-09 18:00,221,제천,340,1.1,22.9,87,979.8,,0.1,9,
2026-07-09 19:00,221,제천,70,0.6,22.2,94,979.8,,0.0,9,
2026-07-09 20:00,221,제천,0,0.0,21.8,99,980.0,,0.0,7,
2026-07-09 21:00,221,제천,0,0.0,21.8,100,980.2,,,10,
2026-07-09 22:00,221,제천,0,0.0,21.4,100,980.6,,,9,0.1
2026-07-09 23:00,221,제천,290,0.7,21.5,100,980.8,,,9,0.5
2026-07-10 00:00,221,제천,0,0.0,21.3,100,981.0,,,9,
2026-07-10 01:00,221,제천,0,0.0,21.2,100,980.9,,,6,
2026-07-10 02:00,221,제천,0,0.0,21.3,100,980.4,,,6,
2026-07-10 03:00,221,제천,0,0.3,20.9,100,980.0,,,0,
2026-07-10 04:00,221,제천,0,0.3,21.1,100,980.7,,,10,
2026-07-10 05:00,221,제천,0,0.1,21.1,100,980.8,,,6,
2026-07-10 06:00,221,제천,0,0.0,20.9,100,980.7,,0.0,0,
2026-07-10 07:00,221,제천,0,0.2,22.0,100,980.8,,0.5,7,
2026-07-10 08:00,221,제천,160,0.7,23.6,95,981.4,,0.7,6,
2026-07-10 09:00,221,제천,230,1.2,25.2,86,981.7,,0.6,8,
2026-07-10 10:00,221,제천,230,2.2,25.7,80,981.9,,0.1,9,
2026-07-10 11:00,221,제천,230,2.5,26.7,78,981.9,,0.2,8,
2026-07-10 12:00,221,제천,230,2.8,26.5,79,982.0,,0.1,9,
2026-07-10 13:00,221,제천,200,1.4,25.0,93,982.1,,0.0,9,0.0
2026-07-10 14:00,221,제천,250,0.6,25.5,92,981.7,,0.0,10,0.2
2026-07-10 15:00,221,제천,230,1.6,27.0,80,981.4,,0.1,9,
2026-07-10 16:00,221,제천,250,1.7,27.0,81,981.2,,0.2,9,
2026-07-10 17:00,221,제천,270,1.2,27.1,79,980.9,,0.0,9,
2026-07-10 18:00,221,제천,0,0.1,27.1,78,980.8,,0.0,9,
2026-07-10 19:00,221,제천,0,0.2,26.7,88,981.3,,0.0,9,
2026-07-10 20:00,221,제천,340,0.7,24.8,97,981.0,,0.0,7,
2026-07-10 21:00,221,제천,0,0.1,24.0,99,982.1,,,7,
2026-07-10 22:00,221,제천,230,2.1,24.1,100,982.9,,,10,0.3
2026-07-10 23:00,221,제천,0,0.2,22.7,100,982.7,,,7,1.6
2026-07-11 00:00,221,제천,20,0.5,22.3,100,982.9,,,10,
2026-07-11 01:00,221,제천,0,0.2,22.3,100,982.8,,,7,
2026-07-11 02:00,221,제천,0,0.0,21.8,100,982.2,,,5,
2026-07-11 03:00,221,제천,0,0.1,21.7,100,982.1,,,7,
2026-07-11 04:00,221,제천,0,0.0,21.3,100,982.0,,,7,
2026-07-11 05:00,221,제천,0,0.0,21.3,100,982.1,,,0,
2026-07-11 06:00,221,제천,0,0.0,21.8,100,982.4,,0.0,0,
2026-07-11 07:00,221,제천,0,0.0,22.6,100,982.5,,0.0,0,
2026-07-11 08:00,221,제천,0,0.0,23.0,100,982.9,,0.0,7,
2026-07-11 09:00,221,제천,140,0.8,24.1,98,982.8,,0.0,7,
2026-07-11 10:00,221,제천,0,0.3,25.9,88,982.9,,0.5,7,
2026-07-11 11:00,221,제천,0,0.4,28.1,77,982.8,,1.0,8,
2026-07-11 12:00,221,제천,200,2.5,28.5,73,982.4,,1.0,8,
2026-07-11 13:00,221,제천,230,2.6,30.1,69,982.3,,1.0,8,
2026-07-11 14:00,221,제천,230,2.4,29.6,65,981.9,,0.8,8,
2026-07-11 15:00,221,제천,200,2.4,30.6,63,981.5,,1.0,8,
2026-07-11 16:00,221,제천,250,1.8,30.1,62,981.4,,0.8,8,
2026-07-11 17:00,221,제천,250,1.8,30.5,61,981.2,,1.0,7,
2026-07-11 18:00,221,제천,270,0.9,30.2,62,981.0,,1.0,7,
2026-07-11 19:00,221,제천,0,0.0,29.1,71,981.0,,1.0,5,
2026-07-11 20:00,221,제천,360,0.5,26.0,86,981.2,,0.1,0,
2026-07-11 21:00,221,제천,0,0.2,24.7,94,981.3,,,7,
2026-07-11 22:00,221,제천,0,0.4,24.3,97,981.9,,,7,
2026-07-11 23:00,221,제천,0,0.4,24.0,98,982.2,,,6,
2026-07-12 00:00,221,제천,0,0.0,24.2,99,982.3,,,6,
2026-07-12 01:00,221,제천,0,0.0,23.3,100,981.9,,,0,
2026-07-12 02:00,221,제천,0,0.0,23.4,100,981.5,,,4,
2026-07-12 03:00,221,제천,0,0.4,22.9,100,981.5,,,0,
2026-07-12 04:00,221,제천,0,0.3,22.6,100,981.0,,,7,
2026-07-12 05:00,221,제천,0,0.0,22.2,100,981.6,,,0,
2026-07-12 06:00,221,제천,0,0.1,22.3,100,981.8,,0.0,0,
2026-07-12 07:00,221,제천,0,0.2,23.9,100,982.4,,0.5,8,
2026-07-12 08:00,221,제천,110,1.0,25.3,93,982.4,,1.0,0,
2026-07-12 09:00,221,제천,140,1.0,27.3,83,982.3,,1.0,5,
2026-07-12 10:00,221,제천,50,1.3,29.9,69,981.9,,1.0,6,
2026-07-12 11:00,221,제천,180,1.2,30.1,63,981.7,,1.0,5,
2026-07-12 12:00,221,제천,270,1.8,31.0,59,981.4,,1.0,6,
2026-07-12 13:00,221,제천,180,2.5,31.8,59,980.9,,0.6,6,
2026-07-12 14:00,221,제천,200,2.8,31.8,62,980.4,,0.5,7,
2026-07-12 15:00,221,제천,180,2.4,32.0,63,980.1,,0.5,7,
2026-07-12 16:00,221,제천,200,2.9,31.7,63,980.0,,0.5,7,
2026-07-12 17:00,221,제천,180,3.0,30.9,64,979.9,,0.4,7,
2026-07-12 18:00,221,제천,180,1.8,30.5,70,980.0,,0.1,7,
2026-07-12 19:00,221,제천,290,0.7,30.0,73,980.4,,0.1,6,
2026-07-12 20:00,221,제천,360,0.5,28.6,81,980.7,,0.0,7,0.0
2026-07-12 21:00,221,제천,20,0.9,27.5,87,981.1,,,7,0.0
2026-07-12 22:00,221,제천,0,0.0,26.7,97,981.5,,,7,
2026-07-12 23:00,221,제천,0,0.3,25.9,97,981.4,,,7,
2026-07-13 00:00,221,제천,0,0.0,25.2,99,981.2,,,6,
2026-07-13 01:00,221,제천,0,0.0,24.4,99,981.2,,,7,
2026-07-13 02:00,221,제천,0,0.2,23.8,100,981.1,,,0,
2026-07-13 03:00,221,제천,0,0.0,23.7,100,980.9,,,0,
2026-07-13 04:00,221,제천,0,0.0,23.3,100,980.8,,,0,
2026-07-13 05:00,221,제천,0,0.0,23.4,100,980.8,,,0,
2026-07-13 06:00,221,제천,0,0.0,23.4,100,980.9,,0.0,0,
2026-07-13 07:00,221,제천,0,0.3,25.1,98,981.1,,1.0,0,
2026-07-13 08:00,221,제천,110,0.7,26.3,86,981.0,,1.0,0,
2026-07-13 09:00,221,제천,0,0.3,28.1,76,980.8,,1.0,0,
2026-07-13 10:00,221,제천,230,1.3,28.5,73,980.8,,0.7,5,
2026-07-13 11:00,221,제천,230,2.9,30.4,68,980.6,,0.5,6,
2026-07-13 12:00,221,제천,230,2.9,30.9,64,980.4,,0.5,8,
2026-07-13 13:00,221,제천,270,2.4,30.8,63,980.2,,0.5,8,
2026-07-13 14:00,221,제천,230,2.6,31.1,60,979.6,,0.7,4,
2026-07-13 15:00,221,제천,250,3.1,30.7,63,979.1,,0.4,6,
2026-07-13 16:00,221,제천,250,1.9,31.0,62,978.4,,0.8,2,
2026-07-13 17:00,221,제천,230,1.8,31.2,61,977.8,,0.4,5,
2026-07-13 18:00,221,제천,250,1.9,30.9,61,977.7,,0.9,3,
2026-07-13 19:00,221,제천,270,0.9,29.5,70,977.8,,0.2,7,
2026-07-13 20:00,221,제천,0,0.4,27.7,81,977.9,,0.0,7,
2026-07-13 21:00,221,제천,20,0.5,26.3,86,978.6,,,0,
2026-07-13 22:00,221,제천,0,0.2,25.3,92,978.7,,,0,
2026-07-13 23:00,221,제천,0,0.2,25.3,93,978.7,,,4,
2026-07-14 00:00,221,제천,0,0.3,25.0,94,978.7,,,0,
2026-07-14 01:00,221,제천,0,0.4,24.1,97,978.8,,,0,
2026-07-14 02:00,221,제천,20,0.6,23.6,98,978.8,,,0,
2026-07-14 03:00,221,제천,0,0.2,24.2,97,978.6,,,9,
2026-07-14 04:00,221,제천,0,0.3,24.3,97,978.5,,,9,
2026-07-14 05:00,221,제천,0,0.0,24.3,97,978.3,,,9,
2026-07-14 06:00,221,제천,0,0.3,24.3,95,978.2,,0.0,9,
2026-07-14 07:00,221,제천,0,0.0,24.9,94,978.2,,0.0,6,
2026-07-14 08:00,221,제천,140,0.8,26.0,84,978.1,,0.2,6,
2026-07-14 09:00,221,제천,140,0.7,27.5,75,977.8,,0.9,5,
2026-07-14 10:00,221,제천,230,2.5,29.5,71,977.3,,0.5,5,
2026-07-14 11:00,221,제천,180,2.2,29.2,67,976.9,,0.7,7,
2026-07-14 12:00,221,제천,200,2.5,30.6,64,976.3,,0.5,8,
2026-07-14 13:00,221,제천,180,3.3,30.5,62,975.5,,0.6,7,
2026-07-14 14:00,221,제천,200,2.7,30.3,67,974.4,,0.6,7,
2026-07-14 15:00,221,제천,200,2.5,30.6,64,973.7,,0.5,8,
2026-07-14 16:00,221,제천,230,2.3,31.3,65,972.9,,0.3,7,
2026-07-14 17:00,221,제천,250,2.1,30.2,67,972.2,,0.0,9,
2026-07-14 18:00,221,제천,230,1.8,29.2,71,971.6,,0.0,7,0.0
2026-07-14 19:00,221,제천,200,1.9,28.9,72,971.2,,0.0,9,
2026-07-14 20:00,221,제천,200,2.8,28.7,68,970.8,,0.0,9,
2026-07-14 21:00,221,제천,200,3.0,28.6,67,970.7,,,10,
2026-07-14 22:00,221,제천,200,2.4,26.9,78,970.5,,,10,0.0
2026-07-14 23:00,221,제천,200,3.0,25.7,85,970.0,,,10,0.2
2026-07-15 00:00,221,제천,0,0.4,24.2,98,969.0,,,10,5.4
2026-07-15 01:00,221,제천,200,2.2,24.2,99,968.3,,,10,7.4
2026-07-15 02:00,221,제천,230,3.3,24.4,99,968.2,,,9,10.1
2026-07-15 03:00,221,제천,230,4.7,24.7,98,968.4,,,10,1.7
2026-07-15 04:00,221,제천,230,3.7,24.8,98,968.3,,,9,0.4
2026-07-15 05:00,221,제천,230,4.2,24.7,98,968.6,,,10,1.2
2026-07-15 06:00,221,제천,230,3.7,24.4,99,968.8,,0.0,9,1.4
2026-07-15 07:00,221,제천,230,4.1,24.5,98,969.2,,0.0,9,1.2
2026-07-15 08:00,221,제천,250,3.4,24.7,95,969.7,,0.0,10,0.3
2026-07-15 09:00,221,제천,230,2.9,24.8,94,969.8,,0.0,10,0.2
2026-07-15 10:00,221,제천,230,2.6,25.3,92,970.0,,0.0,9,0.0
2026-07-15 11:00,221,제천,250,3.5,25.7,87,970.1,,0.0,9,
2026-07-15 12:00,221,제천,270,2.7,27.7,70,970.1,,0.7,6,
2026-07-15 13:00,221,제천,270,4.5,27.5,69,970.3,,0.7,7,
2026-07-15 14:00,221,제천,230,3.8,27.5,69,970.8,,0.4,7,
2026-07-15 15:00,221,제천,230,3.6,27.7,65,970.9,,0.4,6,
2026-07-15 16:00,221,제천,270,4.1,26.5,71,971.4,,0.4,8,
2026-07-15 17:00,221,제천,270,3.6,26.7,69,971.5,,0.6,6,
2026-07-15 18:00,221,제천,250,3.6,26.1,69,972.0,,0.8,7,
2026-07-15 19:00,221,제천,250,2.2,24.9,74,972.3,,0.4,7,
2026-07-15 20:00,221,제천,250,2.4,24.4,78,972.7,,0.0,10,
2026-07-15 21:00,221,제천,230,1.3,23.5,84,973.2,,,9,
2026-07-15 22:00,221,제천,230,1.6,23.2,86,973.6,,,10,
2026-07-15 23:00,221,제천,0,0.3,22.4,92,973.8,,,9,
2026-07-16 00:00,221,제천,250,1.2,22.1,93,973.9,,,10,
2026-07-16 01:00,221,제천,0,0.4,21.0,97,974.2,,,3,
2026-07-16 02:00,221,제천,0,0.4,20.0,99,973.9,,,1,
2026-07-16 03:00,221,제천,20,0.6,19.8,100,973.9,,,3,
2026-07-16 04:00,221,제천,0,0.0,19.6,100,974.2,,,6,
2026-07-16 05:00,221,제천,0,0.0,19.0,100,974.5,,,4,
2026-07-16 06:00,221,제천,0,0.0,19.2,100,974.6,,0.0,3,
2026-07-16 07:00,221,제천,0,0.0,21.0,98,974.9,,0.9,1,
2026-07-16 08:00,221,제천,140,0.5,22.7,89,974.8,,1.0,4,
2026-07-16 09:00,221,제천,0,0.3,23.3,84,975.0,,0.3,10,
2026-07-16 10:00,221,제천,0,0.0,24.5,74,974.3,,0.0,10,
2026-07-16 11:00,221,제천,200,0.5,26.9,68,974.2,,0.8,7,
2026-07-16 12:00,221,제천,180,1.9,26.8,73,974.1,,0.4,8,
2026-07-16 13:00,221,제천,200,1.8,27.0,77,973.4,,0.2,8,
2026-07-16 14:00,221,제천,230,2.5,28.8,75,973.6,,0.3,9,
2026-07-16 15:00,221,제천,230,2.1,28.5,67,972.8,,0.7,9,
2026-07-16 16:00,221,제천,290,2.8,28.5,64,972.6,,0.1,10,
2026-07-16 17:00,221,제천,290,2.4,28.0,66,972.6,,0.0,9,
2026-07-16 18:00,221,제천,290,1.7,27.7,68,972.1,,0.0,10,
2026-07-16 19:00,221,제천,320,0.9,26.6,77,972.1,,0.0,9,
2026-07-16 20:00,221,제천,290,0.8,25.9,79,972.5,,0.0,9,
2026-07-16 21:00,221,제천,110,0.9,24.2,93,972.8,,,10,
2026-07-16 22:00,221,제천,0,0.3,23.5,96,973.3,,,9,
2026-07-16 23:00,221,제천,90,0.5,23.8,96,974.0,,,9,
2026-06-16 00:00,226,보은,90,1.0,21.9,68,995.2,,,0,
2026-06-16 01:00,226,보은,0,0.3,20.1,78,995.4,,,4,
2026-06-16 02:00,226,보은,0,0.0,18.8,87,995.2,,,5,
2026-06-16 03:00,226,보은,0,0.2,18.1,94,994.8,,,6,
2026-06-16 04:00,226,보은,0,0.2,17.6,95,994.8,,,5,
2026-06-16 05:00,226,보은,70,0.9,17.2,95,995.2,,,6,
2026-06-16 06:00,226,보은,340,0.5,17.0,97,995.7,,0.0,7,
2026-06-16 07:00,226,보은,340,0.8,18.9,87,995.7,,0.5,7,
2026-06-16 08:00,226,보은,0,0.3,21.2,72,995.8,,1.0,6,
2026-06-16 09:00,226,보은,180,2.2,23.2,61,996.1,,1.0,7,
2026-06-16 10:00,226,보은,140,2.3,24.9,55,995.8,,1.0,5,
2026-06-16 11:00,226,보은,180,4.0,25.9,48,995.3,,1.0,7,
2026-06-16 12:00,226,보은,140,2.7,26.6,48,995.0,,1.0,4,
2026-06-16 13:00,226,보은,160,3.1,27.8,46,994.0,,1.0,3,
2026-06-16 14:00,226,보은,110,2.4,28.7,44,993.4,,1.0,1,
2026-06-16 15:00,226,보은,140,3.0,29.3,40,993.2,,1.0,1,
2026-06-16 16:00,226,보은,140,2.6,29.5,41,992.7,,1.0,1,
2026-06-16 17:00,226,보은,110,1.9,29.5,41,992.4,,1.0,1,
2026-06-16 18:00,226,보은,140,1.5,29.1,41,992.2,,1.0,2,
2026-06-16 19:00,226,보은,140,1.4,28.3,44,992.4,,1.0,0,
2026-06-16 20:00,226,보은,140,1.4,26.0,51,992.5,,0.1,0,
2026-06-16 21:00,226,보은,110,1.2,24.8,58,992.9,,,0,
2026-06-16 22:00,226,보은,160,1.8,25.1,59,993.4,,,0,
2026-06-16 23:00,226,보은,140,2.3,24.5,59,993.5,,,0,
2026-06-17 00:00,226,보은,110,0.8,22.8,67,993.5,,,0,
2026-06-17 01:00,226,보은,140,1.0,22.5,68,993.6,,,0,
2026-06-17 02:00,226,보은,0,0.3,19.8,84,993.3,,,0,
2026-06-17 03:00,226,보은,0,0.3,19.3,88,993.0,,,0,
2026-06-17 04:00,226,보은,0,0.1,18.3,94,993.3,,,0,
2026-06-17 05:00,226,보은,0,0.4,18.3,95,993.5,,,8,
2026-06-17 06:00,226,보은,0,0.4,18.7,93,993.1,,0.0,6,
2026-06-17 07:00,226,보은,0,0.4,20.8,82,992.9,,0.6,0,
2026-06-17 08:00,226,보은,160,1.1,23.7,67,992.9,,1.0,8,
2026-06-17 09:00,226,보은,160,2.8,24.5,63,993.1,,0.8,8,
2026-06-17 10:00,226,보은,140,1.9,24.8,62,992.3,,0.3,5,
2026-06-17 11:00,226,보은,140,1.9,27.0,56,992.1,,1.0,2,
2026-06-17 12:00,226,보은,180,3.8,28.6,45,991.6,,1.0,1,
2026-06-17 13:00,226,보은,180,2.6,29.3,43,991.0,,1.0,7,
2026-06-17 14:00,226,보은,180,2.4,30.5,41,990.0,,0.8,8,
2026-06-17 15:00,226,보은,160,3.5,29.4,47,989.8,,0.3,9,
2026-06-17 16:00,226,보은,160,2.1,27.7,59,989.9,,0.0,10,0.0
2026-06-17 17:00,226,보은,50,0.7,22.9,94,989.4,,0.0,10,1.6
2026-06-17 18:00,226,보은,320,0.8,22.6,99,990.1,,0.0,10,1.3
2026-06-17 19:00,226,보은,140,0.5,21.9,99,990.7,,0.0,10,5.8
2026-06-17 20:00,226,보은,0,0.2,21.7,99,990.7,,0.0,10,0.4
2026-06-17 21:00,226,보은,0,0.4,21.5,100,991.1,,,10,2.7
2026-06-17 22:00,226,보은,50,1.0,21.4,100,990.8,,,10,0.4
2026-06-17 23:00,226,보은,0,0.4,21.2,100,990.3,,,6,0.4
2026-06-18 00:00,226,보은,0,0.4,21.2,100,990.1,,,10,0.0
2026-06-18 01:00,226,보은,360,0.6,21.1,100,990.4,,,8,0.0
2026-06-18 02:00,226,보은,0,0.2,20.9,100,990.3,,,7,
2026-06-18 03:00,226,보은,20,0.6,20.9,100,990.3,,,10,
2026-06-18 04:00,226,보은,0,0.0,20.9,100,990.1,,,7,
2026-06-18 05:00,226,보은,0,0.2,20.8,100,990.1,,,7,
2026-06-18 06:00,226,보은,0,0.3,20.8,100,989.9,,0.0,6,
2026-06-18 07:00,226,보은,90,0.7,21.5,99,990.1,,0.1,7,
2026-06-18 08:00,226,보은,0,0.3,22.7,92,990.3,,0.3,6,
2026-06-18 09:00,226,보은,200,0.6,23.2,83,990.0,,0.3,7,
2026-06-18 10:00,226,보은,160,1.8,24.7,76,989.6,,0.3,8,
2026-06-18 11:00,226,보은,200,1.2,25.2,72,989.8,,0.0,9,
2026-06-18 12:00,226,보은,200,1.5,25.9,70,989.7,,0.0,8,
2026-06-18 13:00,226,보은,340,0.9,28.0,66,989.2,,0.7,6,
2026-06-18 14:00,226,보은,270,1.4,29.1,58,988.5,,0.9,5,
2026-06-18 15:00,226,보은,320,1.8,29.7,57,988.2,,0.5,5,
2026-06-18 16:00,226,보은,270,2.3,29.7,55,988.0,,1.0,5,
2026-06-18 17:00,226,보은,320,1.6,30.0,54,987.9,,1.0,3,
2026-06-18 18:00,226,보은,340,1.7,28.9,59,987.6,,0.8,7,
2026-06-18 19:00,226,보은,320,0.8,28.1,63,987.9,,0.0,8,
2026-06-18 20:00,226,보은,360,0.5,25.0,79,988.2,,0.0,6,
2026-06-18 21:00,226,보은,0,0.1,23.6,92,988.7,,,6,
2026-06-18 22:00,226,보은,0,0.0,22.8,94,989.2,,,5,
2026-06-18 23:00,226,보은,0,0.2,21.8,97,989.6,,,0,
2026-06-19 00:00,226,보은,0,0.2,21.5,99,989.9,,,7,
2026-06-19 01:00,226,보은,0,0.3,21.0,98,989.7,,,5,
2026-06-19 02:00,226,보은,0,0.0,20.7,100,989.6,,,5,
2026-06-19 03:00,226,보은,270,0.5,20.6,100,989.7,,,5,
2026-06-19 04:00,226,보은,0,0.1,20.1,100,989.2,,,0,
2026-06-19 05:00,226,보은,20,1.1,19.9,100,989.2,,,0,
2026-06-19 06:00,226,보은,0,0.1,19.8,100,989.6,,0.0,7,
2026-06-19 07:00,226,보은,20,0.6,21.1,96,989.2,,0.2,8,
2026-06-19 08:00,226,보은,140,0.9,23.0,88,989.5,,0.7,6,
2026-06-19 09:00,226,보은,180,1.1,25.1,78,989.4,,1.0,7,
2026-06-19 10:00,226,보은,180,3.1,27.0,71,988.9,,0.9,8,
2026-06-19 11:00,226,보은,180,3.3,27.5,69,988.7,,0.3,9,
2026-06-19 12:00,226,보은,160,3.0,28.3,66,988.2,,0.4,8,
2026-06-19 13:00,226,보은,140,3.5,29.1,61,987.7,,0.8,8,
2026-06-19 14:00,226,보은,160,2.8,28.4,62,987.5,,0.2,10,
2026-06-19 15:00,226,보은,140,2.2,28.0,65,987.3,,0.0,10,
2026-06-19 16:00,226,보은,160,1.8,27.8,66,987.3,,0.0,10,
2026-06-19 17:00,226,보은,160,2.7,26.3,73,987.1,,0.0,10,0.0
2026-06-19 18:00,226,보은,90,0.8,25.9,74,986.7,,0.0,10,
2026-06-19 19:00,226,보은,180,2.7,25.6,75,986.8,,0.0,10,
2026-06-19 20:00,226,보은,110,0.6,24.8,82,986.6,,0.0,10,
2026-06-19 21:00,226,보은,160,1.4,24.3,86,986.5,,,10,0.0
2026-06-19 22:00,226,보은,160,2.2,23.2,94,986.2,,,10,1.5
2026-06-19 23:00,226,보은,160,2.6,22.9,94,985.8,,,10,2.2
2026-06-20 00:00,226,보은,160,3.1,22.3,95,984.3,,,10,6.7
2026-06-20 01:00,226,보은,160,3.9,21.6,93,983.5,,,10,1.3
2026-06-20 02:00,226,보은,180,2.7,20.7,96,982.4,,,10,10.5
2026-06-20 03:00,226,보은,180,2.4,20.5,97,980.8,,,10,3.4
2026-06-20 04:00,226,보은,180,1.5,20.4,100,979.5,,,10,10.2
2026-06-20 05:00,226,보은,140,0.7,21.0,100,978.7,,,10,5.2
2026-06-20 06:00,226,보은,160,1.5,21.4,99,977.9,,0.0,10,5.5
2026-06-20 07:00,226,보은,180,1.1,21.2,100,977.6,,0.0,9,6.0
2026-06-20 08:00,226,보은,180,1.0,21.5,100,977.4,,0.0,10,4.3
2026-06-20 09:00,226,보은,230,0.5,22.2,100,977.2,,0.0,10,1.0
2026-06-20 10:00,226,보은,200,0.7,22.5,100,977.0,,0.0,10,0.6
2026-06-20 11:00,226,보은,200,0.9,23.2,95,977.3,,0.0,10,0.0
2026-06-20 12:00,226,보은,180,2.2,23.2,97,977.5,,0.0,9,0.7
2026-06-20 13:00,226,보은,230,2.2,23.3,95,977.8,,0.0,9,0.1
2026-06-20 14:00,226,보은,230,2.6,22.4,92,978.8,,0.0,9,
2026-06-20 15:00,226,보은,230,2.4,22.5,91,979.2,,0.0,10,
2026-06-20 16:00,226,보은,250,2.2,22.0,93,980.0,,0.0,10,0.0
2026-06-20 17:00,226,보은,230,2.5,22.1,91,980.3,,0.0,9,
2026-06-20 18:00,226,보은,250,2.5,21.8,89,981.4,,0.0,10,
2026-06-20 19:00,226,보은,270,2.3,21.4,91,982.0,,0.0,10,0.1
2026-06-20 20:00,226,보은,290,2.0,21.4,89,982.4,,0.0,10,
2026-06-20 21:00,226,보은,290,2.5,21.1,89,983.1,,,9,
2026-06-20 22:00,226,보은,290,1.1,19.9,99,984.2,,,10,0.3
2026-06-20 23:00,226,보은,270,0.8,19.7,100,984.9,,,10,0.4
2026-06-21 00:00,226,보은,0,0.1,19.5,100,985.2,,,10,
2026-06-21 01:00,226,보은,340,0.8,19.4,100,985.7,,,10,
2026-06-21 02:00,226,보은,0,0.0,19.0,100,985.5,,,9,
2026-06-21 03:00,226,보은,0,0.0,18.9,100,986.5,,,6,
2026-06-21 04:00,226,보은,0,0.2,18.8,100,987.1,,,10,
2026-06-21 05:00,226,보은,340,0.5,18.8,100,987.8,,,10,
2026-06-21 06:00,226,보은,0,0.3,18.9,100,988.4,,0.0,9,
2026-06-21 07:00,226,보은,340,1.4,19.7,97,988.8,,0.0,9,
2026-06-21 08:00,226,보은,340,1.4,20.5,84,988.7,,0.0,9,
2026-06-21 09:00,226,보은,340,2.1,21.1,81,989.4,,0.2,7,
2026-06-21 10:00,226,보은,340,2.0,22.8,72,989.7,,0.7,8,
2026-06-21 11:00,226,보은,320,1.7,23.4,70,989.9,,0.4,8,
2026-06-21 12:00,226,보은,290,1.5,24.4,65,989.8,,0.4,8,
2026-06-21 13:00,226,보은,360,1.9,24.8,62,989.4,,0.9,8,
2026-06-21 14:00,226,보은,340,1.3,25.6,60,988.9,,0.5,8,
2026-06-21 15:00,226,보은,320,1.9,26.5,59,989.2,,0.8,9,
2026-06-21 16:00,226,보은,340,1.4,25.4,59,989.2,,0.1,9,
2026-06-21 17:00,226,보은,360,2.4,24.8,64,988.9,,0.0,9,
2026-06-21 18:00,226,보은,360,1.3,24.8,65,989.1,,0.1,9,
2026-06-21 19:00,226,보은,360,1.1,23.6,70,989.2,,0.1,8,
2026-06-21 20:00,226,보은,0,0.2,21.3,84,990.0,,0.0,5,
2026-06-21 21:00,226,보은,0,0.4,20.7,89,990.2,,,8,
2026-06-21 22:00,226,보은,0,0.0,20.1,92,990.7,,,9,
2026-06-21 23:00,226,보은,0,0.0,19.5,98,990.5,,,10,
2026-06-22 00:00,226,보은,0,0.0,19.4,98,990.1,,,10,
2026-06-22 01:00,226,보은,0,0.1,19.1,98,989.8,,,10,
2026-06-22 02:00,226,보은,0,0.4,19.0,98,989.8,,,10,
2026-06-22 03:00,226,보은,0,0.0,19.2,96,989.8,,,10,
2026-06-22 04:00,226,보은,360,0.7,18.8,98,989.4,,,10,
2026-06-22 05:00,226,보은,0,0.2,18.6,99,989.3,,,10,
2026-06-22 06:00,226,보은,340,0.5,18.7,99,989.5,,0.0,10,
2026-06-22 07:00,226,보은,0,0.4,19.2,95,990.2,,0.0,10,
2026-06-22 08:00,226,보은,0,0.3,20.6,91,989.9,,0.0,10,
2026-06-22 09:00,226,보은,50,0.6,21.4,83,990.4,,0.0,10,
2026-06-22 10:00,226,보은,110,1.5,22.8,78,990.3,,0.0,9,
2026-06-22 11:00,226,보은,160,2.5,23.9,72,989.8,,0.6,9,
2026-06-22 12:00,226,보은,160,1.9,23.9,71,989.7,,0.0,10,
2026-06-22 13:00,226,보은,110,2.2,24.5,71,989.6,,0.0,10,
2026-06-22 14:00,226,보은,140,1.7,23.5,75,989.4,,0.0,10,
2026-06-22 15:00,226,보은,140,2.3,23.4,75,989.4,,0.0,10,
2026-06-22 16:00,226,보은,140,2.9,23.5,73,988.9,,0.0,10,
2026-06-22 17:00,226,보은,160,2.7,23.4,68,988.9,,0.2,9,
2026-06-22 18:00,226,보은,180,1.7,23.1,71,989.3,,0.2,8,
2026-06-22 19:00,226,보은,160,2.5,22.4,72,989.6,,0.5,8,
2026-06-22 20:00,226,보은,160,1.9,21.3,78,990.0,,0.0,8,
2026-06-22 21:00,226,보은,140,1.4,20.7,82,990.7,,,9,
2026-06-22 22:00,226,보은,160,1.1,20.4,82,991.4,,,8,
2026-06-22 23:00,226,보은,140,0.9,19.6,87,991.6,,,8,
2026-06-23 00:00,226,보은,110,1.3,19.1,90,991.5,,,8,
2026-06-23 01:00,226,보은,160,0.7,18.1,92,991.1,,,3,
2026-06-23 02:00,226,보은,50,0.5,17.4,98,990.7,,,3,
2026-06-23 03:00,226,보은,0,0.1,16.5,99,990.6,,,3,
2026-06-23 04:00,226,보은,0,0.3,16.1,100,990.9,,,7,
2026-06-23 05:00,226,보은,0,0.2,16.1,100,990.8,,,6,
2026-06-23 06:00,226,보은,340,0.5,16.4,100,991.1,,0.0,6,
2026-06-23 07:00,226,보은,180,0.7,18.1,95,991.3,,0.0,9,
2026-06-23 08:00,226,보은,160,1.7,19.2,81,991.3,,0.0,9,
2026-06-23 09:00,226,보은,180,2.5,20.3,76,991.7,,0.0,10,
2026-06-23 10:00,226,보은,160,3.3,20.1,73,992.2,,0.2,7,
2026-06-23 11:00,226,보은,140,2.2,21.3,67,992.4,,0.0,7,
2026-06-23 12:00,226,보은,140,2.5,21.4,64,992.0,,0.1,8,
2026-06-23 13:00,226,보은,160,2.5,22.9,62,991.5,,0.2,8,
2026-06-23 14:00,226,보은,70,2.4,23.2,60,991.3,,0.7,7,
2026-06-23 15:00,226,보은,110,3.5,23.9,59,990.8,,0.6,7,
2026-06-23 16:00,226,보은,90,2.0,24.3,60,990.3,,0.8,7,
2026-06-23 17:00,226,보은,70,1.6,23.7,61,990.1,,0.5,6,
2026-06-23 18:00,226,보은,90,1.9,23.1,61,990.5,,0.6,6,
2026-06-23 19:00,226,보은,110,1.0,22.1,65,990.8,,0.3,6,
2026-06-23 20:00,226,보은,90,0.8,21.3,67,991.3,,0.0,9,
2026-06-23 21:00,226,보은,110,1.5,20.4,69,991.6,,,9,
2026-06-23 22:00,226,보은,110,2.3,19.8,70,992.3,,,8,
2026-06-23 23:00,226,보은,110,2.8,19.7,69,992.4,,,8,
2026-06-24 00:00,226,보은,110,2.1,19.1,72,991.8,,,3,
2026-06-24 01:00,226,보은,160,2.2,19.1,70,991.5,,,10,
2026-06-24 02:00,226,보은,180,1.2,19.1,71,991.0,,,10,
2026-06-24 03:00,226,보은,160,1.8,18.7,72,990.6,,,7,
2026-06-24 04:00,226,보은,180,2.1,18.5,73,990.1,,,10,
2026-06-24 05:00,226,보은,180,2.5,18.3,75,990.0,,,9,
2026-06-24 06:00,226,보은,180,1.9,18.6,75,990.4,,0.0,10,
2026-06-24 07:00,226,보은,160,2.4,19.8,69,990.4,,0.3,10,
2026-06-24 08:00,226,보은,180,2.2,19.7,70,990.7,,0.2,10,
2026-06-24 09:00,226,보은,50,1.9,20.1,70,990.4,,0.0,10,
2026-06-24 10:00,226,보은,90,2.0,21.5,64,989.9,,0.3,9,
2026-06-24 11:00,226,보은,110,2.4,22.0,63,989.8,,0.3,9,
2026-06-24 12:00,226,보은,110,2.4,22.0,62,989.7,,0.0,9,
2026-06-24 13:00,226,보은,70,1.8,23.2,60,989.3,,0.1,8,
2026-06-24 14:00,226,보은,50,2.6,23.1,60,989.1,,0.3,8,
2026-06-24 15:00,226,보은,90,2.8,23.3,59,988.6,,0.4,8,
2026-06-24 16:00,226,보은,140,1.7,22.6,60,988.0,,0.1,9,
2026-06-24 17:00,226,보은,110,2.6,22.8,60,987.8,,0.3,8,
2026-06-24 18:00,226,보은,160,2.0,22.2,61,987.8,,0.1,9,
2026-06-24 19:00,226,보은,110,2.6,21.6,61,988.1,,0.0,10,
2026-06-24 20:00,226,보은,180,2.3,21.3,63,988.4,,0.0,9,
2026-06-24 21:00,226,보은,140,2.2,20.8,66,988.5,,,8,
2026-06-24 22:00,226,보은,200,1.4,20.2,69,988.7,,,6,
2026-06-24 23:00,226,보은,180,2.7,20.1,69,988.1,,,8,
2026-06-25 00:00,226,보은,200,1.0,19.7,73,988.0,,,3,
2026-06-25 01:00,226,보은,180,1.4,19.6,74,987.3,,,10,
2026-06-25 02:00,226,보은,180,2.6,19.5,75,986.7,,,10,
2026-06-25 03:00,226,보은,180,1.3,19.5,76,986.6,,,7,
2026-06-25 04:00,226,보은,180,1.4,19.4,76,986.4,,,8,
2026-06-25 05:00,226,보은,180,1.5,19.6,75,986.7,,,10,
2026-06-25 06:00,226,보은,180,2.0,19.5,75,986.7,,0.0,7,
2026-06-25 07:00,226,보은,180,1.7,19.8,76,986.8,,0.0,10,
2026-06-25 08:00,226,보은,180,1.7,20.3,75,986.7,,0.0,8,
2026-06-25 09:00,226,보은,180,1.3,20.6,76,986.8,,0.0,9,
2026-06-25 10:00,226,보은,180,1.8,21.8,71,986.5,,0.0,9,
2026-06-25 11:00,226,보은,180,3.1,21.9,72,986.6,,0.0,9,
2026-06-25 12:00,226,보은,140,2.2,23.1,69,986.0,,0.0,9,
2026-06-25 13:00,226,보은,180,2.4,23.8,70,985.1,,0.1,8,
2026-06-25 14:00,226,보은,180,2.0,23.8,69,984.8,,0.0,9,
2026-06-25 15:00,226,보은,160,1.9,24.6,66,984.4,,0.1,10,
2026-06-25 16:00,226,보은,160,1.5,24.2,68,984.3,,0.0,9,
2026-06-25 17:00,226,보은,180,2.3,23.1,78,984.2,,0.0,8,0.0
2026-06-25 18:00,226,보은,160,1.2,23.2,77,984.5,,0.1,7,
2026-06-25 19:00,226,보은,110,2.0,22.8,78,984.6,,0.3,6,
2026-06-25 20:00,226,보은,140,1.5,22.0,83,984.8,,0.0,6,
2026-06-25 21:00,226,보은,160,0.5,21.2,93,985.0,,,10,0.0
2026-06-25 22:00,226,보은,0,0.1,20.8,100,985.6,,,7,1.3
2026-06-25 23:00,226,보은,250,0.6,20.8,97,985.9,,,4,
2026-06-26 00:00,226,보은,180,0.9,20.1,92,985.6,,,7,
2026-06-26 01:00,226,보은,290,1.0,19.6,93,985.7,,,3,
2026-06-26 02:00,226,보은,140,0.5,19.2,95,985.9,,,3,
2026-06-26 03:00,226,보은,110,0.5,18.1,100,985.7,,,3,
2026-06-26 04:00,226,보은,0,0.1,18.0,100,985.8,,,1,
2026-06-26 05:00,226,보은,360,0.7,17.6,100,986.0,,,0,
2026-06-26 06:00,226,보은,0,0.3,17.7,100,986.2,,0.0,3,
2026-06-26 07:00,226,보은,0,0.2,18.7,100,986.6,,0.4,3,
2026-06-26 08:00,226,보은,360,0.8,20.2,86,986.9,,0.7,0,
2026-06-26 09:00,226,보은,320,1.2,21.1,80,986.9,,0.3,4,
2026-06-26 10:00,226,보은,360,1.2,23.3,70,987.0,,0.9,3,
2026-06-26 11:00,226,보은,20,1.1,24.4,63,986.7,,0.7,5,
2026-06-26 12:00,226,보은,340,1.4,24.6,58,986.4,,0.9,6,
2026-06-26 13:00,226,보은,340,1.3,25.0,57,985.9,,0.5,5,
2026-06-26 14:00,226,보은,320,1.8,25.5,55,985.6,,0.4,5,
2026-06-26 15:00,226,보은,340,1.4,25.5,58,985.3,,0.5,5,
2026-06-26 16:00,226,보은,340,2.2,26.6,53,985.3,,1.0,3,
2026-06-26 17:00,226,보은,340,1.9,27.1,51,985.1,,0.9,0,
2026-06-26 18:00,226,보은,360,2.4,26.5,50,985.1,,1.0,0,
2026-06-26 19:00,226,보은,360,1.4,25.7,53,985.5,,1.0,3,
2026-06-26 20:00,226,보은,0,0.2,21.8,71,985.9,,0.3,4,
2026-06-26 21:00,226,보은,290,0.6,20.2,83,986.4,,,5,
2026-06-26 22:00,226,보은,0,0.2,19.3,87,986.4,,,6,
2026-06-26 23:00,226,보은,360,1.1,18.5,93,986.5,,,7,
2026-06-27 00:00,226,보은,0,0.4,17.9,95,986.3,,,7,
2026-06-27 01:00,226,보은,180,0.5,17.6,96,986.1,,,8,
2026-06-27 02:00,226,보은,0,0.1,17.0,99,985.9,,,9,
2026-06-27 03:00,226,보은,0,0.1,16.4,100,985.6,,,6,
2026-06-27 04:00,226,보은,0,0.0,16.1,100,985.8,,,7,
2026-06-27 05:00,226,보은,0,0.3,15.8,100,985.6,,,5,
2026-06-27 06:00,226,보은,0,0.3,15.5,100,986.1,,0.0,6,
2026-06-27 07:00,226,보은,0,0.4,17.5,94,986.0,,0.5,8,
2026-06-27 08:00,226,보은,0,0.4,19.7,85,986.1,,0.7,8,
2026-06-27 09:00,226,보은,110,0.9,21.7,75,986.2,,0.7,5,
2026-06-27 10:00,226,보은,320,1.8,24.9,59,986.1,,1.0,3,
2026-06-27 11:00,226,보은,340,2.4,27.1,54,985.9,,1.0,7,
2026-06-27 12:00,226,보은,340,2.3,29.0,48,985.7,,1.0,0,
2026-06-27 13:00,226,보은,290,1.2,29.1,46,985.2,,1.0,0,
2026-06-27 14:00,226,보은,320,1.2,30.1,42,984.9,,1.0,1,
2026-06-27 15:00,226,보은,140,1.5,29.7,40,984.7,,1.0,1,
2026-06-27 16:00,226,보은,160,2.7,29.8,41,984.6,,1.0,1,
2026-06-27 17:00,226,보은,180,3.3,29.1,42,984.6,,1.0,2,
2026-06-27 18:00,226,보은,180,2.1,28.6,43,984.9,,1.0,4,
2026-06-27 19:00,226,보은,160,1.9,27.7,49,985.3,,0.9,6,
2026-06-27 20:00,226,보은,180,0.7,25.1,59,985.7,,0.4,2,
2026-06-27 21:00,226,보은,0,0.1,22.9,73,986.4,,,2,
2026-06-27 22:00,226,보은,0,0.2,20.9,84,987.1,,,4,
2026-06-27 23:00,226,보은,0,0.3,20.2,89,987.5,,,3,
2026-06-28 00:00,226,보은,0,0.2,19.3,91,987.7,,,1,
2026-06-28 01:00,226,보은,0,0.3,18.5,92,988.1,,,1,
2026-06-28 02:00,226,보은,50,0.6,17.9,94,988.1,,,0,
2026-06-28 03:00,226,보은,0,0.0,17.0,97,988.1,,,0,
2026-06-28 04:00,226,보은,0,0.1,16.6,98,988.5,,,0,
2026-06-28 05:00,226,보은,0,0.1,16.1,99,989.1,,,0,
2026-06-28 06:00,226,보은,0,0.2,16.0,99,989.1,,0.0,0,
2026-06-28 07:00,226,보은,0,0.2,17.9,90,989.7,,0.5,0,
2026-06-28 08:00,226,보은,0,0.2,20.8,78,989.9,,1.0,0,
2026-06-28 09:00,226,보은,20,0.7,23.7,66,990.1,,1.0,0,
2026-06-28 10:00,226,보은,70,0.5,25.4,59,990.0,,1.0,0,
2026-06-28 11:00,226,보은,340,0.8,26.6,56,990.2,,1.0,0,
2026-06-28 12:00,226,보은,200,1.3,27.0,52,989.8,,1.0,0,
2026-06-28 13:00,226,보은,290,1.3,29.4,49,989.4,,1.0,2,
2026-06-28 14:00,226,보은,290,2.3,29.8,51,989.1,,0.8,4,
2026-06-28 15:00,226,보은,360,1.7,30.4,43,988.6,,0.7,4,
2026-06-28 16:00,226,보은,320,1.5,29.7,44,988.5,,0.6,3,
2026-06-28 17:00,226,보은,320,1.8,30.9,41,988.6,,1.0,3,
2026-06-28 18:00,226,보은,340,1.3,30.1,42,988.6,,1.0,1,
2026-06-28 19:00,226,보은,320,0.9,28.7,50,988.8,,1.0,0,
2026-06-28 20:00,226,보은,0,0.4,25.3,70,989.4,,0.1,0,
2026-06-28 21:00,226,보은,340,0.8,23.3,76,990.2,,,7,
2026-06-28 22:00,226,보은,0,0.4,22.3,81,991.0,,,4,
2026-06-28 23:00,226,보은,0,0.4,21.5,85,991.6,,,8,
2026-06-29 00:00,226,보은,360,0.5,20.6,87,992.0,,,8,
2026-06-29 01:00,226,보은,360,1.1,19.8,93,992.0,,,7,
2026-06-29 02:00,226,보은,110,0.5,19.2,93,992.3,,,6,
2026-06-29 03:00,226,보은,0,0.0,18.4,98,992.2,,,7,
2026-06-29 04:00,226,보은,360,0.5,17.8,99,992.3,,,3,
2026-06-29 05:00,226,보은,0,0.3,17.6,99,992.2,,,0,
2026-06-29 06:00,226,보은,0,0.3,17.6,99,992.9,,0.0,0,
2026-06-29 07:00,226,보은,0,0.2,19.2,93,993.1,,0.5,4,
2026-06-29 08:00,226,보은,0,0.4,21.5,78,992.9,,1.0,0,
2026-06-29 09:00,226,보은,360,1.0,23.9,70,992.9,,1.0,0,
2026-06-29 10:00,226,보은,320,1.0,25.8,58,992.7,,1.0,0,
2026-06-29 11:00,226,보은,50,0.6,26.7,56,992.7,,1.0,0,
2026-06-29 12:00,226,보은,250,1.3,28.3,53,992.2,,1.0,4,
2026-06-29 13:00,226,보은,70,0.7,28.2,52,992.1,,0.8,7,
2026-06-29 14:00,226,보은,200,1.4,29.7,51,991.6,,0.7,7,
2026-06-29 15:00,226,보은,160,2.1,29.4,54,991.4,,0.6,7,
2026-06-29 16:00,226,보은,160,2.2,30.2,44,991.0,,0.8,2,
2026-06-29 17:00,226,보은,160,2.5,30.3,35,990.9,,1.0,0,
2026-06-29 18:00,226,보은,160,1.3,29.9,34,990.9,,1.0,0,
2026-06-29 19:00,226,보은,140,0.9,28.7,48,991.2,,1.0,0,
2026-06-29 20:00,226,보은,0,0.2,24.2,69,991.5,,0.2,5,
2026-06-29 21:00,226,보은,340,0.5,22.8,75,992.1,,,5,
2026-06-29 22:00,226,보은,20,1.2,23.3,71,993.0,,,7,
2026-06-29 23:00,226,보은,0,0.1,21.9,80,993.1,,,8,
2026-06-30 00:00,226,보은,0,0.3,21.2,87,993.2,,,6,
2026-06-30 01:00,226,보은,0,0.0,20.2,92,993.5,,,8,
2026-06-30 02:00,226,보은,340,0.8,19.7,95,993.7,,,7,
2026-06-30 03:00,226,보은,0,0.2,18.9,97,993.5,,,7,
2026-06-30 04:00,226,보은,0,0.2,18.4,99,993.5,,,7,
2026-06-30 05:00,226,보은,0,0.3,18.2,99,993.6,,,6,
2026-06-30 06:00,226,보은,340,0.5,18.9,96,993.5,,0.0,3,
2026-06-30 07:00,226,보은,340,0.6,19.4,94,993.9,,0.0,6,
2026-06-30 08:00,226,보은,50,0.5,21.9,81,993.6,,0.8,0,
2026-06-30 09:00,226,보은,200,0.9,24.1,71,993.5,,1.0,3,
2026-06-30 10:00,226,보은,360,0.9,25.9,64,993.3,,1.0,4,
2026-06-30 11:00,226,보은,320,1.1,26.8,57,992.9,,1.0,5,
2026-06-30 12:00,226,보은,180,1.4,27.8,56,992.4,,1.0,6,
2026-06-30 13:00,226,보은,200,0.9,28.3,55,991.8,,0.9,5,
2026-06-30 14:00,226,보은,180,1.7,29.8,53,991.0,,0.8,4,
2026-06-30 15:00,226,보은,290,1.5,29.3,53,990.5,,0.9,6,
2026-06-30 16:00,226,보은,90,1.6,30.1,48,990.1,,0.8,2,
2026-06-30 17:00,226,보은,140,1.7,30.1,49,989.7,,0.8,2,
2026-06-30 18:00,226,보은,160,2.0,29.5,50,989.5,,1.0,1,
2026-06-30 19:00,226,보은,140,1.8,28.0,52,989.8,,0.8,6,
2026-06-30 20:00,226,보은,90,1.4,25.7,61,989.9,,0.0,9,
2026-06-30 21:00,226,보은,0,0.4,25.1,69,990.3,,,10,
2026-06-30 22:00,226,보은,110,0.8,24.7,71,990.9,,,9,
2026-06-30 23:00,226,보은,200,0.6,24.3,76,991.0,,,10,
2026-07-01 00:00,226,보은,160,0.6,23.6,79,990.8,,,9,
2026-07-01 01:00,226,보은,0,0.3,22.6,85,990.2,,,9,
2026-07-01 02:00,226,보은,0,0.1,21.9,84,990.0,,,9,
2026-07-01 03:00,226,보은,160,0.9,22.2,80,989.4,,,10,
2026-07-01 04:00,226,보은,140,1.1,21.9,81,989.3,,,10,
2026-07-01 05:00,226,보은,140,0.5,21.7,82,988.6,,,10,
2026-07-01 06:00,226,보은,50,1.0,21.7,84,988.9,,0.0,10,
2026-07-01 07:00,226,보은,140,2.3,21.0,88,988.9,,0.0,10,0.4
2026-07-01 08:00,226,보은,140,0.7,21.1,90,988.6,,0.0,10,0.3
2026-07-01 09:00,226,보은,160,1.2,21.1,92,988.7,,0.0,10,0.3
2026-07-01 10:00,226,보은,180,1.0,20.8,91,988.5,,0.0,10,0.3
2026-07-01 11:00,226,보은,0,0.4,21.3,90,988.2,,0.0,10,0.3
2026-07-01 12:00,226,보은,50,1.1,21.7,80,987.9,,0.0,10,0.1
2026-07-01 13:00,226,보은,340,0.7,22.8,75,987.5,,0.0,10,0.0
2026-07-01 14:00,226,보은,140,2.1,23.2,69,987.3,,0.0,10,
2026-07-01 15:00,226,보은,110,1.8,23.6,66,987.5,,0.1,10,
2026-07-01 16:00,226,보은,110,2.7,24.5,63,987.0,,1.0,8,
2026-07-01 17:00,226,보은,140,1.7,24.3,64,986.9,,0.5,8,
2026-07-01 18:00,226,보은,180,1.6,23.6,67,986.9,,0.6,7,
2026-07-01 19:00,226,보은,180,1.9,23.0,69,987.6,,0.4,8,
2026-07-01 20:00,226,보은,160,2.1,22.1,73,987.9,,0.0,6,
2026-07-01 21:00,226,보은,160,3.3,20.9,80,988.3,,,6,
2026-07-01 22:00,226,보은,160,1.9,20.5,83,988.8,,,6,
2026-07-01 23:00,226,보은,160,0.9,20.1,86,989.1,,,3,
2026-07-02 00:00,226,보은,160,1.0,19.7,87,989.4,,,3,
2026-07-02 01:00,226,보은,0,0.1,18.8,94,989.2,,,1,
2026-07-02 02:00,226,보은,0,0.0,18.4,98,989.4,,,3,
2026-07-02 03:00,226,보은,0,0.0,18.2,99,989.4,,,1,
2026-07-02 04:00,226,보은,0,0.0,17.4,100,989.6,,,3,
2026-07-02 05:00,226,보은,360,0.6,16.7,100,989.9,,,2,
2026-07-02 06:00,226,보은,0,0.0,16.7,100,990.0,,0.0,2,
2026-07-02 07:00,226,보은,0,0.4,18.3,97,990.4,,0.5,6,
2026-07-02 08:00,226,보은,290,0.6,20.6,84,990.8,,1.0,1,
2026-07-02 09:00,226,보은,180,0.7,23.5,70,991.1,,1.0,1,
2026-07-02 10:00,226,보은,180,2.9,25.0,62,991.4,,1.0,1,
2026-07-02 11:00,226,보은,90,1.1,26.3,57,991.2,,0.9,5,
2026-07-02 12:00,226,보은,180,2.2,27.1,54,990.9,,0.9,7,
2026-07-02 13:00,226,보은,230,2.0,28.6,51,990.8,,0.9,7,
2026-07-02 14:00,226,보은,200,1.5,28.1,50,990.4,,0.6,6,
2026-07-02 15:00,226,보은,200,0.6,27.7,53,990.3,,0.1,7,
2026-07-02 16:00,226,보은,270,1.4,27.9,54,990.1,,0.0,10,
2026-07-02 17:00,226,보은,270,1.9,27.5,57,990.1,,0.1,9,
2026-07-02 18:00,226,보은,290,1.4,24.1,74,990.4,,0.0,10,0.0
2026-07-02 19:00,226,보은,360,1.5,23.5,80,991.3,,0.0,10,
2026-07-02 20:00,226,보은,0,0.0,22.7,89,991.8,,0.0,10,0.0
2026-07-02 21:00,226,보은,0,0.3,21.9,95,992.5,,,6,0.0
2026-07-02 22:00,226,보은,0,0.3,21.8,95,993.0,,,9,
2026-07-02 23:00,226,보은,0,0.1,21.6,94,993.1,,,7,
2026-07-03 00:00,226,보은,360,0.6,21.5,95,993.1,,,8,
2026-07-03 01:00,226,보은,0,0.1,21.1,97,993.0,,,8,
2026-07-03 02:00,226,보은,0,0.0,20.9,100,993.0,,,7,
2026-07-03 03:00,226,보은,340,0.5,20.9,99,993.0,,,8,
2026-07-03 04:00,226,보은,0,0.1,20.8,100,993.1,,,9,
2026-07-03 05:00,226,보은,0,0.3,20.8,100,993.1,,,9,
2026-07-03 06:00,226,보은,360,0.5,20.9,100,993.2,,0.0,6,
2026-07-03 07:00,226,보은,0,0.4,21.3,98,992.9,,0.0,8,
2026-07-03 08:00,226,보은,360,0.7,22.5,91,992.8,,0.1,8,
2026-07-03 09:00,226,보은,360,1.0,24.6,74,992.7,,0.8,4,
2026-07-03 10:00,226,보은,20,0.9,25.6,67,992.3,,0.9,7,
2026-07-03 11:00,226,보은,290,1.3,27.1,65,992.2,,0.6,7,
2026-07-03 12:00,226,보은,270,1.3,27.7,62,992.0,,0.9,7,
2026-07-03 13:00,226,보은,230,1.0,28.4,57,991.6,,0.4,7,
2026-07-03 14:00,226,보은,360,1.1,28.5,58,991.2,,0.7,8,
2026-07-03 15:00,226,보은,320,1.3,28.7,57,990.8,,0.1,8,
2026-07-03 16:00,226,보은,270,2.1,28.6,57,990.6,,0.2,8,
2026-07-03 17:00,226,보은,270,1.7,28.5,59,990.3,,0.5,8,
2026-07-03 18:00,226,보은,270,2.4,27.9,62,990.5,,0.8,5,
2026-07-03 19:00,226,보은,340,0.8,26.7,67,990.3,,0.2,8,
2026-07-03 20:00,226,보은,340,0.5,25.2,74,990.2,,0.0,8,
2026-07-03 21:00,226,보은,0,0.1,24.2,80,990.4,,,9,
2026-07-03 22:00,226,보은,20,0.5,22.9,89,990.7,,,9,
2026-07-03 23:00,226,보은,0,0.1,22.5,90,990.7,,,10,
2026-07-04 00:00,226,보은,140,0.8,22.2,93,990.5,,,9,
2026-07-04 01:00,226,보은,20,0.5,21.6,96,990.2,,,9,
2026-07-04 02:00,226,보은,0,0.3,21.7,97,989.8,,,9,
2026-07-04 03:00,226,보은,0,0.1,22.1,94,989.6,,,9,
2026-07-04 04:00,226,보은,0,0.2,21.8,96,989.2,,,10,
2026-07-04 05:00,226,보은,0,0.0,21.9,96,988.6,,,8,
2026-07-04 06:00,226,보은,0,0.2,22.0,95,988.8,,0.0,6,
2026-07-04 07:00,226,보은,340,0.9,23.0,89,989.0,,0.1,6,
2026-07-04 08:00,226,보은,360,1.7,24.4,78,989.1,,0.7,6,
2026-07-04 09:00,226,보은,360,1.9,25.2,71,989.0,,0.8,7,
2026-07-04 10:00,226,보은,320,1.6,26.4,67,988.6,,0.7,8,
2026-07-04 11:00,226,보은,230,1.4,26.6,65,988.1,,0.3,7,
2026-07-04 12:00,226,보은,160,1.3,27.5,60,987.8,,0.8,8,
2026-07-04 13:00,226,보은,360,1.3,27.7,61,987.2,,0.4,7,
2026-07-04 14:00,226,보은,270,1.4,29.1,56,986.9,,0.4,7,
2026-07-04 15:00,226,보은,230,1.7,29.4,54,986.8,,0.9,7,
2026-07-04 16:00,226,보은,320,1.6,29.7,56,986.8,,0.6,7,
2026-07-04 17:00,226,보은,290,2.0,29.9,54,986.8,,0.9,7,
2026-07-04 18:00,226,보은,320,0.9,28.9,59,986.2,,0.7,6,
2026-07-04 19:00,226,보은,230,1.4,27.7,63,986.3,,0.0,9,
2026-07-04 20:00,226,보은,180,0.9,25.9,72,986.3,,0.0,8,
2026-07-04 21:00,226,보은,0,0.3,24.6,77,986.8,,,8,
2026-07-04 22:00,226,보은,0,0.1,23.6,83,987.1,,,9,
2026-07-04 23:00,226,보은,340,0.8,23.0,90,987.2,,,7,
2026-07-05 00:00,226,보은,0,0.0,22.4,94,987.5,,,7,
2026-07-05 01:00,226,보은,0,0.0,22.6,93,987.3,,,10,
2026-07-05 02:00,226,보은,340,0.7,22.4,94,986.7,,,8,
2026-07-05 03:00,226,보은,0,0.0,22.3,95,986.3,,,10,
2026-07-05 04:00,226,보은,0,0.0,22.6,94,986.0,,,10,
2026-07-05 05:00,226,보은,160,1.3,22.3,98,986.5,,,10,0.4
2026-07-05 06:00,226,보은,180,1.3,22.2,99,986.6,,0.0,10,1.6
2026-07-05 07:00,226,보은,230,0.5,22.3,99,986.3,,0.0,10,2.7
2026-07-05 08:00,226,보은,160,1.2,22.3,100,986.7,,0.0,10,0.3
2026-07-05 09:00,226,보은,180,0.9,23.0,98,986.5,,0.0,10,0.9
2026-07-05 10:00,226,보은,160,0.8,23.9,90,986.2,,0.0,9,
2026-07-05 11:00,226,보은,180,1.9,24.8,89,986.1,,0.1,9,
2026-07-05 12:00,226,보은,160,1.2,25.3,85,986.1,,0.0,10,
2026-07-05 13:00,226,보은,180,2.5,25.2,88,985.8,,0.0,9,0.2
2026-07-05 14:00,226,보은,160,1.4,23.9,95,985.8,,0.0,10,0.4
2026-07-05 15:00,226,보은,180,1.1,24.9,91,985.2,,0.0,9,0.0
2026-07-05 16:00,226,보은,270,0.6,27.3,79,984.7,,0.8,6,
2026-07-05 17:00,226,보은,50,0.6,26.4,83,984.5,,0.3,7,
2026-07-05 18:00,226,보은,140,1.0,25.4,93,984.4,,0.0,10,0.0
2026-07-05 19:00,226,보은,0,0.4,24.0,96,985.0,,0.0,8,0.3
2026-07-05 20:00,226,보은,140,1.4,23.4,100,985.6,,0.0,10,2.7
2026-07-05 21:00,226,보은,140,1.2,23.2,100,985.6,,,8,1.6
2026-07-05 22:00,226,보은,0,0.4,23.0,100,985.9,,,10,0.0
2026-07-05 23:00,226,보은,110,0.5,23.0,100,986.1,,,10,0.2
2026-07-06 00:00,226,보은,0,0.4,23.0,100,986.2,,,10,2.1
2026-07-06 01:00,226,보은,0,0.3,23.0,100,986.4,,,8,0.2
2026-07-06 02:00,226,보은,0,0.3,22.9,100,985.8,,,7,0.0
2026-07-06 03:00,226,보은,0,0.1,23.0,100,986.2,,,7,
2026-07-06 04:00,226,보은,320,0.5,22.9,100,986.4,,,8,
2026-07-06 05:00,226,보은,140,0.8,22.5,100,986.3,,,7,
2026-07-06 06:00,226,보은,320,0.6,22.8,100,985.7,,0.0,8,
2026-07-06 07:00,226,보은,160,1.0,23.0,100,986.3,,0.0,10,
2026-07-06 08:00,226,보은,0,0.2,23.6,99,986.4,,0.0,10,
2026-07-06 09:00,226,보은,200,0.6,24.5,94,986.8,,0.0,7,
2026-07-06 10:00,226,보은,160,1.6,25.7,87,986.7,,0.2,9,
2026-07-06 11:00,226,보은,160,2.3,27.1,78,986.5,,0.6,7,0.0
2026-07-06 12:00,226,보은,180,2.4,27.1,77,986.0,,0.2,8,
2026-07-06 13:00,226,보은,160,2.2,27.9,75,986.1,,0.0,9,
2026-07-06 14:00,226,보은,180,1.6,28.8,70,985.9,,0.3,8,0.0
2026-07-06 15:00,226,보은,200,1.8,28.6,73,986.0,,0.1,10,0.0
2026-07-06 16:00,226,보은,200,1.4,28.3,79,985.8,,0.4,7,0.6
2026-07-06 17:00,226,보은,230,1.0,28.2,74,985.9,,0.1,8,
2026-07-06 18:00,226,보은,230,1.0,28.7,72,986.0,,0.6,6,
2026-07-06 19:00,226,보은,360,0.5,27.5,81,986.3,,0.1,7,
2026-07-06 20:00,226,보은,110,1.2,26.1,89,986.6,,0.0,4,
2026-07-06 21:00,226,보은,110,0.6,25.7,92,987.2,,,6,
2026-07-06 22:00,226,보은,250,0.5,25.2,97,987.6,,,3,
2026-07-06 23:00,226,보은,0,0.0,24.9,98,987.7,,,9,
2026-07-07 00:00,226,보은,0,0.3,24.7,99,987.5,,,6,
2026-07-07 01:00,226,보은,0,0.1,24.7,99,987.2,,,8,
2026-07-07 02:00,226,보은,0,0.2,24.4,100,987.5,,,8,
2026-07-07 03:00,226,보은,0,0.0,24.4,100,987.2,,,10,
2026-07-07 04:00,226,보은,0,0.1,24.2,100,987.2,,,9,
2026-07-07 05:00,226,보은,360,0.6,24.1,100,987.6,,,10,
2026-07-07 06:00,226,보은,0,0.2,24.0,100,988.5,,0.0,10,6.7
2026-07-07 07:00,226,보은,50,1.4,23.3,100,988.8,,0.0,10,11.5
2026-07-07 08:00,226,보은,160,1.6,23.2,100,989.2,,0.0,10,5.8
2026-07-07 09:00,226,보은,140,1.4,23.3,100,989.3,,0.0,10,1.4
2026-07-07 10:00,226,보은,180,1.4,24.0,98,989.2,,0.0,10,0.1
2026-07-07 11:00,226,보은,160,1.9,26.1,84,988.5,,0.5,7,
2026-07-07 12:00,226,보은,180,2.3,27.4,82,988.5,,0.8,7,
2026-07-07 13:00,226,보은,200,2.4,28.7,73,988.2,,0.8,7,
2026-07-07 14:00,226,보은,200,1.2,29.4,73,987.6,,0.5,8,
2026-07-07 15:00,226,보은,180,1.0,29.9,68,987.1,,0.8,7,
2026-07-07 16:00,226,보은,160,2.0,30.2,68,986.7,,0.3,9,
2026-07-07 17:00,226,보은,140,2.6,29.3,76,986.4,,0.1,9,
2026-07-07 18:00,226,보은,140,2.6,28.7,79,986.3,,0.1,7,
2026-07-07 19:00,226,보은,140,2.0,28.2,82,986.3,,0.1,7,
2026-07-07 20:00,226,보은,140,1.8,27.7,84,986.3,,0.0,7,
2026-07-07 21:00,226,보은,140,1.7,27.6,84,986.6,,,7,
2026-07-07 22:00,226,보은,140,3.1,27.4,83,987.0,,,8,
2026-07-07 23:00,226,보은,140,3.3,26.8,84,987.0,,,9,
2026-07-08 00:00,226,보은,140,3.0,26.3,85,987.2,,,9,
2026-07-08 01:00,226,보은,140,3.8,25.7,85,986.6,,,9,
2026-07-08 02:00,226,보은,140,3.8,25.1,85,985.8,,,8,
2026-07-08 03:00,226,보은,160,3.5,24.8,80,985.8,,,7,
2026-07-08 04:00,226,보은,160,3.4,24.2,82,986.3,,,7,
2026-07-08 05:00,226,보은,140,4.3,24.3,80,986.1,,,7,
2026-07-08 06:00,226,보은,140,3.8,24.0,82,986.0,,0.0,7,
2026-07-08 07:00,226,보은,160,2.3,24.8,77,986.5,,0.2,9,
2026-07-08 08:00,226,보은,180,1.5,25.0,78,987.0,,0.0,10,
2026-07-08 09:00,226,보은,140,2.6,26.4,71,987.1,,0.1,10,
2026-07-08 10:00,226,보은,160,2.4,25.6,81,987.1,,0.0,10,0.3
2026-07-08 11:00,226,보은,140,1.5,24.8,89,987.3,,0.0,10,1.0
2026-07-08 12:00,226,보은,140,2.0,23.8,95,986.9,,0.0,10,3.7
2026-07-08 13:00,226,보은,160,1.3,24.8,89,986.7,,0.0,10,0.2
2026-07-08 14:00,226,보은,20,1.2,23.2,100,987.0,,0.0,9,16.6
2026-07-08 15:00,226,보은,110,1.1,22.8,100,987.8,,0.0,10,45.9
2026-07-08 16:00,226,보은,0,0.1,23.9,99,987.6,,0.0,10,3.0
2026-07-08 17:00,226,보은,140,0.9,23.5,100,987.2,,0.0,10,5.8
2026-07-08 18:00,226,보은,160,0.9,24.0,100,987.3,,0.0,10,0.2
2026-07-08 19:00,226,보은,0,0.3,23.6,100,987.2,,0.0,10,5.0
2026-07-08 20:00,226,보은,20,0.5,23.5,100,987.4,,0.0,10,1.8
2026-07-08 21:00,226,보은,160,0.9,23.7,100,987.6,,,9,0.8
2026-07-08 22:00,226,보은,160,0.5,23.6,100,987.9,,,6,
2026-07-08 23:00,226,보은,0,0.2,23.5,100,988.2,,,6,
2026-07-09 00:00,226,보은,0,0.2,23.4,100,988.5,,,7,
2026-07-09 01:00,226,보은,0,0.2,23.4,100,988.6,,,10,
2026-07-09 02:00,226,보은,0,0.0,23.4,100,988.6,,,10,
2026-07-09 03:00,226,보은,0,0.2,23.4,100,988.3,,,10,1.4
2026-07-09 04:00,226,보은,250,1.1,23.5,100,988.1,,,10,5.3
2026-07-09 05:00,226,보은,340,2.5,22.7,100,988.5,,,10,44.1
2026-07-09 06:00,226,보은,20,2.4,21.6,100,989.7,,0.0,10,66.3
2026-07-09 07:00,226,보은,270,1.1,21.3,100,989.8,,0.0,9,16.5
2026-07-09 08:00,226,보은,140,0.5,21.8,100,990.2,,0.0,10,
2026-07-09 09:00,226,보은,250,0.5,21.9,100,990.7,,0.0,10,0.0
2026-07-09 10:00,226,보은,0,0.3,21.9,100,990.9,,0.0,10,4.6
2026-07-09 11:00,226,보은,0,0.2,22.1,100,990.9,,0.0,10,2.5
2026-07-09 12:00,226,보은,160,1.4,23.0,100,991.3,,0.0,10,5.1
2026-07-09 13:00,226,보은,180,1.3,23.1,100,991.6,,0.0,10,3.1
2026-07-09 14:00,226,보은,90,1.3,23.6,96,989.9,,0.0,10,1.0
2026-07-09 15:00,226,보은,50,1.3,25.1,88,990.5,,0.2,9,
2026-07-09 16:00,226,보은,160,1.4,25.2,84,990.2,,0.1,10,
2026-07-09 17:00,226,보은,110,1.1,25.2,84,990.2,,0.0,10,
2026-07-09 18:00,226,보은,140,0.8,25.1,87,990.3,,0.0,10,
2026-07-09 19:00,226,보은,160,0.7,25.2,85,990.1,,0.4,8,
2026-07-09 20:00,226,보은,180,0.8,23.9,92,990.4,,0.0,10,
2026-07-09 21:00,226,보은,0,0.3,23.2,99,990.8,,,9,0.0
2026-07-09 22:00,226,보은,0,0.0,23.2,100,991.4,,,7,
2026-07-09 23:00,226,보은,0,0.2,22.9,100,991.8,,,7,
2026-07-10 00:00,226,보은,0,0.4,22.3,100,991.8,,,6,
2026-07-10 01:00,226,보은,0,0.0,22.2,100,991.7,,,10,
2026-07-10 02:00,226,보은,160,0.6,22.1,100,991.3,,,8,
2026-07-10 03:00,226,보은,180,1.1,22.0,100,990.8,,,10,
2026-07-10 04:00,226,보은,110,0.9,22.2,100,991.1,,,10,
2026-07-10 05:00,226,보은,0,0.0,22.0,100,991.2,,,9,
2026-07-10 06:00,226,보은,0,0.1,22.1,100,991.3,,0.0,7,
2026-07-10 07:00,226,보은,200,0.5,22.4,100,991.3,,0.0,0,
2026-07-10 08:00,226,보은,20,1.0,23.4,100,992.2,,0.3,6,
2026-07-10 09:00,226,보은,0,0.4,25.4,90,992.8,,0.5,10,
2026-07-10 10:00,226,보은,180,1.4,26.4,85,992.7,,0.1,9,0.0
2026-07-10 11:00,226,보은,140,1.4,27.2,77,992.6,,0.3,8,0.0
2026-07-10 12:00,226,보은,160,1.6,28.2,77,992.8,,0.5,9,
2026-07-10 13:00,226,보은,140,1.1,28.3,74,992.4,,0.0,9,
2026-07-10 14:00,226,보은,200,1.5,29.1,71,991.9,,0.0,9,
2026-07-10 15:00,226,보은,200,1.5,30.7,64,991.6,,0.5,9,
2026-07-10 16:00,226,보은,180,1.7,30.3,64,991.3,,0.6,7,
2026-07-10 17:00,226,보은,160,1.0,30.2,66,991.1,,0.4,7,
2026-07-10 18:00,226,보은,140,1.2,30.1,70,990.7,,0.8,7,
2026-07-10 19:00,226,보은,140,1.1,28.3,80,991.4,,0.3,10,
2026-07-10 20:00,226,보은,50,0.6,24.9,99,991.9,,0.0,7,1.8
2026-07-10 21:00,226,보은,0,0.4,24.4,100,992.6,,,9,
2026-07-10 22:00,226,보은,0,0.3,24.0,100,993.2,,,6,
2026-07-10 23:00,226,보은,0,0.4,23.8,100,993.2,,,8,
2026-07-11 00:00,226,보은,0,0.2,23.8,100,993.6,,,6,
2026-07-11 01:00,226,보은,0,0.3,23.7,100,993.3,,,7,
2026-07-11 02:00,226,보은,0,0.3,23.5,100,993.1,,,0,
2026-07-11 03:00,226,보은,0,0.4,23.5,100,992.8,,,0,
2026-07-11 04:00,226,보은,0,0.1,23.4,100,992.6,,,5,
2026-07-11 05:00,226,보은,0,0.4,23.2,100,992.5,,,6,
2026-07-11 06:00,226,보은,0,0.3,23.1,100,992.8,,0.0,7,
2026-07-11 07:00,226,보은,340,1.1,23.0,100,992.9,,0.0,0,
2026-07-11 08:00,226,보은,20,0.5,23.1,100,993.2,,0.0,0,
2026-07-11 09:00,226,보은,180,0.6,24.5,100,993.3,,0.0,0,
2026-07-11 10:00,226,보은,320,0.5,27.4,85,992.8,,0.9,7,
2026-07-11 11:00,226,보은,20,1.0,29.5,77,992.7,,1.0,4,
2026-07-11 12:00,226,보은,70,0.7,30.6,67,992.8,,1.0,6,
2026-07-11 13:00,226,보은,340,0.8,31.3,63,992.7,,1.0,7,
2026-07-11 14:00,226,보은,340,1.0,32.0,61,992.1,,0.9,8,
2026-07-11 15:00,226,보은,340,0.6,31.6,63,991.8,,0.4,8,
2026-07-11 16:00,226,보은,70,1.1,31.6,63,991.6,,0.6,7,
2026-07-11 17:00,226,보은,50,0.5,31.6,67,991.1,,0.4,5,
2026-07-11 18:00,226,보은,0,0.4,31.2,68,991.2,,0.5,5,
2026-07-11 19:00,226,보은,0,0.4,29.4,83,991.5,,0.3,5,
2026-07-11 20:00,226,보은,0,0.1,27.8,89,991.2,,0.1,3,
2026-07-11 21:00,226,보은,0,0.2,26.9,96,991.8,,,0,
2026-07-11 22:00,226,보은,0,0.2,26.7,98,992.5,,,0,
2026-07-11 23:00,226,보은,0,0.4,26.0,100,992.7,,,7,
2026-07-12 00:00,226,보은,180,0.7,25.5,100,992.9,,,0,
2026-07-12 01:00,226,보은,0,0.2,25.2,100,992.7,,,0,
2026-07-12 02:00,226,보은,0,0.4,24.7,100,992.0,,,0,
2026-07-12 03:00,226,보은,0,0.3,24.4,100,991.3,,,0,
2026-07-12 04:00,226,보은,50,0.6,24.3,100,991.3,,,0,
2026-07-12 05:00,226,보은,0,0.3,24.1,100,991.8,,,0,
2026-07-12 06:00,226,보은,340,0.6,24.2,100,992.3,,0.0,0,
2026-07-12 07:00,226,보은,340,1.1,24.4,100,992.4,,0.0,0,
2026-07-12 08:00,226,보은,340,0.5,26.2,94,992.8,,0.6,0,
2026-07-12 09:00,226,보은,180,1.0,28.3,79,992.4,,1.0,0,
2026-07-12 10:00,226,보은,180,3.0,30.1,69,992.3,,1.0,0,
2026-07-12 11:00,226,보은,180,3.4,30.6,65,992.5,,1.0,3,
2026-07-12 12:00,226,보은,160,1.9,31.3,62,992.2,,0.8,6,
2026-07-12 13:00,226,보은,180,2.0,32.2,61,991.6,,0.9,5,
2026-07-12 14:00,226,보은,180,1.9,32.7,61,991.0,,0.8,5,
2026-07-12 15:00,226,보은,140,2.1,31.9,62,990.8,,0.6,6,
2026-07-12 16:00,226,보은,140,1.6,32.7,62,990.6,,0.5,5,
2026-07-12 17:00,226,보은,140,1.5,32.4,63,990.4,,0.7,5,
2026-07-12 18:00,226,보은,160,1.7,32.1,66,990.5,,1.0,4,
2026-07-12 19:00,226,보은,0,0.1,31.3,69,991.0,,1.0,6,
2026-07-12 20:00,226,보은,0,0.4,29.4,77,991.2,,0.2,5,
2026-07-12 21:00,226,보은,0,0.3,28.0,85,991.7,,,5,
2026-07-12 22:00,226,보은,70,0.7,26.7,91,992.1,,,5,
2026-07-12 23:00,226,보은,0,0.4,25.9,95,992.0,,,0,
2026-07-13 00:00,226,보은,0,0.4,25.4,98,991.9,,,0,
2026-07-13 01:00,226,보은,0,0.2,24.7,100,991.8,,,4,
2026-07-13 02:00,226,보은,360,0.5,24.2,100,991.8,,,5,
2026-07-13 03:00,226,보은,0,0.3,23.9,100,991.5,,,1,
2026-07-13 04:00,226,보은,0,0.1,23.4,100,991.5,,,1,
2026-07-13 05:00,226,보은,0,0.1,23.3,100,991.4,,,1,
2026-07-13 06:00,226,보은,0,0.3,23.4,100,991.5,,0.0,0,
2026-07-13 07:00,226,보은,0,0.4,23.8,100,991.5,,0.2,0,
2026-07-13 08:00,226,보은,360,0.5,26.1,91,991.5,,1.0,0,
2026-07-13 09:00,226,보은,180,1.2,28.6,78,991.3,,1.0,3,
2026-07-13 10:00,226,보은,200,0.9,29.7,71,991.4,,1.0,2,
2026-07-13 11:00,226,보은,180,2.1,30.5,65,991.2,,0.7,4,
2026-07-13 12:00,226,보은,200,1.5,30.9,62,990.8,,0.4,7,
2026-07-13 13:00,226,보은,320,0.7,31.9,59,990.4,,0.3,6,
2026-07-13 14:00,226,보은,200,2.4,32.5,59,989.9,,0.7,7,
2026-07-13 15:00,226,보은,180,2.4,32.8,54,989.3,,1.0,0,
2026-07-13 16:00,226,보은,230,2.3,33.6,53,988.8,,1.0,5,
2026-07-13 17:00,226,보은,180,3.1,32.9,56,988.3,,1.0,3,
2026-07-13 18:00,226,보은,180,2.4,32.2,57,988.2,,1.0,0,
2026-07-13 19:00,226,보은,230,1.2,31.2,57,988.3,,1.0,0,
2026-07-13 20:00,226,보은,140,0.5,28.0,76,988.7,,0.5,0,
2026-07-13 21:00,226,보은,0,0.1,26.5,86,989.5,,,0,
2026-07-13 22:00,226,보은,0,0.1,26.0,87,989.6,,,0,
2026-07-13 23:00,226,보은,0,0.2,25.1,94,989.6,,,0,
2026-07-14 00:00,226,보은,0,0.2,24.6,97,989.7,,,0,
2026-07-14 01:00,226,보은,0,0.3,24.1,98,989.8,,,0,
2026-07-14 02:00,226,보은,0,0.0,23.5,100,989.5,,,0,
2026-07-14 03:00,226,보은,0,0.0,23.3,100,989.4,,,1,
2026-07-14 04:00,226,보은,160,0.6,23.1,100,989.3,,,4,
2026-07-14 05:00,226,보은,180,0.5,23.6,100,989.0,,,9,
2026-07-14 06:00,226,보은,20,0.5,23.6,100,989.1,,0.0,9,
2026-07-14 07:00,226,보은,0,0.0,24.5,96,988.9,,0.0,7,
2026-07-14 08:00,226,보은,0,0.2,26.6,85,988.7,,0.4,6,
2026-07-14 09:00,226,보은,180,2.5,28.6,71,988.5,,1.0,5,
2026-07-14 10:00,226,보은,160,2.6,29.7,68,988.1,,1.0,5,
2026-07-14 11:00,226,보은,160,3.7,30.6,66,987.3,,0.8,6,
2026-07-14 12:00,226,보은,180,3.2,30.7,65,986.9,,0.3,8,
2026-07-14 13:00,226,보은,180,3.5,32.1,58,986.0,,0.3,6,
2026-07-14 14:00,226,보은,180,3.4,32.1,58,985.3,,0.6,8,
2026-07-14 15:00,226,보은,180,3.2,31.8,60,984.6,,0.3,8,
2026-07-14 16:00,226,보은,180,3.8,31.0,61,984.1,,0.3,8,
2026-07-14 17:00,226,보은,180,2.9,30.9,63,983.3,,0.2,8,
2026-07-14 18:00,226,보은,180,3.5,29.7,65,982.9,,0.1,8,
2026-07-14 19:00,226,보은,180,3.7,29.4,65,982.7,,0.0,8,
2026-07-14 20:00,226,보은,180,3.7,29.0,67,982.3,,0.0,10,
2026-07-14 21:00,226,보은,180,5.7,29.0,67,982.3,,,10,
2026-07-14 22:00,226,보은,180,3.9,27.6,78,982.2,,,10,0.1
2026-07-14 23:00,226,보은,180,2.6,25.9,91,981.6,,,10,1.3
2026-07-15 00:00,226,보은,180,3.0,25.4,95,981.0,,,10,2.0
2026-07-15 01:00,226,보은,180,2.9,25.8,93,980.8,,,10,
2026-07-15 02:00,226,보은,180,3.7,26.0,93,980.6,,,10,0.3
2026-07-15 03:00,226,보은,200,1.6,25.4,97,980.5,,,10,1.5
2026-07-15 04:00,226,보은,200,1.4,25.2,99,980.6,,,10,1.9
2026-07-15 05:00,226,보은,230,1.5,25.6,96,980.9,,,7,0.5
2026-07-15 06:00,226,보은,250,1.9,25.8,95,981.1,,0.0,10,0.0
2026-07-15 07:00,226,보은,250,1.6,25.9,94,981.3,,0.0,9,
2026-07-15 08:00,226,보은,250,1.2,25.8,95,981.4,,0.0,9,
2026-07-15 09:00,226,보은,250,1.6,26.3,90,981.6,,0.0,9,
2026-07-15 10:00,226,보은,250,2.8,27.0,83,981.8,,0.0,9,
2026-07-15 11:00,226,보은,250,3.4,28.2,70,982.0,,0.6,7,
2026-07-15 12:00,226,보은,270,3.2,28.3,70,982.1,,0.8,6,
2026-07-15 13:00,226,보은,270,4.2,29.1,62,982.3,,0.7,6,
2026-07-15 14:00,226,보은,270,3.1,28.8,65,982.2,,0.6,0,
2026-07-15 15:00,226,보은,320,2.7,28.6,63,982.3,,0.5,0,
2026-07-15 16:00,226,보은,270,2.7,28.8,60,982.2,,0.6,0,
2026-07-15 17:00,226,보은,320,1.7,28.6,63,982.7,,0.6,4,
2026-07-15 18:00,226,보은,270,2.6,28.7,60,983.1,,0.8,3,
2026-07-15 19:00,226,보은,290,1.1,27.0,66,983.3,,0.2,7,
2026-07-15 20:00,226,보은,290,1.8,26.1,69,983.6,,0.0,10,
2026-07-15 21:00,226,보은,320,1.0,25.2,72,984.0,,,10,
2026-07-15 22:00,226,보은,0,0.3,23.9,83,984.6,,,10,
2026-07-15 23:00,226,보은,0,0.4,22.9,88,984.7,,,7,
2026-07-16 00:00,226,보은,0,0.2,22.4,92,984.8,,,9,
2026-07-16 01:00,226,보은,0,0.4,22.4,94,984.9,,,10,
2026-07-16 02:00,226,보은,0,0.3,22.2,97,984.5,,,10,
2026-07-16 03:00,226,보은,0,0.1,22.4,96,984.6,,,10,
2026-07-16 04:00,226,보은,0,0.0,22.1,99,984.9,,,10,
2026-07-16 05:00,226,보은,360,0.8,21.7,100,984.8,,,6,
2026-07-16 06:00,226,보은,340,0.5,21.9,100,984.9,,0.0,9,
2026-07-16 07:00,226,보은,340,1.1,23.6,92,985.3,,0.3,8,
2026-07-16 08:00,226,보은,360,1.3,24.2,87,985.5,,0.1,7,
2026-07-16 09:00,226,보은,340,1.3,25.2,80,985.4,,0.3,8,
2026-07-16 10:00,226,보은,320,0.9,26.4,74,985.1,,0.9,6,
2026-07-16 11:00,226,보은,320,1.5,28.0,74,985.0,,0.2,8,
2026-07-16 12:00,226,보은,200,1.9,28.1,71,984.7,,0.4,10,
2026-07-16 13:00,226,보은,270,2.7,27.8,73,984.8,,0.0,10,
2026-07-16 14:00,226,보은,340,1.2,28.2,71,984.3,,0.0,10,
2026-07-16 15:00,226,보은,340,1.1,28.7,70,983.9,,0.0,9,
2026-07-16 16:00,226,보은,340,1.4,28.6,70,983.7,,0.3,8,
2026-07-16 17:00,226,보은,290,0.9,28.1,75,983.2,,0.0,10,
2026-07-16 18:00,226,보은,290,1.1,27.7,80,982.8,,0.0,9,
2026-07-16 19:00,226,보은,320,1.0,27.1,83,983.4,,0.0,10,
2026-07-16 20:00,226,보은,20,0.8,26.2,87,982.9,,0.0,9,
2026-07-16 21:00,226,보은,0,0.0,25.6,93,983.6,,,9,
2026-07-16 22:00,226,보은,0,0.0,25.0,98,984.3,,,8,
2026-07-16 23:00,226,보은,0,0.2,25.0,97,984.5,,,9,
2026-06-16 00:00,135,추풍령,20,0.8,20.8,66,986.7,,,4,
2026-06-16 01:00,135,추풍령,0,0.2,19.4,73,986.8,,,4,
2026-06-16 02:00,135,추풍령,0,0.4,18.5,76,986.7,,,8,
2026-06-16 03:00,135,추풍령,0,0.1,17.9,78,986.5,,,5,
2026-06-16 04:00,135,추풍령,0,0.1,17.1,83,986.3,,,0,
2026-06-16 05:00,135,추풍령,50,0.8,15.9,86,986.8,,,1,
2026-06-16 06:00,135,추풍령,0,0.1,16.1,87,986.8,0.07,0.2,5,
2026-06-16 07:00,135,추풍령,160,0.9,18.9,77,987.1,0.67,1.0,6,
2026-06-16 08:00,135,추풍령,140,1.3,21.2,71,987.2,1.15,1.0,7,
2026-06-16 09:00,135,추풍령,90,2.9,23.2,61,987.6,1.86,1.0,7,
2026-06-16 10:00,135,추풍령,70,3.1,23.9,60,987.3,2.23,1.0,8,
2026-06-16 11:00,135,추풍령,70,3.2,25.9,54,986.8,2.95,1.0,8,
2026-06-16 12:00,135,추풍령,70,4.3,26.3,52,986.4,2.67,1.0,7,
2026-06-16 13:00,135,추풍령,50,1.8,27.8,50,985.5,3.0,1.0,6,
2026-06-16 14:00,135,추풍령,90,3.1,28.6,46,984.8,3.42,1.0,5,
2026-06-16 15:00,135,추풍령,110,3.1,28.4,42,984.4,2.92,0.9,3,
2026-06-16 16:00,135,추풍령,160,2.2,29.7,38,983.9,2.34,0.8,0,
2026-06-16 17:00,135,추풍령,180,2.6,30.1,38,983.8,2.09,1.0,0,
2026-06-16 18:00,135,추풍령,160,2.2,29.1,42,983.7,1.31,1.0,0,
2026-06-16 19:00,135,추풍령,110,2.2,27.3,49,983.9,0.55,1.0,0,
2026-06-16 20:00,135,추풍령,70,2.4,23.9,62,984.0,0.06,0.0,0,
2026-06-16 21:00,135,추풍령,90,3.3,23.7,62,984.5,,,0,
2026-06-16 22:00,135,추풍령,70,2.1,22.6,65,985.1,,,0,
2026-06-16 23:00,135,추풍령,70,1.4,22.4,68,985.2,,,0,
2026-06-17 00:00,135,추풍령,90,1.2,22.0,71,985.1,,,0,
2026-06-17 01:00,135,추풍령,50,1.8,20.9,74,984.9,,,0,
2026-06-17 02:00,135,추풍령,50,1.0,20.5,76,985.0,,,0,
2026-06-17 03:00,135,추풍령,50,1.2,19.1,81,984.5,,,0,
2026-06-17 04:00,135,추풍령,50,1.3,19.1,82,984.6,,,0,
2026-06-17 05:00,135,추풍령,50,1.3,18.3,86,984.5,,,8,
2026-06-17 06:00,135,추풍령,70,3.8,19.7,80,984.6,0.03,0.0,10,
2026-06-17 07:00,135,추풍령,160,1.3,20.7,78,984.5,0.35,0.1,8,
2026-06-17 08:00,135,추풍령,110,1.5,22.1,75,984.5,0.79,0.1,6,
2026-06-17 09:00,135,추풍령,180,2.8,23.3,67,984.7,1.71,0.6,9,
2026-06-17 10:00,135,추풍령,70,3.5,25.2,63,984.0,1.81,0.4,4,
2026-06-17 11:00,135,추풍령,90,2.0,27.0,59,983.7,3.19,1.0,1,
2026-06-17 12:00,135,추풍령,180,2.5,28.3,51,983.2,3.4,1.0,6,
2026-06-17 13:00,135,추풍령,70,2.7,28.7,53,982.4,3.14,0.7,8,
2026-06-17 14:00,135,추풍령,90,2.8,28.1,55,981.9,1.89,0.2,9,
2026-06-17 15:00,135,추풍령,180,3.7,28.9,54,981.5,1.17,0.1,7,
2026-06-17 16:00,135,추풍령,160,2.4,29.0,52,980.9,2.5,0.9,7,
2026-06-17 17:00,135,추풍령,160,1.4,28.5,55,980.4,1.0,0.3,9,
2026-06-17 18:00,135,추풍령,180,2.7,27.7,58,980.4,0.27,0.0,10,0.0
2026-06-17 19:00,135,추풍령,290,2.4,21.8,87,981.6,0.01,0.0,10,1.1
2026-06-17 20:00,135,추풍령,270,2.1,21.2,91,981.8,0.0,0.0,10,1.6
2026-06-17 21:00,135,추풍령,270,2.4,21.2,93,982.5,,,10,0.2
2026-06-17 22:00,135,추풍령,270,0.9,21.1,93,982.3,,,10,1.9
2026-06-17 23:00,135,추풍령,0,0.0,20.8,94,981.7,,,10,0.6
2026-06-18 00:00,135,추풍령,70,1.4,20.6,95,981.6,,,9,0.8
2026-06-18 01:00,135,추풍령,20,0.8,20.5,95,981.7,,,7,0.0
2026-06-18 02:00,135,추풍령,0,0.0,20.7,95,981.4,,,10,0.5
2026-06-18 03:00,135,추풍령,180,0.7,20.7,95,981.5,,,10,1.1
2026-06-18 04:00,135,추풍령,0,0.0,20.3,95,981.4,,,0,0.6
2026-06-18 05:00,135,추풍령,0,0.0,20.2,95,981.2,,,10,0.6
2026-06-18 06:00,135,추풍령,0,0.0,20.3,100,981.4,0.01,0.0,10,0.0
2026-06-18 07:00,135,추풍령,0,0.0,20.7,94,981.4,0.19,0.0,6,0.1
2026-06-18 08:00,135,추풍령,0,0.0,21.7,92,981.6,0.72,0.0,7,0.1
2026-06-18 09:00,135,추풍령,270,1.2,23.1,83,981.5,1.46,0.2,7,
2026-06-18 10:00,135,추풍령,270,1.1,24.5,81,981.0,1.71,0.3,6,
2026-06-18 11:00,135,추풍령,70,0.9,25.5,69,981.0,2.02,0.5,8,
2026-06-18 12:00,135,추풍령,320,0.7,26.2,71,980.9,1.48,0.1,8,
2026-06-18 13:00,135,추풍령,160,1.1,27.2,65,980.4,2.55,0.5,7,
2026-06-18 14:00,135,추풍령,340,0.9,28.4,64,979.7,2.45,0.5,6,
2026-06-18 15:00,135,추풍령,200,1.1,29.5,56,979.3,3.45,1.0,4,
2026-06-18 16:00,135,추풍령,50,1.9,30.1,57,979.1,2.39,0.7,3,
2026-06-18 17:00,135,추풍령,250,1.2,30.0,56,979.0,1.92,1.0,6,
2026-06-18 18:00,135,추풍령,320,0.8,28.0,67,978.9,0.66,0.2,6,
2026-06-18 19:00,135,추풍령,0,0.0,27.0,72,979.2,0.36,0.3,7,
2026-06-18 20:00,135,추풍령,0,0.1,24.3,79,979.6,0.07,0.0,5,
2026-06-18 21:00,135,추풍령,0,0.2,23.0,85,980.0,,,6,
2026-06-18 22:00,135,추풍령,0,0.4,22.2,88,980.4,,,6,
2026-06-18 23:00,135,추풍령,0,0.2,22.2,87,980.8,,,6,
2026-06-19 00:00,135,추풍령,0,0.2,22.5,84,981.0,,,7,
2026-06-19 01:00,135,추풍령,20,1.0,21.6,89,980.9,,,6,
2026-06-19 02:00,135,추풍령,0,0.0,20.9,89,980.9,,,5,
2026-06-19 03:00,135,추풍령,0,0.1,21.2,91,980.9,,,5,
2026-06-19 04:00,135,추풍령,0,0.0,20.4,92,980.6,,,0,
2026-06-19 05:00,135,추풍령,0,0.0,19.8,94,980.6,,,7,
2026-06-19 06:00,135,추풍령,50,0.6,19.6,94,980.9,0.07,0.2,0,
2026-06-19 07:00,135,추풍령,0,0.4,22.3,93,980.5,0.65,1.0,8,
2026-06-19 08:00,135,추풍령,160,1.8,23.7,82,981.0,0.98,0.7,8,
2026-06-19 09:00,135,추풍령,90,1.1,24.6,81,980.8,1.03,0.0,10,
2026-06-19 10:00,135,추풍령,160,1.3,25.3,76,980.6,1.36,0.0,10,
2026-06-19 11:00,135,추풍령,140,3.3,26.9,67,980.4,1.85,0.0,10,
2026-06-19 12:00,135,추풍령,140,4.0,27.6,66,979.8,2.09,0.1,9,
2026-06-19 13:00,135,추풍령,140,4.3,27.7,65,979.3,2.04,0.2,10,
2026-06-19 14:00,135,추풍령,140,2.6,27.6,63,979.2,1.32,0.0,10,
2026-06-19 15:00,135,추풍령,160,3.7,27.7,65,979.1,1.25,0.0,9,0.0
2026-06-19 16:00,135,추풍령,140,2.6,26.2,72,979.0,0.64,0.0,10,0.0
2026-06-19 17:00,135,추풍령,110,0.6,24.9,80,978.7,0.39,0.0,10,0.0
2026-06-19 18:00,135,추풍령,90,2.6,24.2,83,978.5,0.22,0.0,10,
2026-06-19 19:00,135,추풍령,70,1.6,23.9,85,978.5,0.11,0.0,10,0.0
2026-06-19 20:00,135,추풍령,70,3.4,23.3,91,978.3,0.01,0.0,10,0.4
2026-06-19 21:00,135,추풍령,140,2.1,23.1,91,978.3,,,10,0.7
2026-06-19 22:00,135,추풍령,90,2.6,22.6,91,978.2,,,10,2.1
2026-06-19 23:00,135,추풍령,140,3.4,21.9,87,977.9,,,10,5.8
2026-06-20 00:00,135,추풍령,90,2.4,20.7,93,976.6,,,10,5.5
2026-06-20 01:00,135,추풍령,90,4.2,20.2,92,975.7,,,10,5.5
2026-06-20 02:00,135,추풍령,70,4.4,20.3,93,974.2,,,10,5.1
2026-06-20 03:00,135,추풍령,70,4.4,20.2,93,972.6,,,10,3.9
2026-06-20 04:00,135,추풍령,90,2.3,20.2,94,971.3,,,10,7.3
2026-06-20 05:00,135,추풍령,140,2.2,20.3,94,970.7,,,10,5.0
2026-06-20 06:00,135,추풍령,0,0.4,20.3,95,970.1,0.0,0.0,10,2.3
2026-06-20 07:00,135,추풍령,0,0.0,21.0,95,969.5,0.05,0.0,10,0.2
2026-06-20 08:00,135,추풍령,160,0.5,21.2,94,969.1,0.18,0.0,10,0.6
2026-06-20 09:00,135,추풍령,0,0.0,22.2,93,968.8,0.46,0.0,10,0.1
2026-06-20 10:00,135,추풍령,0,0.4,22.5,92,968.4,0.34,0.0,9,0.1
2026-06-20 11:00,135,추풍령,0,0.0,22.8,93,968.7,0.3,0.0,9,0.4
2026-06-20 12:00,135,추풍령,0,0.1,23.8,92,968.7,0.64,0.0,9,0.1
2026-06-20 13:00,135,추풍령,270,4.6,24.5,83,968.9,1.21,0.0,10,
2026-06-20 14:00,135,추풍령,270,7.3,25.1,78,969.3,1.41,0.1,8,
2026-06-20 15:00,135,추풍령,270,8.6,25.1,72,969.8,2.54,0.6,8,
2026-06-20 16:00,135,추풍령,270,7.1,23.7,79,970.9,1.18,0.1,8,
2026-06-20 17:00,135,추풍령,250,5.4,22.8,81,971.3,0.62,0.0,9,
2026-06-20 18:00,135,추풍령,270,5.0,21.8,83,972.2,0.25,0.0,10,0.0
2026-06-20 19:00,135,추풍령,270,4.4,21.2,86,972.9,0.08,0.0,9,0.0
2026-06-20 20:00,135,추풍령,270,3.9,21.0,86,973.4,0.01,0.0,0,0.0
2026-06-20 21:00,135,추풍령,270,3.5,20.6,87,974.2,,,9,0.0
2026-06-20 22:00,135,추풍령,270,4.1,20.7,86,975.1,,,10,0.0
2026-06-20 23:00,135,추풍령,270,4.0,19.7,90,975.8,,,10,0.6
2026-06-21 00:00,135,추풍령,270,3.5,19.3,92,976.1,,,10,1.4
2026-06-21 01:00,135,추풍령,270,2.4,19.0,93,976.5,,,10,0.9
2026-06-21 02:00,135,추풍령,290,1.7,18.9,93,976.7,,,2,0.0
2026-06-21 03:00,135,추풍령,270,3.6,19.0,93,977.4,,,10,
2026-06-21 04:00,135,추풍령,270,2.2,19.1,91,978.3,,,10,
2026-06-21 05:00,135,추풍령,270,1.7,18.7,92,978.7,,,7,
2026-06-21 06:00,135,추풍령,290,1.9,19.2,91,979.4,0.1,0.1,8,
2026-06-21 07:00,135,추풍령,270,1.8,19.3,89,979.8,0.4,0.2,7,
2026-06-21 08:00,135,추풍령,250,2.3,20.7,83,979.9,1.22,0.9,7,
2026-06-21 09:00,135,추풍령,360,0.8,22.5,72,980.4,1.94,0.9,7,
2026-06-21 10:00,135,추풍령,250,2.0,23.5,68,980.7,2.22,0.8,8,
2026-06-21 11:00,135,추풍령,270,2.1,23.9,66,980.9,2.25,0.5,8,
2026-06-21 12:00,135,추풍령,290,1.8,24.8,62,980.6,2.05,0.4,8,
2026-06-21 13:00,135,추풍령,290,2.0,24.6,64,980.3,1.53,0.2,9,
2026-06-21 14:00,135,추풍령,200,1.8,25.7,60,980.0,2.01,0.4,8,
2026-06-21 15:00,135,추풍령,290,1.3,25.3,62,980.4,1.05,0.0,9,
2026-06-21 16:00,135,추풍령,50,2.0,25.2,64,980.2,1.12,0.0,9,
2026-06-21 17:00,135,추풍령,360,0.8,24.8,63,980.2,0.61,0.0,10,
2026-06-21 18:00,135,추풍령,0,0.1,24.6,68,980.2,0.43,0.0,9,
2026-06-21 19:00,135,추풍령,20,1.3,23.3,74,980.4,0.29,0.1,8,
2026-06-21 20:00,135,추풍령,0,0.0,22.7,74,980.9,0.04,0.0,10,
2026-06-21 21:00,135,추풍령,20,0.9,21.5,81,981.4,,,10,
2026-06-21 22:00,135,추풍령,0,0.2,21.3,81,982.1,,,10,
2026-06-21 23:00,135,추풍령,0,0.3,20.7,81,981.7,,,9,
2026-06-22 00:00,135,추풍령,50,1.4,19.8,85,981.3,,,10,
2026-06-22 01:00,135,추풍령,0,0.0,19.7,85,981.3,,,10,
2026-06-22 02:00,135,추풍령,0,0.0,19.2,87,980.9,,,10,
2026-06-22 03:00,135,추풍령,0,0.0,18.8,89,981.0,,,10,
2026-06-22 04:00,135,추풍령,0,0.0,18.9,89,980.8,,,10,
2026-06-22 05:00,135,추풍령,0,0.2,19.2,91,980.7,,,10,
2026-06-22 06:00,135,추풍령,70,1.3,19.2,91,980.7,0.0,0.0,10,
2026-06-22 07:00,135,추풍령,70,1.7,20.0,88,981.4,0.1,0.0,10,
2026-06-22 08:00,135,추풍령,90,2.5,20.7,87,981.6,0.3,0.0,9,
2026-06-22 09:00,135,추풍령,160,2.2,20.8,85,981.5,0.68,0.0,10,
2026-06-22 10:00,135,추풍령,160,1.3,21.2,84,981.7,0.34,0.0,10,
2026-06-22 11:00,135,추풍령,180,1.6,22.2,79,981.4,0.88,0.0,10,
2026-06-22 12:00,135,추풍령,110,2.1,22.8,76,981.3,1.09,0.0,10,
2026-06-22 13:00,135,추풍령,110,2.5,22.3,73,981.1,1.24,0.0,9,
2026-06-22 14:00,135,추풍령,140,2.6,22.7,73,981.0,0.85,0.0,10,
2026-06-22 15:00,135,추풍령,140,2.0,22.0,77,981.2,0.67,0.0,9,
2026-06-22 16:00,135,추풍령,140,3.3,21.9,75,980.6,0.65,0.0,10,
2026-06-22 17:00,135,추풍령,140,3.6,22.0,72,980.4,1.04,0.2,10,
2026-06-22 18:00,135,추풍령,140,2.4,21.5,76,981.2,0.66,0.1,9,
2026-06-22 19:00,135,추풍령,70,2.4,20.7,79,981.3,0.31,0.0,8,
2026-06-22 20:00,135,추풍령,90,1.2,19.3,83,981.6,0.05,0.0,7,
2026-06-22 21:00,135,추풍령,50,1.1,18.7,87,982.3,,,8,
2026-06-22 22:00,135,추풍령,70,1.4,18.7,86,983.1,,,9,
2026-06-22 23:00,135,추풍령,110,1.8,19.0,83,983.0,,,6,
2026-06-23 00:00,135,추풍령,110,2.2,18.5,83,982.9,,,4,
2026-06-23 01:00,135,추풍령,70,1.1,18.2,86,982.7,,,6,
2026-06-23 02:00,135,추풍령,90,2.2,18.1,85,982.3,,,8,
2026-06-23 03:00,135,추풍령,90,3.3,17.7,85,981.9,,,7,
2026-06-23 04:00,135,추풍령,70,2.5,17.2,86,982.2,,,9,
2026-06-23 05:00,135,추풍령,70,3.7,17.2,84,982.2,,,10,
2026-06-23 06:00,135,추풍령,90,2.1,17.2,86,982.8,0.0,0.0,10,
2026-06-23 07:00,135,추풍령,70,2.7,17.7,84,982.9,0.15,0.0,10,
2026-06-23 08:00,135,추풍령,110,3.2,18.0,79,983.1,0.22,0.0,10,
2026-06-23 09:00,135,추풍령,90,4.7,18.5,79,983.4,0.61,0.0,10,
2026-06-23 10:00,135,추풍령,90,4.5,19.3,75,983.6,0.86,0.0,10,
2026-06-23 11:00,135,추풍령,70,4.7,20.0,72,983.7,1.17,0.0,10,
2026-06-23 12:00,135,추풍령,90,4.2,20.7,70,983.5,1.5,0.0,10,
2026-06-23 13:00,135,추풍령,110,2.2,20.7,73,982.9,0.77,0.0,10,
2026-06-23 14:00,135,추풍령,160,3.1,21.2,69,982.6,1.25,0.0,9,
2026-06-23 15:00,135,추풍령,140,3.7,21.5,70,982.5,1.29,0.0,9,
2026-06-23 16:00,135,추풍령,140,3.2,22.7,66,981.9,1.4,0.2,9,
2026-06-23 17:00,135,추풍령,140,3.3,22.2,66,981.7,1.2,0.3,8,
2026-06-23 18:00,135,추풍령,140,3.6,21.4,68,982.2,0.51,0.0,8,
2026-06-23 19:00,135,추풍령,160,5.1,20.2,72,982.7,0.29,0.0,7,
2026-06-23 20:00,135,추풍령,140,2.4,19.7,74,983.0,0.01,0.0,10,
2026-06-23 21:00,135,추풍령,90,5.0,19.5,75,982.9,,,10,
2026-06-23 22:00,135,추풍령,90,2.5,19.0,74,983.5,,,10,
2026-06-23 23:00,135,추풍령,90,3.2,18.5,75,983.7,,,10,
2026-06-24 00:00,135,추풍령,90,4.4,18.2,76,983.4,,,6,
2026-06-24 01:00,135,추풍령,90,3.3,18.0,78,983.0,,,10,
2026-06-24 02:00,135,추풍령,70,2.5,17.7,80,982.5,,,10,
2026-06-24 03:00,135,추풍령,70,3.0,17.5,81,982.4,,,10,
2026-06-24 04:00,135,추풍령,90,4.0,17.3,81,981.8,,,8,
2026-06-24 05:00,135,추풍령,90,4.4,17.5,80,981.9,,,10,
2026-06-24 06:00,135,추풍령,90,4.7,17.8,78,982.0,0.05,0.0,6,
2026-06-24 07:00,135,추풍령,90,2.6,18.1,80,982.2,0.29,0.0,10,
2026-06-24 08:00,135,추풍령,90,2.8,19.0,75,982.4,0.67,0.0,9,
2026-06-24 09:00,135,추풍령,90,4.1,19.7,73,982.0,1.17,0.1,10,
2026-06-24 10:00,135,추풍령,90,4.3,20.3,72,981.5,1.15,0.0,9,
2026-06-24 11:00,135,추풍령,90,4.5,21.3,66,981.5,1.93,0.3,9,
2026-06-24 12:00,135,추풍령,90,4.8,21.6,67,981.1,1.64,0.1,9,
2026-06-24 13:00,135,추풍령,70,5.2,21.7,67,980.4,1.49,0.0,10,
2026-06-24 14:00,135,추풍령,70,4.2,22.2,65,980.5,1.28,0.0,10,
2026-06-24 15:00,135,추풍령,90,4.2,22.3,65,980.1,1.04,0.0,10,
2026-06-24 16:00,135,추풍령,140,5.1,22.1,61,979.7,1.92,0.6,9,
2026-06-24 17:00,135,추풍령,110,3.8,21.7,64,978.8,0.72,0.1,10,
2026-06-24 18:00,135,추풍령,110,3.6,21.0,66,979.3,0.49,0.0,10,
2026-06-24 19:00,135,추풍령,90,3.0,20.5,68,979.7,0.13,0.0,9,
2026-06-24 20:00,135,추풍령,90,3.1,19.8,70,979.9,0.04,0.0,8,
2026-06-24 21:00,135,추풍령,90,3.5,19.7,71,980.0,,,9,
2026-06-24 22:00,135,추풍령,110,2.5,19.5,72,980.3,,,8,
2026-06-24 23:00,135,추풍령,90,3.7,19.2,74,980.0,,,7,
2026-06-25 00:00,135,추풍령,90,3.6,18.8,76,979.5,,,10,
2026-06-25 01:00,135,추풍령,90,2.3,18.7,77,979.0,,,10,
2026-06-25 02:00,135,추풍령,90,2.4,18.5,80,978.2,,,10,
2026-06-25 03:00,135,추풍령,90,2.2,18.5,79,978.1,,,10,
2026-06-25 04:00,135,추풍령,90,2.2,18.3,81,978.0,,,6,
2026-06-25 05:00,135,추풍령,110,1.8,18.2,81,978.4,,,8,
2026-06-25 06:00,135,추풍령,90,1.2,18.1,83,978.4,0.0,0.0,8,
2026-06-25 07:00,135,추풍령,110,1.2,18.7,81,978.2,0.23,0.0,7,
2026-06-25 08:00,135,추풍령,90,1.4,19.2,80,978.1,0.37,0.0,9,
2026-06-25 09:00,135,추풍령,70,1.9,19.7,78,978.0,0.54,0.0,9,
2026-06-25 10:00,135,추풍령,50,1.5,20.8,76,978.0,0.71,0.0,10,
2026-06-25 11:00,135,추풍령,90,1.5,22.1,74,978.0,1.21,0.0,10,
2026-06-25 12:00,135,추풍령,200,0.8,22.3,72,977.4,2.01,0.1,9,
2026-06-25 13:00,135,추풍령,90,1.8,22.3,73,976.7,1.19,0.0,9,
2026-06-25 14:00,135,추풍령,90,0.8,23.6,72,976.2,1.56,0.0,8,
2026-06-25 15:00,135,추풍령,140,1.7,23.2,73,975.9,1.02,0.0,9,
2026-06-25 16:00,135,추풍령,20,0.5,21.9,82,975.9,0.44,0.0,8,
2026-06-25 17:00,135,추풍령,270,1.5,21.3,84,976.0,0.48,0.0,8,0.0
2026-06-25 18:00,135,추풍령,320,0.6,22.1,81,976.0,0.85,0.2,8,0.0
2026-06-25 19:00,135,추풍령,0,0.0,22.2,81,976.1,0.28,0.2,8,
2026-06-25 20:00,135,추풍령,50,0.6,20.1,87,976.3,0.09,0.0,5,
2026-06-25 21:00,135,추풍령,0,0.2,19.0,91,976.5,,,6,
2026-06-25 22:00,135,추풍령,0,0.0,19.3,92,976.9,,,6,0.0
2026-06-25 23:00,135,추풍령,290,2.2,20.3,87,977.0,,,6,
2026-06-26 00:00,135,추풍령,270,1.7,19.7,81,976.6,,,3,
2026-06-26 01:00,135,추풍령,270,0.7,19.5,81,977.1,,,2,
2026-06-26 02:00,135,추풍령,270,1.4,19.5,79,977.2,,,1,
2026-06-26 03:00,135,추풍령,290,2.2,19.1,82,976.7,,,0,
2026-06-26 04:00,135,추풍령,250,0.9,17.7,86,976.9,,,0,
2026-06-26 05:00,135,추풍령,340,1.1,17.2,90,977.1,,,0,
2026-06-26 06:00,135,추풍령,290,2.3,18.5,90,977.3,0.05,0.0,1,
2026-06-26 07:00,135,추풍령,270,2.5,19.2,82,977.7,0.51,0.4,0,
2026-06-26 08:00,135,추풍령,270,3.1,20.2,77,978.0,1.04,0.7,0,
2026-06-26 09:00,135,추풍령,270,3.7,21.7,72,978.0,1.91,0.9,4,
2026-06-26 10:00,135,추풍령,270,2.8,22.3,67,978.2,1.95,0.5,6,
2026-06-26 11:00,135,추풍령,250,1.0,23.4,59,978.1,2.64,0.7,5,
2026-06-26 12:00,135,추풍령,250,1.9,25.1,54,977.5,3.12,0.8,5,
2026-06-26 13:00,135,추풍령,250,1.8,26.1,51,976.9,3.51,0.9,2,
2026-06-26 14:00,135,추풍령,250,2.8,26.6,49,976.5,3.67,1.0,2,
2026-06-26 15:00,135,추풍령,290,2.4,26.9,48,976.3,3.45,1.0,3,
2026-06-26 16:00,135,추풍령,250,2.2,26.2,51,976.2,2.08,0.7,3,
2026-06-26 17:00,135,추풍령,340,1.2,25.6,55,976.1,0.87,0.2,3,
2026-06-26 18:00,135,추풍령,340,1.4,26.0,53,976.3,0.91,0.7,3,
2026-06-26 19:00,135,추풍령,320,1.7,24.5,59,976.8,0.59,1.0,6,
2026-06-26 20:00,135,추풍령,20,1.2,21.3,72,977.1,0.07,0.0,5,
2026-06-26 21:00,135,추풍령,0,0.2,20.1,79,977.7,,,6,
2026-06-26 22:00,135,추풍령,0,0.0,19.3,81,977.9,,,6,
2026-06-26 23:00,135,추풍령,0,0.0,18.2,86,977.7,,,9,
2026-06-27 00:00,135,추풍령,20,1.1,17.9,88,977.7,,,8,
2026-06-27 01:00,135,추풍령,20,1.0,17.6,89,977.3,,,8,
2026-06-27 02:00,135,추풍령,0,0.2,16.6,91,976.9,,,5,
2026-06-27 03:00,135,추풍령,0,0.0,16.2,91,977.0,,,7,
2026-06-27 04:00,135,추풍령,0,0.0,15.5,93,976.8,,,7,
2026-06-27 05:00,135,추풍령,0,0.0,15.1,94,976.7,,,6,
2026-06-27 06:00,135,추풍령,0,0.0,15.6,94,977.0,0.1,0.2,9,
2026-06-27 07:00,135,추풍령,320,0.8,17.9,92,977.2,0.44,0.4,5,
2026-06-27 08:00,135,추풍령,290,2.4,20.8,78,977.2,1.32,1.0,4,
2026-06-27 09:00,135,추풍령,250,2.2,23.0,67,977.4,2.07,1.0,6,
2026-06-27 10:00,135,추풍령,140,1.9,25.3,60,977.4,2.66,1.0,7,
2026-06-27 11:00,135,추풍령,70,1.9,26.1,58,977.4,2.44,1.0,7,
2026-06-27 12:00,135,추풍령,50,2.4,26.8,47,977.5,3.53,1.0,7,
2026-06-27 13:00,135,추풍령,50,3.1,28.3,44,977.1,3.76,1.0,4,
2026-06-27 14:00,135,추풍령,70,3.1,28.2,45,976.7,3.46,1.0,1,
2026-06-27 15:00,135,추풍령,140,2.7,28.5,42,976.5,3.26,1.0,0,
2026-06-27 16:00,135,추풍령,140,3.0,28.6,43,976.5,2.77,1.0,0,
2026-06-27 17:00,135,추풍령,140,3.3,28.2,41,976.2,2.13,1.0,0,
2026-06-27 18:00,135,추풍령,140,2.0,27.7,42,976.5,1.33,1.0,0,
2026-06-27 19:00,135,추풍령,50,1.5,24.4,53,976.9,0.52,0.8,0,
2026-06-27 20:00,135,추풍령,0,0.0,22.7,60,977.4,0.05,0.0,4,
2026-06-27 21:00,135,추풍령,90,0.6,20.2,67,978.3,,,0,
2026-06-27 22:00,135,추풍령,50,0.7,19.8,69,978.8,,,3,
2026-06-27 23:00,135,추풍령,50,1.2,18.8,74,979.2,,,1,
2026-06-28 00:00,135,추풍령,0,0.0,18.7,73,979.3,,,3,
2026-06-28 01:00,135,추풍령,0,0.0,18.3,76,979.7,,,3,
2026-06-28 02:00,135,추풍령,0,0.3,16.8,81,979.6,,,0,
2026-06-28 03:00,135,추풍령,0,0.2,16.1,85,979.6,,,0,
2026-06-28 04:00,135,추풍령,0,0.4,15.3,84,980.0,,,0,
2026-06-28 05:00,135,추풍령,0,0.0,15.1,87,980.4,,,0,
2026-06-28 06:00,135,추풍령,0,0.0,15.0,85,980.4,0.07,0.2,0,
2026-06-28 07:00,135,추풍령,0,0.0,17.5,80,980.8,0.56,1.0,0,
2026-06-28 08:00,135,추풍령,0,0.1,20.9,66,981.2,1.28,1.0,0,
2026-06-28 09:00,135,추풍령,160,2.4,22.7,61,981.4,2.03,1.0,0,
2026-06-28 10:00,135,추풍령,180,1.5,24.7,60,981.3,2.67,1.0,0,
2026-06-28 11:00,135,추풍령,180,1.8,26.2,60,981.5,3.17,1.0,0,
2026-06-28 12:00,135,추풍령,180,1.5,27.7,54,981.2,3.53,1.0,0,
2026-06-28 13:00,135,추풍령,110,2.5,29.0,54,980.7,3.73,0.9,2,
2026-06-28 14:00,135,추풍령,70,2.2,29.0,49,980.5,3.19,0.8,2,
2026-06-28 15:00,135,추풍령,90,2.1,29.5,47,980.0,3.2,1.0,2,
2026-06-28 16:00,135,추풍령,110,0.8,29.5,43,979.9,2.72,1.0,0,
2026-06-28 17:00,135,추풍령,50,1.5,29.8,41,980.0,2.05,1.0,0,
2026-06-28 18:00,135,추풍령,20,1.3,28.7,45,980.0,1.34,1.0,0,
2026-06-28 19:00,135,추풍령,50,2.1,24.8,55,980.2,0.66,1.0,3,
2026-06-28 20:00,135,추풍령,0,0.0,23.2,60,980.8,0.07,0.0,4,
2026-06-28 21:00,135,추풍령,50,1.2,20.8,70,981.5,,,4,
2026-06-28 22:00,135,추풍령,360,0.6,20.3,75,982.6,,,6,
2026-06-28 23:00,135,추풍령,0,0.0,20.3,75,982.9,,,8,
2026-06-29 00:00,135,추풍령,0,0.0,19.0,82,983.3,,,4,
2026-06-29 01:00,135,추풍령,0,0.0,18.7,83,983.2,,,6,
2026-06-29 02:00,135,추풍령,0,0.0,17.9,88,983.4,,,4,
2026-06-29 03:00,135,추풍령,320,0.5,17.7,88,983.4,,,6,
2026-06-29 04:00,135,추풍령,0,0.0,17.5,89,983.3,,,0,
2026-06-29 05:00,135,추풍령,0,0.0,17.0,92,983.5,,,0,
2026-06-29 06:00,135,추풍령,0,0.0,17.1,93,983.9,0.05,0.2,0,
2026-06-29 07:00,135,추풍령,0,0.0,19.3,87,984.2,0.56,1.0,0,
2026-06-29 08:00,135,추풍령,0,0.1,22.7,78,984.0,1.21,1.0,0,
2026-06-29 09:00,135,추풍령,250,0.9,24.1,68,984.1,1.91,1.0,0,
2026-06-29 10:00,135,추풍령,200,0.7,25.7,60,983.9,2.57,1.0,0,
2026-06-29 11:00,135,추풍령,160,2.1,27.6,57,983.9,3.08,1.0,0,
2026-06-29 12:00,135,추풍령,90,3.2,28.5,58,983.6,3.47,1.0,5,
2026-06-29 13:00,135,추풍령,140,2.1,28.3,55,983.6,3.37,1.0,7,
2026-06-29 14:00,135,추풍령,90,2.6,28.3,57,983.3,2.98,1.0,8,
2026-06-29 15:00,135,추풍령,90,3.5,29.3,47,982.9,3.11,1.0,2,
2026-06-29 16:00,135,추풍령,70,2.3,29.7,47,982.4,2.73,1.0,4,
2026-06-29 17:00,135,추풍령,70,2.7,29.3,51,982.2,1.98,1.0,0,
2026-06-29 18:00,135,추풍령,70,1.9,29.2,52,982.2,1.28,1.0,3,
2026-06-29 19:00,135,추풍령,160,1.8,28.2,50,982.6,0.55,0.8,0,
2026-06-29 20:00,135,추풍령,20,1.0,24.8,64,982.9,0.04,0.0,3,
2026-06-29 21:00,135,추풍령,0,0.2,22.6,71,983.6,,,6,
2026-06-29 22:00,135,추풍령,20,1.0,22.5,70,984.4,,,7,
2026-06-29 23:00,135,추풍령,50,1.7,21.1,78,984.3,,,8,
2026-06-30 00:00,135,추풍령,0,0.0,21.2,79,984.3,,,10,
2026-06-30 01:00,135,추풍령,0,0.0,21.7,77,984.8,,,8,
2026-06-30 02:00,135,추풍령,0,0.0,21.1,82,984.9,,,6,
2026-06-30 03:00,135,추풍령,50,1.1,20.7,83,984.6,,,8,
2026-06-30 04:00,135,추풍령,0,0.0,20.7,81,984.8,,,8,
2026-06-30 05:00,135,추풍령,70,1.5,20.0,83,984.8,,,6,
2026-06-30 06:00,135,추풍령,70,1.2,19.8,84,984.9,0.02,0.0,3,
2026-06-30 07:00,135,추풍령,0,0.0,20.7,81,985.0,0.21,0.0,9,
2026-06-30 08:00,135,추풍령,0,0.3,22.1,77,984.7,0.74,0.0,6,
2026-06-30 09:00,135,추풍령,110,0.7,23.8,71,984.8,1.76,1.0,3,
2026-06-30 10:00,135,추풍령,110,1.3,26.1,68,984.5,2.53,1.0,5,
2026-06-30 11:00,135,추풍령,160,1.9,26.2,65,984.3,2.89,0.8,6,
2026-06-30 12:00,135,추풍령,140,2.2,27.7,64,983.7,3.53,0.9,7,
2026-06-30 13:00,135,추풍령,70,2.5,28.2,59,983.1,3.46,0.9,3,
2026-06-30 14:00,135,추풍령,140,2.8,28.8,55,982.7,3.23,0.9,3,
2026-06-30 15:00,135,추풍령,90,2.3,29.2,53,981.9,3.09,1.0,1,
2026-06-30 16:00,135,추풍령,90,1.6,29.6,48,981.6,2.61,1.0,2,
2026-06-30 17:00,135,추풍령,70,2.2,29.1,51,981.2,1.98,1.0,5,
2026-06-30 18:00,135,추풍령,70,2.0,28.3,53,981.0,1.12,0.9,6,
2026-06-30 19:00,135,추풍령,0,0.1,26.3,63,981.3,0.3,0.3,7,
2026-06-30 20:00,135,추풍령,0,0.0,25.3,65,981.4,0.04,0.0,10,
2026-06-30 21:00,135,추풍령,0,0.1,25.5,65,981.8,,,10,
2026-06-30 22:00,135,추풍령,0,0.0,24.3,70,982.3,,,7,
2026-06-30 23:00,135,추풍령,0,0.1,23.2,75,982.2,,,8,
2026-07-01 00:00,135,추풍령,50,1.3,21.2,84,982.1,,,9,
2026-07-01 01:00,135,추풍령,0,0.0,21.3,85,981.7,,,9,
2026-07-01 02:00,135,추풍령,70,0.8,20.5,87,981.5,,,9,
2026-07-01 03:00,135,추풍령,0,0.4,20.2,90,981.2,,,10,
2026-07-01 04:00,135,추풍령,0,0.3,20.5,88,981.3,,,10,
2026-07-01 05:00,135,추풍령,90,2.6,20.7,85,980.5,,,10,
2026-07-01 06:00,135,추풍령,90,3.4,20.6,83,980.1,0.0,0.0,10,0.0
2026-07-01 07:00,135,추풍령,90,3.4,20.1,85,980.6,0.02,0.0,10,0.0
2026-07-01 08:00,135,추풍령,90,2.5,20.0,88,980.5,0.23,0.0,10,0.1
2026-07-01 09:00,135,추풍령,140,2.5,20.0,84,980.3,0.29,0.0,10,0.0
2026-07-01 10:00,135,추풍령,90,1.6,19.5,88,980.2,0.27,0.0,10,0.3
2026-07-01 11:00,135,추풍령,140,2.0,19.7,89,979.8,0.43,0.0,10,0.8
2026-07-01 12:00,135,추풍령,90,4.1,20.5,85,979.1,1.14,0.0,10,0.1
2026-07-01 13:00,135,추풍령,70,3.9,21.7,80,979.0,1.69,0.0,10,0.0
2026-07-01 14:00,135,추풍령,90,4.2,22.8,73,978.7,2.27,0.1,9,
2026-07-01 15:00,135,추풍령,90,2.7,22.2,75,978.6,0.94,0.0,10,
2026-07-01 16:00,135,추풍령,50,2.9,22.1,78,978.4,0.48,0.0,10,
2026-07-01 17:00,135,추풍령,70,3.1,21.6,78,978.4,0.55,0.0,10,
2026-07-01 18:00,135,추풍령,110,2.4,21.6,76,978.4,0.41,0.0,9,
2026-07-01 19:00,135,추풍령,90,3.1,21.2,77,979.2,0.13,0.0,10,
2026-07-01 20:00,135,추풍령,90,2.6,20.1,82,979.9,0.03,0.0,8,
2026-07-01 21:00,135,추풍령,140,1.8,19.7,84,980.4,,,10,
2026-07-01 22:00,135,추풍령,140,1.8,19.2,86,980.5,,,8,
2026-07-01 23:00,135,추풍령,140,1.8,19.5,85,980.8,,,10,
2026-07-02 00:00,135,추풍령,0,0.2,18.9,88,980.4,,,10,
2026-07-02 01:00,135,추풍령,0,0.0,18.8,89,980.6,,,6,
2026-07-02 02:00,135,추풍령,50,1.1,17.2,91,980.7,,,0,
2026-07-02 03:00,135,추풍령,0,0.0,17.7,92,980.8,,,3,
2026-07-02 04:00,135,추풍령,0,0.2,17.1,93,980.9,,,3,
2026-07-02 05:00,135,추풍령,0,0.0,16.9,93,981.0,,,3,
2026-07-02 06:00,135,추풍령,0,0.1,16.7,93,981.4,0.05,0.2,1,
2026-07-02 07:00,135,추풍령,0,0.1,18.8,89,981.8,0.55,1.0,1,
2026-07-02 08:00,135,추풍령,140,0.6,21.4,77,982.0,1.24,1.0,1,
2026-07-02 09:00,135,추풍령,160,2.4,23.0,70,982.3,1.73,1.0,3,
2026-07-02 10:00,135,추풍령,200,1.7,24.8,64,982.7,2.64,1.0,4,
2026-07-02 11:00,135,추풍령,140,1.7,26.3,60,982.6,3.17,1.0,6,
2026-07-02 12:00,135,추풍령,160,1.7,26.2,57,982.2,3.48,0.9,6,
2026-07-02 13:00,135,추풍령,20,1.0,27.6,57,982.0,3.21,0.8,7,
2026-07-02 14:00,135,추풍령,70,2.5,28.8,56,981.8,2.52,0.4,7,
2026-07-02 15:00,135,추풍령,90,2.1,27.2,57,981.8,1.58,0.3,9,
2026-07-02 16:00,135,추풍령,270,2.3,24.2,73,981.7,0.33,0.0,9,0.0
2026-07-02 17:00,135,추풍령,70,0.8,26.1,65,981.5,1.26,0.3,6,
2026-07-02 18:00,135,추풍령,0,0.3,25.3,72,981.5,0.35,0.0,10,
2026-07-02 19:00,135,추풍령,340,2.3,22.7,79,982.3,0.12,0.0,8,0.0
2026-07-02 20:00,135,추풍령,320,0.9,22.0,85,982.7,0.02,0.0,10,0.0
2026-07-02 21:00,135,추풍령,320,1.3,20.6,92,983.8,,,10,6.6
2026-07-02 22:00,135,추풍령,290,0.7,20.6,94,984.4,,,10,4.3
2026-07-02 23:00,135,추풍령,0,0.0,20.2,94,984.2,,,8,0.1
2026-07-03 00:00,135,추풍령,0,0.0,20.0,94,984.3,,,8,
2026-07-03 01:00,135,추풍령,0,0.0,19.8,95,984.2,,,7,
2026-07-03 02:00,135,추풍령,0,0.3,19.8,96,984.2,,,9,
2026-07-03 03:00,135,추풍령,0,0.0,19.7,95,984.2,,,9,
2026-07-03 04:00,135,추풍령,50,0.5,19.6,95,984.3,,,7,
2026-07-03 05:00,135,추풍령,0,0.0,19.7,95,984.5,,,7,
2026-07-03 06:00,135,추풍령,50,0.6,19.7,100,984.4,0.02,0.0,7,
2026-07-03 07:00,135,추풍령,0,0.0,20.5,95,984.3,0.34,0.1,7,
2026-07-03 08:00,135,추풍령,0,0.3,21.8,87,984.2,1.14,0.8,7,
2026-07-03 09:00,135,추풍령,160,1.3,23.6,79,984.1,1.72,0.8,6,
2026-07-03 10:00,135,추풍령,140,0.9,24.9,77,983.8,2.31,0.8,4,
2026-07-03 11:00,135,추풍령,90,2.2,26.2,68,983.4,2.47,0.6,7,
2026-07-03 12:00,135,추풍령,180,1.1,26.1,64,983.1,2.35,0.6,8,
2026-07-03 13:00,135,추풍령,180,2.1,28.2,61,982.8,2.95,0.7,9,
2026-07-03 14:00,135,추풍령,140,1.9,27.9,61,982.4,2.45,0.8,9,
2026-07-03 15:00,135,추풍령,250,1.4,28.5,59,982.0,1.82,0.3,9,
2026-07-03 16:00,135,추풍령,180,1.1,27.7,63,981.5,1.41,0.3,9,
2026-07-03 17:00,135,추풍령,250,1.2,27.7,63,981.4,0.88,0.1,8,
2026-07-03 18:00,135,추풍령,270,2.3,27.1,66,981.5,0.76,0.2,7,
2026-07-03 19:00,135,추풍령,0,0.4,26.2,70,981.5,0.3,0.0,7,
2026-07-03 20:00,135,추풍령,290,1.9,24.7,74,981.4,0.05,0.0,8,0.0
2026-07-03 21:00,135,추풍령,50,0.6,22.2,87,981.7,,,9,
2026-07-03 22:00,135,추풍령,0,0.0,21.7,90,981.8,,,9,
2026-07-03 23:00,135,추풍령,0,0.0,21.5,92,981.9,,,9,
2026-07-04 00:00,135,추풍령,0,0.1,21.1,91,981.8,,,10,
2026-07-04 01:00,135,추풍령,320,0.7,21.7,91,981.3,,,10,
2026-07-04 02:00,135,추풍령,0,0.3,21.1,91,981.1,,,9,
2026-07-04 03:00,135,추풍령,0,0.0,20.8,91,980.8,,,10,
2026-07-04 04:00,135,추풍령,0,0.3,21.2,93,980.5,,,9,
2026-07-04 05:00,135,추풍령,20,1.1,20.7,93,979.9,,,10,
2026-07-04 06:00,135,추풍령,0,0.0,21.0,93,980.0,0.02,0.0,9,
2026-07-04 07:00,135,추풍령,0,0.0,22.0,91,980.2,0.25,0.0,9,
2026-07-04 08:00,135,추풍령,250,0.5,23.0,87,980.3,0.47,0.0,9,
2026-07-04 09:00,135,추풍령,270,1.1,23.3,86,980.5,0.59,0.0,8,
2026-07-04 10:00,135,추풍령,230,2.4,25.2,73,979.9,2.35,0.7,7,
2026-07-04 11:00,135,추풍령,230,2.0,27.0,65,979.6,3.05,0.8,7,
2026-07-04 12:00,135,추풍령,200,1.9,27.1,67,978.9,2.13,0.4,9,
2026-07-04 13:00,135,추풍령,160,1.4,27.5,66,978.5,2.28,0.4,8,
2026-07-04 14:00,135,추풍령,290,0.7,28.5,62,978.2,2.04,0.5,8,
2026-07-04 15:00,135,추풍령,270,1.9,29.2,56,977.9,2.47,0.8,8,
2026-07-04 16:00,135,추풍령,250,2.3,28.8,57,978.0,2.13,0.9,8,
2026-07-04 17:00,135,추풍령,270,2.7,28.6,59,978.0,1.61,0.8,8,
2026-07-04 18:00,135,추풍령,290,1.1,28.3,61,977.6,1.08,0.7,7,
2026-07-04 19:00,135,추풍령,320,1.2,26.3,71,977.6,0.34,0.0,8,
2026-07-04 20:00,135,추풍령,20,1.0,24.1,79,977.7,0.06,0.0,10,
2026-07-04 21:00,135,추풍령,50,1.1,23.2,83,978.2,,,9,
2026-07-04 22:00,135,추풍령,0,0.0,23.4,83,978.5,,,10,
2026-07-04 23:00,135,추풍령,0,0.0,22.3,88,978.2,,,8,
2026-07-05 00:00,135,추풍령,50,0.9,21.2,91,978.5,,,8,
2026-07-05 01:00,135,추풍령,50,0.8,21.6,88,978.6,,,10,
2026-07-05 02:00,135,추풍령,270,0.8,21.7,89,977.9,,,8,
2026-07-05 03:00,135,추풍령,0,0.0,21.7,89,977.8,,,10,
2026-07-05 04:00,135,추풍령,0,0.4,21.7,92,977.6,,,10,0.0
2026-07-05 05:00,135,추풍령,70,0.7,21.3,94,978.0,,,10,3.9
2026-07-05 06:00,135,추풍령,90,0.7,21.3,95,978.1,0.0,0.0,10,5.6
2026-07-05 07:00,135,추풍령,0,0.3,21.3,100,978.2,0.03,0.0,10,3.9
2026-07-05 08:00,135,추풍령,0,0.1,21.9,98,978.1,0.28,0.0,10,0.5
2026-07-05 09:00,135,추풍령,0,0.2,22.6,93,977.8,0.45,0.0,10,0.2
2026-07-05 10:00,135,추풍령,160,0.8,24.3,85,977.7,1.53,0.3,9,
2026-07-05 11:00,135,추풍령,200,0.7,24.7,87,977.6,1.48,0.2,10,0.0
2026-07-05 12:00,135,추풍령,160,2.3,23.7,90,977.9,0.8,0.0,10,0.0
2026-07-05 13:00,135,추풍령,0,0.2,23.9,93,977.6,0.37,0.0,10,1.1
2026-07-05 14:00,135,추풍령,360,0.7,27.0,78,976.9,2.71,0.7,8,0.8
2026-07-05 15:00,135,추풍령,250,2.0,28.0,76,976.2,3.0,0.8,8,
2026-07-05 16:00,135,추풍령,50,0.6,27.4,76,975.8,1.35,0.3,6,
2026-07-05 17:00,135,추풍령,110,1.8,25.9,87,975.7,0.68,0.1,7,1.5
2026-07-05 18:00,135,추풍령,110,1.5,26.2,87,975.5,0.7,0.2,8,0.2
2026-07-05 19:00,135,추풍령,360,0.8,25.7,91,976.3,0.33,0.1,7,
2026-07-05 20:00,135,추풍령,20,1.7,24.5,93,976.4,0.02,0.0,10,
2026-07-05 21:00,135,추풍령,50,1.0,22.7,94,977.2,,,9,11.8
2026-07-05 22:00,135,추풍령,20,1.1,22.7,95,977.4,,,9,
2026-07-05 23:00,135,추풍령,0,0.0,22.7,94,977.5,,,9,
2026-07-06 00:00,135,추풍령,360,1.2,22.9,95,977.4,,,10,2.2
2026-07-06 01:00,135,추풍령,0,0.0,22.2,95,977.8,,,10,
2026-07-06 02:00,135,추풍령,0,0.0,22.2,100,977.6,,,7,0.1
2026-07-06 03:00,135,추풍령,0,0.0,22.2,100,977.5,,,9,0.0
2026-07-06 04:00,135,추풍령,50,0.7,22.2,100,977.8,,,8,
2026-07-06 05:00,135,추풍령,0,0.0,22.2,100,977.8,,,7,
2026-07-06 06:00,135,추풍령,0,0.3,22.1,100,977.3,0.02,0.0,7,
2026-07-06 07:00,135,추풍령,0,0.0,22.8,100,977.8,0.18,0.0,10,
2026-07-06 08:00,135,추풍령,0,0.0,23.1,94,978.1,0.23,0.0,10,
2026-07-06 09:00,135,추풍령,0,0.0,23.3,94,978.4,0.2,0.0,10,0.8
2026-07-06 10:00,135,추풍령,140,1.0,24.7,89,978.4,1.19,0.1,10,0.0
2026-07-06 11:00,135,추풍령,180,2.5,25.7,85,978.4,1.9,0.4,6,
2026-07-06 12:00,135,추풍령,0,0.1,26.9,78,977.8,2.64,0.6,8,
2026-07-06 13:00,135,추풍령,180,1.8,26.8,79,977.8,1.23,0.1,9,
2026-07-06 14:00,135,추풍령,0,0.4,28.3,74,977.6,1.91,0.3,7,
2026-07-06 15:00,135,추풍령,180,1.0,28.7,72,977.5,1.39,0.1,8,
2026-07-06 16:00,135,추풍령,200,1.4,28.2,78,977.3,0.79,0.0,9,0.0
2026-07-06 17:00,135,추풍령,200,1.5,29.5,68,977.0,1.42,0.5,6,
2026-07-06 18:00,135,추풍령,270,2.8,29.5,67,977.1,0.95,0.6,2,
2026-07-06 19:00,135,추풍령,0,0.1,28.1,73,977.5,0.42,0.5,8,
2026-07-06 20:00,135,추풍령,0,0.3,26.0,83,978.1,0.04,0.0,7,
2026-07-06 21:00,135,추풍령,0,0.0,25.0,88,978.5,,,9,
2026-07-06 22:00,135,추풍령,0,0.0,24.2,90,979.0,,,0,
2026-07-06 23:00,135,추풍령,0,0.0,23.7,92,979.1,,,6,
2026-07-07 00:00,135,추풍령,0,0.0,23.7,93,979.0,,,8,
2026-07-07 01:00,135,추풍령,0,0.0,23.5,93,978.8,,,8,
2026-07-07 02:00,135,추풍령,0,0.0,23.6,94,979.0,,,8,
2026-07-07 03:00,135,추풍령,0,0.0,23.3,94,978.7,,,8,
2026-07-07 04:00,135,추풍령,0,0.0,23.7,94,978.9,,,9,
2026-07-07 05:00,135,추풍령,0,0.0,23.6,94,979.0,,,10,
2026-07-07 06:00,135,추풍령,270,1.2,23.5,94,979.8,0.0,0.0,10,2.2
2026-07-07 07:00,135,추풍령,290,0.6,23.2,95,980.4,0.0,0.0,10,9.5
2026-07-07 08:00,135,추풍령,290,2.0,22.6,95,981.0,0.0,0.0,10,13.9
2026-07-07 09:00,135,추풍령,140,2.3,22.5,100,980.5,0.03,0.0,10,16.7
2026-07-07 10:00,135,추풍령,0,0.0,23.2,95,980.7,0.41,0.0,10,1.8
2026-07-07 11:00,135,추풍령,160,1.8,25.1,87,980.4,1.95,0.5,8,
2026-07-07 12:00,135,추풍령,180,1.6,26.3,82,980.1,2.22,0.6,7,
2026-07-07 13:00,135,추풍령,180,2.8,28.1,74,979.8,3.6,1.0,8,
2026-07-07 14:00,135,추풍령,160,1.9,29.3,72,979.2,3.48,0.9,7,
2026-07-07 15:00,135,추풍령,70,2.7,28.6,78,978.7,1.69,0.3,10,
2026-07-07 16:00,135,추풍령,70,2.4,29.0,78,978.5,0.93,0.1,9,
2026-07-07 17:00,135,추풍령,90,2.5,28.6,80,978.1,0.99,0.2,8,
2026-07-07 18:00,135,추풍령,90,2.9,28.7,80,978.0,1.08,0.7,7,
2026-07-07 19:00,135,추풍령,90,2.3,27.6,84,978.2,0.29,0.0,4,
2026-07-07 20:00,135,추풍령,70,1.8,26.4,86,978.2,0.03,0.0,0,
2026-07-07 21:00,135,추풍령,70,2.0,25.7,87,978.6,,,7,
2026-07-07 22:00,135,추풍령,50,2.0,25.1,86,979.2,,,7,
2026-07-07 23:00,135,추풍령,110,1.7,25.2,84,979.3,,,8,
2026-07-08 00:00,135,추풍령,90,1.4,24.5,87,979.3,,,10,
2026-07-08 01:00,135,추풍령,70,2.4,23.3,89,978.8,,,8,
2026-07-08 02:00,135,추풍령,70,1.6,22.6,89,978.4,,,8,
2026-07-08 03:00,135,추풍령,70,1.9,21.7,91,978.0,,,10,
2026-07-08 04:00,135,추풍령,50,1.2,22.7,85,978.3,,,7,
2026-07-08 05:00,135,추풍령,200,1.0,22.2,86,978.5,,,7,
2026-07-08 06:00,135,추풍령,200,2.0,22.6,87,978.5,0.03,0.0,7,
2026-07-08 07:00,135,추풍령,230,0.6,24.6,80,978.8,0.44,0.6,6,
2026-07-08 08:00,135,추풍령,200,1.0,24.8,80,979.0,0.85,0.3,9,
2026-07-08 09:00,135,추풍령,180,2.1,26.8,74,978.8,1.28,0.2,8,
2026-07-08 10:00,135,추풍령,180,1.7,27.5,71,979.0,1.45,0.2,10,
2026-07-08 11:00,135,추풍령,200,1.6,27.0,74,979.2,1.29,0.1,10,0.0
2026-07-08 12:00,135,추풍령,20,1.0,25.3,89,978.4,0.64,0.0,10,0.6
2026-07-08 13:00,135,추풍령,160,2.0,28.8,70,977.8,1.75,0.2,7,0.2
2026-07-08 14:00,135,추풍령,230,1.9,27.7,77,977.9,0.79,0.0,9,
2026-07-08 15:00,135,추풍령,250,2.8,25.5,89,978.9,0.21,0.0,10,2.1
2026-07-08 16:00,135,추풍령,250,0.7,24.4,87,978.6,0.41,0.0,10,0.5
2026-07-08 17:00,135,추풍령,90,0.5,25.0,86,978.8,0.59,0.1,9,0.3
2026-07-08 18:00,135,추풍령,0,0.3,23.7,92,978.6,0.17,0.0,10,0.3
2026-07-08 19:00,135,추풍령,320,0.5,23.3,93,979.0,0.03,0.0,8,1.2
2026-07-08 20:00,135,추풍령,0,0.0,23.5,94,978.8,0.01,0.0,10,
2026-07-08 21:00,135,추풍령,50,0.5,23.5,95,979.2,,,6,
2026-07-08 22:00,135,추풍령,50,0.5,23.7,100,979.6,,,6,
2026-07-08 23:00,135,추풍령,0,0.0,23.7,100,979.7,,,8,
2026-07-09 00:00,135,추풍령,0,0.2,24.1,100,979.9,,,8,
2026-07-09 01:00,135,추풍령,0,0.0,23.7,100,980.0,,,10,
2026-07-09 02:00,135,추풍령,0,0.0,23.7,100,980.0,,,10,
2026-07-09 03:00,135,추풍령,0,0.0,23.6,100,979.7,,,10,0.1
2026-07-09 04:00,135,추풍령,0,0.0,23.7,100,979.7,,,10,0.0
2026-07-09 05:00,135,추풍령,180,1.6,23.7,100,980.1,,,10,2.1
2026-07-09 06:00,135,추풍령,320,0.7,23.9,100,980.6,0.0,0.0,10,5.0
2026-07-09 07:00,135,추풍령,90,2.1,23.1,95,981.2,0.03,0.0,10,2.4
2026-07-09 08:00,135,추풍령,90,1.0,23.7,94,981.8,0.34,0.0,9,
2026-07-09 09:00,135,추풍령,0,0.2,23.8,92,982.1,0.24,0.0,9,0.0
2026-07-09 10:00,135,추풍령,0,0.4,23.3,94,982.2,0.16,0.0,10,2.1
2026-07-09 11:00,135,추풍령,70,1.5,23.3,94,982.2,0.27,0.0,10,6.6
2026-07-09 12:00,135,추풍령,340,1.8,23.2,95,982.9,0.34,0.0,10,11.0
2026-07-09 13:00,135,추풍령,290,2.6,23.7,92,982.5,0.76,0.0,10,6.5
2026-07-09 14:00,135,추풍령,270,1.1,24.2,82,981.5,0.86,0.0,9,0.1
2026-07-09 15:00,135,추풍령,70,1.0,25.2,78,981.6,1.61,0.1,9,
2026-07-09 16:00,135,추풍령,200,0.7,25.7,81,981.5,1.62,0.5,8,
2026-07-09 17:00,135,추풍령,0,0.2,26.7,73,981.2,1.87,0.7,9,
2026-07-09 18:00,135,추풍령,0,0.0,25.7,78,981.7,0.5,0.0,9,
2026-07-09 19:00,135,추풍령,50,0.9,24.6,87,981.6,0.25,0.0,10,
2026-07-09 20:00,135,추풍령,50,0.5,23.7,91,981.9,0.04,0.0,10,0.0
2026-07-09 21:00,135,추풍령,50,0.5,23.2,91,982.2,,,8,
2026-07-09 22:00,135,추풍령,0,0.0,23.1,92,982.7,,,8,
2026-07-09 23:00,135,추풍령,0,0.0,22.4,94,982.9,,,6,
2026-07-10 00:00,135,추풍령,0,0.0,21.9,95,983.2,,,0,
2026-07-10 01:00,135,추풍령,0,0.0,21.8,100,983.3,,,7,
2026-07-10 02:00,135,추풍령,0,0.0,21.7,100,982.8,,,10,0.0
2026-07-10 03:00,135,추풍령,0,0.0,21.5,100,982.3,,,0,
2026-07-10 04:00,135,추풍령,50,1.0,21.2,100,982.3,,,10,0.0
2026-07-10 05:00,135,추풍령,0,0.0,21.3,100,982.5,,,10,
2026-07-10 06:00,135,추풍령,0,0.0,21.6,100,982.7,0.03,0.0,8,
2026-07-10 07:00,135,추풍령,0,0.0,22.7,100,982.9,0.44,0.5,8,
2026-07-10 08:00,135,추풍령,180,0.5,24.2,93,983.5,0.74,0.1,8,
2026-07-10 09:00,135,추풍령,20,0.8,26.1,78,983.9,1.63,0.8,7,
2026-07-10 10:00,135,추풍령,180,0.6,27.1,73,983.9,1.87,0.5,8,
2026-07-10 11:00,135,추풍령,200,1.8,29.1,69,983.9,2.79,0.6,8,
2026-07-10 12:00,135,추풍령,160,1.7,28.8,69,984.1,1.94,0.3,8,
2026-07-10 13:00,135,추풍령,0,0.4,29.4,68,983.8,1.77,0.3,8,
2026-07-10 14:00,135,추풍령,180,1.4,29.9,67,983.3,2.35,0.5,8,
2026-07-10 15:00,135,추풍령,90,1.7,30.1,70,982.9,1.84,0.2,10,
2026-07-10 16:00,135,추풍령,200,1.1,30.6,66,982.6,1.42,0.2,6,
2026-07-10 17:00,135,추풍령,0,0.0,31.2,62,982.4,1.65,0.7,7,
2026-07-10 18:00,135,추풍령,200,2.1,30.1,69,982.3,1.15,0.8,6,
2026-07-10 19:00,135,추풍령,70,1.3,27.9,78,982.8,0.19,0.0,8,0.3
2026-07-10 20:00,135,추풍령,50,1.6,24.8,93,983.1,0.03,0.0,10,5.6
2026-07-10 21:00,135,추풍령,20,0.7,24.4,93,983.7,,,9,
2026-07-10 22:00,135,추풍령,0,0.0,24.0,94,984.2,,,8,
2026-07-10 23:00,135,추풍령,70,0.5,23.7,95,984.6,,,9,
2026-07-11 00:00,135,추풍령,0,0.0,23.3,100,984.8,,,6,
2026-07-11 01:00,135,추풍령,0,0.0,22.8,100,984.5,,,0,
2026-07-11 02:00,135,추풍령,0,0.0,22.5,100,984.3,,,6,
2026-07-11 03:00,135,추풍령,0,0.0,22.0,100,984.0,,,6,
2026-07-11 04:00,135,추풍령,0,0.0,21.8,100,983.8,,,7,
2026-07-11 05:00,135,추풍령,0,0.0,21.5,100,984.0,,,7,
2026-07-11 06:00,135,추풍령,0,0.0,21.2,100,984.1,0.03,0.0,7,
2026-07-11 07:00,135,추풍령,0,0.0,22.1,100,984.4,0.4,0.4,6,
2026-07-11 08:00,135,추풍령,0,0.4,25.1,94,984.3,1.27,1.0,0,
2026-07-11 09:00,135,추풍령,110,2.4,27.5,82,984.4,1.9,1.0,0,
2026-07-11 10:00,135,추풍령,90,2.3,28.4,74,984.2,2.55,1.0,3,
2026-07-11 11:00,135,추풍령,110,2.4,29.8,72,984.2,2.87,1.0,5,
2026-07-11 12:00,135,추풍령,160,2.2,30.3,65,984.0,3.41,1.0,3,
2026-07-11 13:00,135,추풍령,50,1.3,31.0,66,983.8,3.03,0.8,6,
2026-07-11 14:00,135,추풍령,70,1.8,32.0,66,983.3,2.64,0.7,6,
2026-07-11 15:00,135,추풍령,90,2.8,30.7,71,983.1,1.96,0.5,7,
2026-07-11 16:00,135,추풍령,90,2.6,32.1,67,982.7,2.14,0.8,7,
2026-07-11 17:00,135,추풍령,50,2.4,30.2,75,982.3,0.77,0.2,7,
2026-07-11 18:00,135,추풍령,20,2.1,30.6,75,982.7,0.78,0.5,6,
2026-07-11 19:00,135,추풍령,20,1.8,28.8,79,982.9,0.47,0.7,0,
2026-07-11 20:00,135,추풍령,0,0.3,27.2,85,982.8,0.05,0.0,0,
2026-07-11 21:00,135,추풍령,360,1.0,26.0,89,983.3,,,0,
2026-07-11 22:00,135,추풍령,0,0.3,25.2,93,983.9,,,0,
2026-07-11 23:00,135,추풍령,0,0.0,24.7,94,984.0,,,0,
2026-07-12 00:00,135,추풍령,20,0.9,23.8,94,984.3,,,6,
2026-07-12 01:00,135,추풍령,0,0.0,23.6,94,984.1,,,0,
2026-07-12 02:00,135,추풍령,20,0.8,22.6,92,983.5,,,0,
2026-07-12 03:00,135,추풍령,0,0.0,22.0,93,983.1,,,0,
2026-07-12 04:00,135,추풍령,0,0.0,21.8,93,983.0,,,0,
2026-07-12 05:00,135,추풍령,50,0.6,21.4,94,983.2,,,0,
2026-07-12 06:00,135,추풍령,0,0.0,23.6,89,983.7,0.07,0.1,0,
2026-07-12 07:00,135,추풍령,110,0.9,27.1,76,983.6,0.5,1.0,0,
2026-07-12 08:00,135,추풍령,110,2.5,28.2,74,984.1,1.21,1.0,0,
2026-07-12 09:00,135,추풍령,90,3.8,29.0,73,983.9,1.95,1.0,0,
2026-07-12 10:00,135,추풍령,90,3.4,28.6,72,984.2,1.98,0.8,3,
2026-07-12 11:00,135,추풍령,90,2.1,30.2,69,984.0,2.11,0.6,4,
2026-07-12 12:00,135,추풍령,140,3.2,31.6,63,983.6,3.41,1.0,5,
2026-07-12 13:00,135,추풍령,160,4.2,32.0,60,983.0,3.37,0.9,6,
2026-07-12 14:00,135,추풍령,180,4.4,32.5,58,982.4,2.27,0.4,0,
2026-07-12 15:00,135,추풍령,180,3.5,32.9,57,982.2,2.26,0.5,7,
2026-07-12 16:00,135,추풍령,180,3.9,33.0,57,982.1,2.3,0.8,7,
2026-07-12 17:00,135,추풍령,180,3.6,32.7,59,981.9,2.02,1.0,7,
2026-07-12 18:00,135,추풍령,160,4.2,31.1,62,982.1,0.84,0.4,4,
2026-07-12 19:00,135,추풍령,160,2.1,30.1,66,982.7,0.31,0.0,0,
2026-07-12 20:00,135,추풍령,90,0.5,28.7,72,983.0,0.05,0.0,3,
2026-07-12 21:00,135,추풍령,50,0.8,27.6,77,983.4,,,0,
2026-07-12 22:00,135,추풍령,50,0.9,26.5,79,983.8,,,0,
2026-07-12 23:00,135,추풍령,50,1.6,26.0,81,983.7,,,0,
2026-07-13 00:00,135,추풍령,50,1.4,25.5,81,983.6,,,0,
2026-07-13 01:00,135,추풍령,50,1.8,24.1,87,983.4,,,0,
2026-07-13 02:00,135,추풍령,0,0.0,24.8,84,983.1,,,0,
2026-07-13 03:00,135,추풍령,50,1.7,23.3,90,983.0,,,0,
2026-07-13 04:00,135,추풍령,0,0.0,23.1,91,982.9,,,0,
2026-07-13 05:00,135,추풍령,70,0.6,23.1,92,982.8,,,0,
2026-07-13 06:00,135,추풍령,50,1.2,23.5,92,983.0,0.03,0.1,0,
2026-07-13 07:00,135,추풍령,0,0.0,25.4,86,983.0,0.49,1.0,0,
2026-07-13 08:00,135,추풍령,180,1.4,27.1,79,982.8,1.21,1.0,0,
2026-07-13 09:00,135,추풍령,180,1.8,28.4,75,982.7,1.92,1.0,3,
2026-07-13 10:00,135,추풍령,140,1.2,30.1,69,982.8,2.58,1.0,0,
2026-07-13 11:00,135,추풍령,160,2.7,30.6,64,982.3,2.62,0.7,6,
2026-07-13 12:00,135,추풍령,160,3.3,32.0,61,981.9,2.08,0.4,6,
2026-07-13 13:00,135,추풍령,290,1.6,31.7,61,981.6,1.78,0.2,7,
2026-07-13 14:00,135,추풍령,290,1.4,32.3,62,981.2,1.72,0.2,7,
2026-07-13 15:00,135,추풍령,20,1.4,32.2,66,980.8,2.09,0.5,8,
2026-07-13 16:00,135,추풍령,0,0.3,32.0,63,980.3,1.45,0.2,7,
2026-07-13 17:00,135,추풍령,140,2.2,31.6,63,979.9,1.92,0.7,5,
2026-07-13 18:00,135,추풍령,140,2.8,31.2,64,979.8,1.33,0.9,0,
2026-07-13 19:00,135,추풍령,160,2.4,30.0,67,979.8,0.63,0.8,0,
2026-07-13 20:00,135,추풍령,160,1.6,28.0,74,980.3,0.04,0.0,0,
2026-07-13 21:00,135,추풍령,0,0.4,27.3,74,981.1,,,0,
2026-07-13 22:00,135,추풍령,70,0.5,25.2,84,981.4,,,0,
2026-07-13 23:00,135,추풍령,70,0.9,25.0,79,981.2,,,0,
2026-07-14 00:00,135,추풍령,50,1.4,23.7,85,981.0,,,0,
2026-07-14 01:00,135,추풍령,0,0.0,23.7,87,981.3,,,0,
2026-07-14 02:00,135,추풍령,0,0.0,22.7,91,981.0,,,0,
2026-07-14 03:00,135,추풍령,50,0.8,22.2,92,980.8,,,0,
2026-07-14 04:00,135,추풍령,0,0.0,22.2,93,980.8,,,0,
2026-07-14 05:00,135,추풍령,0,0.0,21.7,94,980.7,,,0,
2026-07-14 06:00,135,추풍령,0,0.0,22.5,94,980.6,0.01,0.0,9,
2026-07-14 07:00,135,추풍령,0,0.0,24.8,91,980.4,0.3,0.1,7,
2026-07-14 08:00,135,추풍령,90,0.7,27.0,77,980.4,1.22,1.0,3,
2026-07-14 09:00,135,추풍령,180,1.5,28.1,76,980.2,1.88,1.0,7,
2026-07-14 10:00,135,추풍령,140,2.2,29.5,70,979.8,2.47,1.0,6,
2026-07-14 11:00,135,추풍령,180,2.9,29.6,70,979.1,2.08,0.5,7,
2026-07-14 12:00,135,추풍령,180,2.6,31.0,66,978.6,2.18,0.4,8,
2026-07-14 13:00,135,추풍령,160,1.7,31.3,67,977.7,2.75,0.7,8,
2026-07-14 14:00,135,추풍령,140,2.3,32.1,64,976.8,3.39,0.9,6,
2026-07-14 15:00,135,추풍령,180,3.7,31.7,64,976.0,1.69,0.3,7,
2026-07-14 16:00,135,추풍령,180,3.0,31.1,64,975.4,0.79,0.1,7,
2026-07-14 17:00,135,추풍령,180,3.1,30.3,69,975.1,0.62,0.0,8,
2026-07-14 18:00,135,추풍령,180,3.4,29.5,69,974.6,0.44,0.1,7,
2026-07-14 19:00,135,추풍령,160,4.3,28.5,73,974.6,0.2,0.0,10,
2026-07-14 20:00,135,추풍령,180,2.8,27.9,74,974.4,0.04,0.0,8,
2026-07-14 21:00,135,추풍령,180,3.1,27.6,75,974.2,,,10,
2026-07-14 22:00,135,추풍령,180,1.5,27.2,76,974.0,,,10,
2026-07-14 23:00,135,추풍령,180,3.1,26.6,79,973.6,,,10,0.0
2026-07-15 00:00,135,추풍령,0,0.4,24.8,88,972.9,,,10,0.6
2026-07-15 01:00,135,추풍령,140,0.6,24.7,90,972.3,,,10,0.0
2026-07-15 02:00,135,추풍령,200,1.3,26.1,85,972.2,,,9,0.0
2026-07-15 03:00,135,추풍령,250,1.5,25.7,87,971.8,,,8,0.1
2026-07-15 04:00,135,추풍령,230,0.5,25.2,89,971.9,,,10,0.3
2026-07-15 05:00,135,추풍령,230,0.8,24.8,92,972.1,,,10,1.8
2026-07-15 06:00,135,추풍령,270,2.7,25.5,90,972.1,0.0,0.0,10,0.1
2026-07-15 07:00,135,추풍령,270,3.3,25.6,90,972.2,0.01,0.0,8,0.4
2026-07-15 08:00,135,추풍령,270,4.1,26.1,89,972.2,0.08,0.0,9,0.0
2026-07-15 09:00,135,추풍령,270,3.7,26.3,90,972.6,0.22,0.0,9,2.9
2026-07-15 10:00,135,추풍령,270,6.7,27.8,80,972.8,1.23,0.2,7,
2026-07-15 11:00,135,추풍령,270,6.3,28.7,73,972.8,2.46,0.5,6,
2026-07-15 12:00,135,추풍령,270,7.7,29.4,60,972.8,3.42,1.0,0,
2026-07-15 13:00,135,추풍령,270,8.0,29.6,57,972.8,3.63,1.0,0,
2026-07-15 14:00,135,추풍령,270,5.3,29.4,60,973.1,3.45,1.0,0,
2026-07-15 15:00,135,추풍령,290,5.8,29.4,55,973.1,3.2,1.0,0,
2026-07-15 16:00,135,추풍령,290,6.5,29.2,56,972.9,2.72,1.0,0,
2026-07-15 17:00,135,추풍령,270,6.6,28.7,58,973.2,1.98,1.0,0,
2026-07-15 18:00,135,추풍령,270,7.0,28.1,61,973.5,1.27,1.0,0,
2026-07-15 19:00,135,추풍령,270,6.6,26.7,65,973.9,0.37,0.6,3,
2026-07-15 20:00,135,추풍령,290,4.9,26.2,66,974.3,0.02,0.0,8,
2026-07-15 21:00,135,추풍령,270,3.3,25.6,67,975.0,,,9,
2026-07-15 22:00,135,추풍령,270,3.0,25.1,68,975.3,,,8,
2026-07-15 23:00,135,추풍령,250,3.3,24.5,70,975.7,,,6,
2026-07-16 00:00,135,추풍령,270,3.2,24.2,71,975.5,,,10,
2026-07-16 01:00,135,추풍령,270,4.7,24.1,73,975.8,,,10,
2026-07-16 02:00,135,추풍령,290,3.9,24.0,74,975.6,,,10,
2026-07-16 03:00,135,추풍령,290,2.8,24.2,74,975.4,,,10,
2026-07-16 04:00,135,추풍령,270,3.1,24.1,74,975.8,,,9,
2026-07-16 05:00,135,추풍령,270,2.5,23.5,76,975.6,,,9,
2026-07-16 06:00,135,추풍령,270,2.9,22.3,81,975.9,0.02,0.0,9,
2026-07-16 07:00,135,추풍령,270,1.3,23.4,80,976.1,0.34,0.1,10,
2026-07-16 08:00,135,추풍령,290,2.4,23.8,77,976.7,0.4,0.1,10,
2026-07-16 09:00,135,추풍령,270,2.1,24.2,78,976.7,0.41,0.0,10,
2026-07-16 10:00,135,추풍령,270,2.4,25.1,74,976.4,0.79,0.0,10,
2026-07-16 11:00,135,추풍령,270,3.0,27.5,70,976.4,1.64,0.2,9,
2026-07-16 12:00,135,추풍령,270,4.5,28.0,67,976.1,2.68,0.5,8,
2026-07-16 13:00,135,추풍령,250,2.9,28.8,66,975.6,2.44,0.3,9,
2026-07-16 14:00,135,추풍령,270,4.1,28.0,69,975.6,1.99,0.3,10,
2026-07-16 15:00,135,추풍령,250,3.2,27.0,72,975.3,1.26,0.0,9,
2026-07-16 16:00,135,추풍령,270,2.9,27.5,74,975.0,1.2,0.0,10,
2026-07-16 17:00,135,추풍령,290,1.8,27.2,75,974.7,0.85,0.1,9,
2026-07-16 18:00,135,추풍령,290,2.1,27.2,76,974.4,0.5,0.0,9,
2026-07-16 19:00,135,추풍령,290,1.6,26.3,80,974.4,0.23,0.0,10,
2026-07-16 20:00,135,추풍령,0,0.0,25.7,82,974.7,0.02,0.0,10,
2026-07-16 21:00,135,추풍령,20,0.9,24.3,88,974.9,,,9,
2026-07-16 22:00,135,추풍령,320,2.1,24.7,87,975.4,,,7,
2026-07-16 23:00,135,추풍령,0,0.3,23.8,89,975.8,,,8,
